rouge_1,rouge_2,rouge_L,bert_score,initial_length,summary_length
0.2270450751252086,0.1270903010033444,0.1619365609348914,0.7149149179458618,963,153
0.3289588801399825,0.1770376862401402,0.2344706911636045,0.6983473896980286,860,195
0.2162162162162162,0.1111923920994879,0.1387874360847333,0.7168830633163452,1087,155
0.2603389830508474,0.1412084181941615,0.1545762711864406,0.7324078679084778,1145,191
0.3443946188340807,0.192273135669362,0.2511210762331838,0.706924557685852,840,194
0.3403921568627451,0.199528672427337,0.2603921568627451,0.7238754630088806,972,215
0.3022222222222222,0.188780053428317,0.2222222222222222,0.7312473058700562,807,171
0.3028673835125448,0.1310592459605027,0.1863799283154122,0.681226372718811,829,192
0.2379182156133828,0.1191806331471136,0.1617100371747212,0.6960005164146423,850,129
0.2215568862275449,0.1199400299850075,0.1347305389221557,0.6779733896255493,1094,143
0.200531208499336,0.0837765957446808,0.1075697211155378,0.7097349762916565,1262,148
0.2631578947368421,0.1054613935969868,0.1466165413533834,0.7040926814079285,818,155
0.2595870206489675,0.1458128078817734,0.1533923303834808,0.7065720558166504,806,134
0.1946022727272727,0.0825035561877667,0.1079545454545454,0.684752881526947,1125,155
0.1961722488038277,0.0894568690095846,0.1212121212121212,0.6917764544487,993,134
0.2646198830409356,0.089311859443631,0.1476608187134502,0.6852314472198486,1070,205
0.3300270513976555,0.1806684733514001,0.2073940486925158,0.7338647842407227,835,187
0.3267605633802817,0.1523988711194732,0.184037558685446,0.6821566820144653,803,199
0.3090047393364929,0.2070275403608736,0.2066350710900474,0.7367487549781799,787,164
0.2679558011049723,0.1549100968188105,0.1685082872928177,0.7196558713912964,1120,188
0.3221601489757914,0.1977611940298507,0.2253258845437616,0.709371030330658,813,183
0.343467543138866,0.237037037037037,0.2612982744453574,0.7240527272224426,884,206
0.3240589198036006,0.1737704918032787,0.1849427168576105,0.6975666880607605,895,184
0.2742537313432836,0.1327102803738317,0.1623134328358209,0.6691747903823853,810,143
0.1853978671041838,0.0969597370583401,0.1312551271534044,0.7446447014808655,998,118
0.2302270947533281,0.1474509803921568,0.1644479248238058,0.7429768443107605,987,145
0.22397476340694,0.1153238546603475,0.1372239747634069,0.6989083886146545,975,153
0.3137254901960784,0.1646398503274088,0.1942110177404295,0.7183856964111328,793,172
0.3017543859649123,0.1493848857644991,0.1807017543859649,0.7136069536209106,865,196
0.1918876755070202,0.1078125,0.109204368174727,0.7077652812004089,1003,123
0.2637703646237393,0.1647241647241647,0.17377812257564,0.7212903499603271,1009,171
0.288659793814433,0.1902654867256637,0.2091310751104565,0.7611005902290344,1058,187
0.2077073807968648,0.1491170699803793,0.1567602873938602,0.7482542395591736,1250,145
0.2948609941027801,0.2194092827004219,0.2493681550126368,0.7081141471862793,904,147
0.2478959449120122,0.1333333333333333,0.1698546289211935,0.7313306331634521,1055,173
0.2998965873836607,0.1658031088082901,0.2130299896587384,0.7359707355499268,747,141
0.3169601482854494,0.1448467966573816,0.2075996292863763,0.6822178959846497,789,165
0.1802973977695167,0.0782122905027933,0.1189591078066914,0.7249419093132019,772,109
0.3226473629782834,0.1865284974093264,0.233712512926577,0.7371002435684204,716,166
0.2984807864164432,0.1754700089525515,0.1894548704200178,0.7181821465492249,820,167
0.3026819923371647,0.1861804222648752,0.21455938697318,0.7236177921295166,806,160
0.2690058479532163,0.1683748169838946,0.1842105263157894,0.7107436060905457,1040,170
0.1635220125786163,0.0680100755667506,0.0955974842767295,0.6640897393226624,1320,145
0.2355212355212355,0.1160541586073501,0.1467181467181467,0.7095572352409363,822,133
0.2982982982982983,0.1544633901705115,0.1601601601601601,0.7190550565719604,750,155
0.2112211221122112,0.0595369349503858,0.1056105610561056,0.6535669565200806,720,127
0.2163034705407586,0.1083265966046887,0.1259079903147699,0.7030310034751892,989,129
0.3558897243107769,0.2527196652719665,0.2823725981620718,0.7495182752609253,884,206
0.3028515240904621,0.1852216748768472,0.2261553588987217,0.7084965705871582,768,140
0.2374213836477987,0.1354330708661417,0.1446540880503144,0.7174439430236816,1013,153
0.2827324478178368,0.1482889733840303,0.1726755218216318,0.7165247797966003,790,158
0.1835294117647058,0.1162608012568735,0.1349019607843137,0.7306821942329407,1061,116
0.2089314194577352,0.0910543130990415,0.1212121212121212,0.6403434872627258,1040,150
0.2060085836909871,0.0957642725598526,0.1275291232372777,0.7121745944023132,1316,180
0.3497907949790795,0.2078792958927074,0.2359832635983263,0.71574467420578,857,205
0.1977186311787072,0.0971428571428571,0.1121673003802281,0.7025631666183472,849,122
0.1732283464566929,0.0701139351446099,0.1137357830271216,0.693022608757019,941,114
0.2492970946579193,0.1502347417840375,0.1630740393626991,0.702811062335968,827,140
0.2138228941684665,0.1212121212121212,0.1533477321814254,0.6957370042800903,746,101
0.2015151515151515,0.1305007587253414,0.1469696969696969,0.7137944102287292,1080,138
0.2958579881656805,0.1810089020771513,0.2011834319526627,0.715877890586853,444,106
0.2553571428571429,0.1019677996422182,0.1446428571428571,0.7131621837615967,833,161
0.2784090909090909,0.1461100569259961,0.1553030303030303,0.731880784034729,792,150
0.2828124999999999,0.187793427230047,0.1984375,0.7188764810562134,977,163
0.2206001622060016,0.1137286758732737,0.129764801297648,0.7123804092407227,983,141
0.2567947516401124,0.1276995305164319,0.1443298969072165,0.7018994688987732,841,134
0.2299239222316145,0.1371718882303132,0.169061707523246,0.7242584228515625,938,138
0.2399283795881826,0.1022421524663677,0.1486123545210385,0.7193117141723633,848,130
0.2200584225900681,0.1190243902439024,0.1324245374878286,0.7393482327461243,813,115
0.3574702108157653,0.2148760330578512,0.2639780018331805,0.7437395453453064,799,198
0.2308385933273219,0.1228545618789521,0.1623083859332732,0.7097598314285278,856,129
0.2082514734774067,0.0807086614173228,0.106090373280943,0.7086630463600159,801,112
0.2694300518134715,0.1366782006920415,0.1709844559585492,0.6843534111976624,873,150
0.1890756302521008,0.1178947368421052,0.1365546218487395,0.7141556739807129,773,94
0.1575408261287224,0.0615976900866217,0.1037463976945245,0.686476469039917,882,97
0.2305529522024367,0.0995305164319248,0.1499531396438612,0.6886758208274841,873,132
0.2737195633921075,0.1783010933557611,0.2082283795130143,0.7303794622421265,893,148
0.3021032504780114,0.1915708812260536,0.2294455066921606,0.7353079319000244,779,146
0.1766835626357712,0.0710659898477157,0.0999275887038378,0.6825796365737915,1171,141
0.1557632398753894,0.08109794135995,0.1021806853582554,0.7125270366668701,1300,116
0.2317728319263238,0.0953112990007686,0.1197237145049884,0.6883673071861267,1047,163
0.2593283582089552,0.1233644859813084,0.125,0.6813278794288635,815,134
0.4395604395604396,0.279874213836478,0.3092621664050236,0.7806109189987183,850,270
0.3420074349442379,0.1992551210428305,0.2509293680297397,0.7135719060897827,782,168
0.1900910010111223,0.0567375886524822,0.1071789686552072,0.6665215492248535,799,101
0.2267857142857142,0.0983899821109123,0.1339285714285714,0.677239179611206,877,123
0.2312444836716681,0.1202475685234305,0.1306266548984995,0.7217310667037964,872,134
0.1982272360999194,0.069410815173527,0.1095890410958904,0.6685537099838257,1002,127
0.2296564195298372,0.1231884057971014,0.1374321880650994,0.7163893580436707,842,130
0.2177250523377529,0.1160027952480782,0.1256106071179344,0.7387750148773193,1112,159
0.2826254826254826,0.1763341067285382,0.2162162162162162,0.750217854976654,976,173
0.2897998093422306,0.1642788920725883,0.1734985700667302,0.7378005981445312,756,158
0.2748643761301989,0.1322463768115942,0.159132007233273,0.6752138137817383,855,153
0.2859744990892532,0.177007299270073,0.1985428051001821,0.7452614307403564,822,153
0.2655524605385329,0.16,0.1634168987929433,0.6908060312271118,794,143
0.4095744680851064,0.2753108348134991,0.3368794326241134,0.7770694494247437,786,210
0.3254938852304798,0.2148916116870876,0.2126058325493885,0.7194234728813171,781,169
0.2706467661691542,0.1535393818544367,0.1651741293532338,0.7173207402229309,765,148
0.2713987473903967,0.1359832635983263,0.1649269311064718,0.7083722352981567,728,143
0.1672025723472668,0.0978750804893754,0.0964630225080385,0.7111480236053467,1236,131
0.2837370242214533,0.1421143847487001,0.1505190311418685,0.6769641041755676,849,174
0.3206239168110918,0.1736111111111111,0.1906412478336221,0.7078730463981628,865,181
0.2428571428571428,0.1124744376278118,0.1265306122448979,0.6751008629798889,758,123
0.2697466467958271,0.1731343283582089,0.1892697466467958,0.7166043519973755,1077,186
0.222990492653414,0.1246753246753246,0.1417458945548833,0.6788123250007629,954,139
0.2484969939879759,0.1144578313253012,0.1382765531062124,0.6931583285331726,777,151
0.2633002705139765,0.1210478771454381,0.151487826871055,0.7071313261985779,875,155
0.2919563058589871,0.1472636815920398,0.1946375372393247,0.7232688069343567,758,151
0.3539325842696629,0.225140712945591,0.247191011235955,0.7524603009223938,764,170
0.1706989247311827,0.0659488559892328,0.1048387096774193,0.6571992635726929,1220,136
0.256,0.1242484969939879,0.178,0.7231143712997437,792,136
0.1944055944055944,0.0742296918767507,0.1048951048951049,0.6540936231613159,1162,154
0.2804766269477544,0.1781450872359963,0.2034830430797433,0.7436406016349792,832,153
0.2441860465116279,0.1572815533980582,0.1589147286821705,0.714535653591156,811,119
0.2519031141868512,0.1275121275121275,0.1619377162629758,0.6974409222602844,1128,195
0.1797004991680532,0.085,0.1181364392678868,0.6757633686065674,1011,108
0.2220447284345048,0.0864,0.1293929712460064,0.677341103553772,1031,150
0.3327556325823224,0.1753472222222222,0.1923743500866551,0.7144812345504761,843,194
0.2342158859470468,0.1387755102040816,0.1710794297352342,0.7335424423217773,774,113
0.3025540275049115,0.1732283464566929,0.1768172888015717,0.6948290467262268,749,147
0.3207048458149779,0.1729920564872021,0.2167400881057269,0.7239936590194702,844,192
0.3150406504065041,0.1629327902240326,0.1808943089430894,0.7226035594940186,744,151
0.2314814814814814,0.1335807050092764,0.1648148148148148,0.7081500291824341,861,122
0.2490272373540856,0.127825409197194,0.1618677042801556,0.6842859387397766,1039,171
0.2534113060428849,0.1484375,0.1715399610136452,0.714329183101654,791,133
0.2231543624161073,0.0857142857142857,0.1191275167785234,0.6703412532806396,913,147
0.3160340821068939,0.17377812257564,0.1982958946553059,0.7107968926429749,989,203
0.1835016835016835,0.0691399662731871,0.1111111111111111,0.6588712930679321,985,123
0.2291325695581015,0.1229508196721311,0.144026186579378,0.6976642608642578,977,142
0.2188679245283019,0.1134215500945179,0.1358490566037735,0.6992284059524536,847,112
0.1860053144375553,0.0798580301685891,0.1293179805137289,0.6498285531997681,912,128
0.21724372029871,0.133242692046227,0.1629327902240325,0.6947306394577026,1140,156
0.2138964577656675,0.1227830832196452,0.1430517711171662,0.6994401216506958,1140,153
0.1701285855588526,0.0753221010901883,0.1068249258160237,0.6863307952880859,844,106
0.1688693098384728,0.0911764705882352,0.1233480176211453,0.6856487989425659,1122,107
0.2816901408450704,0.1794354838709677,0.2173038229376258,0.6920719146728516,747,137
0.4642570281124498,0.2590506838294449,0.3196787148594378,0.8068854808807373,839,299
0.2139219015280135,0.0816326530612244,0.130730050933786,0.6397749185562134,943,150
0.157243816254417,0.079646017699115,0.0830388692579505,0.7203008532524109,969,90
0.2164662349676225,0.0797034291010194,0.1165587419056429,0.6798518300056458,901,126
0.2173174872665535,0.1105442176870748,0.1477079796264855,0.6616445183753967,976,124
0.1875637104994903,0.1001021450459652,0.1182466870540264,0.6796166896820068,834,91
0.2036888532477946,0.0883534136546184,0.1411387329591018,0.6726931929588318,1035,137
0.2335623159960746,0.127826941986234,0.1472031403336604,0.6887606978416443,805,109
0.2553516819571865,0.11791730474732,0.1406727828746177,0.691088080406189,1027,179
0.1798855273916598,0.0737100737100737,0.1079313164349959,0.695024311542511,1011,126
0.2764976958525345,0.1615384615384615,0.1874039938556067,0.6871582865715027,1015,180
0.2359832635983263,0.1357921207041073,0.1472803347280334,0.7089935541152954,906,132
0.29097605893186,0.1512915129151291,0.1988950276243094,0.7144176959991455,822,157
0.3101604278074867,0.175,0.2032085561497326,0.7151426672935486,857,173
0.2517343904856293,0.1370407149950347,0.1347869177403369,0.707144021987915,802,116
0.2768942937324602,0.1630740393626991,0.1833489242282507,0.6810623407363892,827,144
0.2554973821989529,0.1720881427072403,0.2010471204188481,0.7381873726844788,738,119
0.1871838111298482,0.0743243243243243,0.1231028667790893,0.6961786150932312,1004,115
0.2540220152413209,0.1221374045801526,0.1659610499576629,0.6904643774032593,931,168
0.2268456375838926,0.1303763440860215,0.1583892617449664,0.7292742133140564,1195,161
0.1528776978417266,0.0864864864864864,0.1169064748201438,0.6923055052757263,947,93
0.211453744493392,0.0847308031774051,0.1162995594713656,0.69674152135849,909,140
0.2845594179466451,0.1587044534412955,0.1859337105901374,0.7380990982055664,941,184
0.1843971631205674,0.08348134991119,0.125886524822695,0.681470513343811,931,122
0.2515625,0.1236306729264475,0.1671875,0.6931566596031189,997,161
0.2655021834061135,0.1399825021872266,0.1327510917030567,0.6955398321151733,901,147
0.2796528447444552,0.1700483091787439,0.1947926711668273,0.7269731760025024,780,144
0.3257090576395242,0.1906507791017415,0.2250686184812443,0.7253628373146057,806,172
0.3098360655737704,0.1839080459770115,0.1852459016393442,0.7373340129852295,909,184
0.2096195262024408,0.113587347232207,0.1378320172290021,0.6583136916160583,1086,148
0.1661576053756872,0.1064220183486238,0.1343921808185705,0.6834801435470581,1312,122
0.2245885769603097,0.133850630455868,0.170377541142304,0.7178427577018738,789,104
0.2091254752851711,0.1295238095238095,0.1711026615969582,0.697536289691925,834,109
0.3726298433635614,0.2213047068538398,0.2093981863149216,0.7284044623374939,859,210
0.2175066312997347,0.1310894596988485,0.1396993810786914,0.7180538177490234,883,129
0.4541701073492981,0.2878411910669975,0.3055326176713459,0.7497633099555969,813,265
0.2548701298701298,0.1333333333333333,0.1737012987012987,0.7076562643051147,952,162
0.2048192771084337,0.1103448275862068,0.1514629948364888,0.6968433856964111,954,123
0.2986789201608271,0.1334100057504313,0.1608271108558299,0.7437393069267273,1323,272
0.2990232907588279,0.1429646350639578,0.1712997746055597,0.6682969331741333,1039,213
0.1686609686609686,0.074158585282373,0.1014245014245014,0.6910570859909058,1473,178
0.2628019323671497,0.0987415295256534,0.1217391304347826,0.6648544669151306,815,153
0.2269624573378839,0.0735042735042735,0.136518771331058,0.6874284148216248,938,141
0.2808022922636102,0.1435406698564593,0.1528175740210124,0.7465714812278748,831,157
0.1944990176817289,0.0984251968503936,0.1218074656188605,0.6799015402793884,800,101
0.2190045248868778,0.1051677243880326,0.1285067873303167,0.6772842407226562,901,130
0.2560153994225216,0.1234329797492767,0.1231953801732435,0.6986284852027893,795,136
0.2445255474452555,0.1115173674588665,0.1277372262773722,0.6919845342636108,876,130
0.3355201499531396,0.2084507042253521,0.211808809746954,0.7332763075828552,763,178
0.1447963800904977,0.052870090634441,0.0814479638009049,0.6417443752288818,1144,122
0.1991786447638603,0.074074074074074,0.1170431211498973,0.678113579750061,814,113
0.2266009852216749,0.0947680157946693,0.1399014778325123,0.6922933459281921,818,123
0.2600243013365735,0.1266747868453105,0.1676792223572296,0.722862958908081,670,122
0.216867469879518,0.0724233983286908,0.1056533827618165,0.66030353307724,867,150
0.3032128514056225,0.193158953722334,0.2108433734939759,0.7284781336784363,771,158
0.2014742014742014,0.1180811808118081,0.1375921375921376,0.7250322699546814,1302,148
0.3247325361862807,0.1764335223692501,0.2164883574575204,0.6936871409416199,1188,272
0.226691042047532,0.097069597069597,0.1206581352833637,0.6996762156486511,894,123
0.2322158626328699,0.09009009009009,0.1308258381030253,0.6860093474388123,939,154
0.1969817315329627,0.0795544948289578,0.1111993645750595,0.6763331890106201,1022,142
0.3027108433734939,0.1538461538461538,0.1777108433734939,0.6992838978767395,1017,231
0.3102352193261284,0.1973265436028007,0.2275905912269548,0.7115373015403748,1158,241
0.2210982658959537,0.1259044862518089,0.1676300578034682,0.7112143635749817,1096,143
0.3035381750465549,0.1138059701492537,0.1396648044692737,0.6953862905502319,835,179
0.3924731182795699,0.2405745062836624,0.2580645161290322,0.724785566329956,787,229
0.2235597592433361,0.1464254952627045,0.1564918314703353,0.728386402130127,927,120
0.2945326278659612,0.1784452296819788,0.2134038800705467,0.7181941866874695,862,158
0.2264875239923224,0.1307692307692307,0.1573896353166986,0.7474546432495117,832,116
0.2412818096135721,0.1454202077431539,0.1753063147973609,0.7713802456855774,818,119
0.1742043551088777,0.1023489932885906,0.1055276381909547,0.7071560025215149,986,104
0.1832620647525961,0.110091743119266,0.1172877214416615,0.7015003561973572,1362,147
0.2449355432780847,0.1531365313653136,0.1731123388581952,0.7391197085380554,837,127
0.1825476429287863,0.0964824120603014,0.1323971915747241,0.7242553234100342,809,97
0.3313953488372092,0.2194174757281553,0.2383720930232558,0.72842937707901,757,167
0.2058346839546191,0.0795454545454545,0.1231766612641815,0.6946882009506226,981,145
0.1905829596412556,0.1122334455667788,0.100896860986547,0.6889670491218567,1489,165
0.1795379537953795,0.0991407799074686,0.1122112211221122,0.7098391056060791,1232,141
0.3555150410209662,0.2210045662100457,0.2552415679124886,0.7270371317863464,804,181
0.2334172963895885,0.1160639192598822,0.1528127623845508,0.7062416672706604,952,143
0.2259194395796847,0.0894736842105263,0.1418563922942206,0.6902785301208496,909,129
0.2316335350043215,0.1194805194805194,0.1382886776145203,0.685036838054657,921,129
0.3180639585133967,0.1593073593073593,0.1970613656006914,0.6629123687744141,869,209
0.2581818181818182,0.1493624772313297,0.1418181818181818,0.6975353360176086,863,140
0.222011385199241,0.1064638783269962,0.1480075901328273,0.6898208260536194,840,124
0.3024475524475525,0.169877408056042,0.194055944055944,0.6884209513664246,860,188
0.2084942084942084,0.1199226305609284,0.1621621621621621,0.6933987736701965,825,106
0.2590051457975986,0.127147766323024,0.1663807890222984,0.7061603665351868,903,159
0.1985074626865671,0.077727952167414,0.0985074626865671,0.6979103684425354,1044,141
0.1915367483296214,0.062453531598513,0.1143281365998515,0.6790280342102051,1075,158
0.2215743440233236,0.0948905109489051,0.1486880466472303,0.6888799667358398,1075,177
0.1766381766381766,0.1084681255946717,0.1367521367521367,0.7255329489707947,870,94
0.2431233362910381,0.1368888888888889,0.1739130434782609,0.6925256252288818,905,141
0.27792436235708,0.186784140969163,0.1970096745822339,0.7399584054946899,897,157
0.2204246713852376,0.0891590678824721,0.1274014155712841,0.6817366480827332,777,116
0.2397540983606557,0.1273100616016427,0.1352459016393442,0.7190534472465515,770,118
0.2242798353909464,0.1072164948453608,0.1625514403292181,0.6755640506744385,790,113
0.2315175097276265,0.138401559454191,0.1420233463035019,0.7318196296691895,843,116
0.3479887745556595,0.1930646672914714,0.2226379794200187,0.6991809010505676,803,195
0.2299306243805748,0.125124131082423,0.130822596630327,0.7065326571464539,811,108
0.1904047976011993,0.1021021021021021,0.136431784107946,0.7141844034194946,1085,123
0.2400611620795107,0.116385911179173,0.1574923547400611,0.6985668540000916,1080,158
0.222558667676003,0.136467020470053,0.1271763815291446,0.7262189984321594,1052,138
0.3290909090909091,0.1293260473588342,0.209090909090909,0.6750316619873047,813,200
0.3432574430823117,0.1999999999999999,0.2206654991243432,0.6893897652626038,836,205
0.198051948051948,0.0601626016260162,0.0892857142857142,0.6653357148170471,1017,137
0.2465245597775718,0.1151346332404828,0.1742354031510658,0.7167268395423889,820,145
0.2822878228782287,0.1386321626617375,0.1697416974169741,0.6996600031852722,826,150
0.2678414096916299,0.144748455428067,0.1533039647577092,0.7103371620178223,852,150
0.1663747810858143,0.0859649122807017,0.0963222416812609,0.7024875283241272,914,98
0.2012356575463371,0.1078691423519009,0.1270962047661076,0.7030568718910217,890,108
0.2441977800201816,0.1456016177957532,0.1735620585267406,0.724590539932251,771,130
0.3302443133951137,0.1451476793248945,0.2055602358887953,0.6835557818412781,900,228
0.2445497630331753,0.1158594491927825,0.1232227488151658,0.7054453492164612,797,133
0.2757352941176471,0.1141804788213627,0.1470588235294117,0.7127264142036438,829,178
0.3605683836589698,0.2206405693950177,0.2824156305506217,0.7482441663742065,841,192
0.1810699588477366,0.0845360824742268,0.1028806584362139,0.7006896138191223,775,96
0.2055622732769045,0.1295399515738499,0.1438935912938331,0.7118598818778992,1337,166
0.2689844464775845,0.153987167736022,0.1756633119853614,0.723537802696228,805,144
0.2938557435440783,0.1909009812667261,0.2137132680320569,0.7488114833831787,814,150
0.2300194931773879,0.1347656249999999,0.1169590643274853,0.7325420379638672,795,116
0.2452830188679245,0.1102362204724409,0.1320754716981132,0.6983962059020996,984,169
0.3046683046683046,0.1771944216570959,0.19000819000819,0.7282591462135315,898,201
0.2710280373831776,0.1483957219251337,0.1829105473965287,0.7306744456291199,1162,204
0.2775024777006937,0.1747765640516385,0.1962338949454905,0.6963149309158325,779,142
0.1812349639133921,0.0835341365461847,0.1042502004811547,0.6733543872833252,1044,115
0.2104187946884576,0.13510747185261,0.1654749744637385,0.7021129131317139,788,95
0.1179190751445087,0.0416666666666666,0.0682080924855491,0.6467152237892151,1496,120
0.3041543026706231,0.1664190193164933,0.2225519287833827,0.7020524740219116,1039,204
0.2306163021868787,0.1095617529880478,0.1431411530815109,0.6818316578865051,817,137
0.2346368715083799,0.1262989608313349,0.1564245810055866,0.6987898349761963,1002,156
0.3145454545454545,0.174863387978142,0.2018181818181818,0.7083044052124023,806,184
0.3191489361702128,0.184,0.2180851063829787,0.7350658178329468,553,125
0.2190594059405941,0.1363073110285006,0.1732673267326732,0.7436468601226807,1303,171
0.3220338983050847,0.2512733446519525,0.2847457627118644,0.758884072303772,875,175
0.2770137524557957,0.1574803149606299,0.1905697445972494,0.7039054036140442,774,142
0.2563636363636363,0.1202185792349726,0.1327272727272727,0.7173582911491394,838,158
0.1615452151009657,0.0492524186455584,0.093064091308165,0.6702651381492615,925,117
0.2384976525821596,0.1222953904045155,0.1427230046948356,0.7283875346183777,854,138
0.1703422053231939,0.0853008377760853,0.1216730038022813,0.7026805281639099,1076,127
0.2171428571428571,0.1158798283261802,0.1357142857142857,0.7114859819412231,1103,140
0.1909275558564657,0.0881355932203389,0.1137440758293839,0.6983948349952698,1216,144
0.1900826446280991,0.0877483443708609,0.1090909090909091,0.6860671639442444,974,131
0.308560677328316,0.1960414703110273,0.2088428974600188,0.7463316321372986,805,164
0.2528940338379341,0.1445138269402319,0.163846838824577,0.7078083753585815,875,152
0.3156881616939365,0.1735776277724204,0.2078922040423484,0.7432436943054199,781,161
0.2403755868544601,0.1204139228598306,0.1596244131455399,0.7092576622962952,838,129
0.1880165289256198,0.0869565217391304,0.1033057851239669,0.7090141773223877,773,103
0.1814316087880935,0.0951029098651525,0.1006378454996456,0.6942679286003113,1169,129
0.2414113277623026,0.1116279069767442,0.1225626740947075,0.7109372019767761,855,132
0.1954732510288065,0.0989690721649484,0.1296296296296296,0.7175872325897217,817,96
0.3697632058287796,0.25,0.2896174863387978,0.7293240427970886,756,188
0.308973172987974,0.1872103799814643,0.2349676225716928,0.7488019466400146,806,162
0.224907063197026,0.1024208566108007,0.1524163568773234,0.6895952224731445,862,128
0.2441176470588235,0.1487481590574374,0.1411764705882353,0.7496309280395508,1062,147
0.2193548387096774,0.1227390180878553,0.1238709677419354,0.6855549812316895,1251,164
0.2654205607476635,0.147940074906367,0.1700934579439252,0.7380077242851257,833,150
0.2272024729520865,0.1160990712074303,0.1298299845440494,0.7143922448158264,1042,162
0.3482671174978867,0.1676545300592718,0.2062552831783601,0.7235812544822693,861,226
0.3412774070543374,0.1719197707736389,0.226882745471878,0.7001622915267944,797,188
0.214,0.0781563126252505,0.118,0.6891468167304993,806,111
0.1939393939393939,0.0951417004048583,0.1292929292929293,0.7486816048622131,813,98
0.2879684418145956,0.1521739130434782,0.1794871794871795,0.7428362965583801,767,150
0.1999999999999999,0.0921843687374749,0.12,0.704352617263794,796,118
0.2172661870503597,0.1152737752161383,0.1381294964028777,0.6908956170082092,1097,156
0.2494331065759637,0.149886449659349,0.1587301587301587,0.6925351023674011,1050,165
0.2368672397325692,0.1167464114832536,0.1394460362941738,0.707965612411499,838,129
0.3222416812609457,0.2087719298245614,0.2136602451838879,0.7711787223815918,841,178
0.273851590106007,0.1876106194690265,0.2190812720848056,0.7273792624473572,863,140
0.255653883972468,0.1261083743842364,0.1317600786627335,0.7281686663627625,781,135
0.4356060606060605,0.2922201138519923,0.3409090909090909,0.7250404357910156,726,226
0.344582593250444,0.1654804270462633,0.1811722912966252,0.7054793834686279,796,202
0.2334841628959276,0.128739800543971,0.1592760180995475,0.7218517661094666,862,132
0.2285298398835516,0.1355685131195335,0.1659388646288209,0.716366171836853,1069,153
0.2261904761904762,0.1133200795228628,0.1289682539682539,0.6920497417449951,795,109
0.2712160979877515,0.1209465381244522,0.1487314085739282,0.7165361046791077,882,148
0.4007029876977152,0.2570422535211268,0.3198594024604569,0.7467631101608276,786,228
0.1791044776119403,0.0876068376068376,0.1257995735607676,0.6767028570175171,787,89
0.2816229116945107,0.1609561752988047,0.1957040572792363,0.6900144815444946,953,179
0.2193308550185873,0.1452513966480447,0.1505576208178438,0.7207609415054321,863,120
0.1710526315789473,0.0922570016474464,0.1036184210526316,0.6912714242935181,1010,103
0.2487257900101936,0.1389172625127681,0.1590214067278287,0.7386099696159363,792,126
0.3026315789473685,0.1657250470809792,0.1992481203007518,0.7187623977661133,800,165
0.216012084592145,0.1316187594553706,0.1419939577039274,0.7232773900032043,1055,148
0.2944062806673209,0.1691248770894788,0.2139352306182532,0.7338748574256897,782,133
0.2292432035268185,0.1133186166298749,0.1410727406318883,0.6859914064407349,1064,152
0.3199356913183279,0.2093397745571658,0.2282958199356913,0.7646544575691223,980,192
0.1924528301886792,0.0793950850661625,0.1056603773584905,0.6808054447174072,839,115
0.3336475023562677,0.1983002832861189,0.2016965127238454,0.7269260883331299,782,165
0.3136915077989601,0.1857638888888889,0.1871750433275563,0.7121785879135132,861,170
0.292910447761194,0.1551401869158878,0.1473880597014925,0.7042831182479858,804,158
0.2827225130890052,0.166083916083916,0.2094240837696335,0.7194450497627258,898,169
0.1911330049261083,0.0987166831194471,0.1241379310344827,0.7210159301757812,825,106
0.1943081452404318,0.1081612586037364,0.1236506378802747,0.7152383923530579,825,97
0.1385135135135135,0.0575296108291032,0.0760135135135135,0.6959541440010071,1009,77
0.3224489795918367,0.1771117166212534,0.1877551020408163,0.6828578114509583,1056,239
0.2661804922515953,0.136986301369863,0.1640838650865998,0.7310938239097595,820,136
0.2093023255813953,0.1505376344086021,0.1771019677996422,0.7064313292503357,873,110
0.2296918767507002,0.1103835360149672,0.1176470588235294,0.6745420098304749,774,124
0.2759581881533101,0.1563154221912072,0.2062717770034843,0.6990155577659607,1087,187
0.1367806505421184,0.0701754385964912,0.0967472894078398,0.7037176489830017,1000,94
0.3253234750462107,0.1648148148148148,0.2421441774491682,0.7195393443107605,776,210
0.3102362204724409,0.1845425867507886,0.2204724409448818,0.71471107006073,990,200
0.2911795961742827,0.1512247071352502,0.1721572794899043,0.6920474171638489,710,150
0.257703081232493,0.0935453695042095,0.1325863678804855,0.7012612819671631,846,153
0.2686567164179104,0.1694915254237288,0.2069651741293532,0.7243829369544983,778,137
0.2019543973941368,0.0965427266797129,0.1289902280130293,0.7118265628814697,1265,170
0.3528571428571428,0.2117310443490701,0.2571428571428572,0.7533501982688904,1035,240
0.3545454545454545,0.2222222222222222,0.2763636363636363,0.7594178318977356,812,190
0.224519940915805,0.1139053254437869,0.155096011816839,0.7238821983337402,1103,156
0.1492537313432836,0.0382059800664451,0.0878938640132669,0.6169185638427734,1016,121
0.2749752720079129,0.1625371655104063,0.172106824925816,0.734873354434967,758,139
0.1353383458646616,0.0574948665297741,0.0792891319207108,0.7033047676086426,1193,105
0.2234957020057306,0.1052631578947368,0.1375358166189111,0.7000918388366699,834,132
0.1825557809330628,0.0758293838862559,0.0987153482082488,0.6812382340431213,1210,157
0.2094926350245499,0.1049180327868852,0.1374795417348608,0.678363561630249,982,132
0.2679900744416874,0.1557580778790389,0.1836228287841191,0.7243174910545349,932,163
0.2911208151382824,0.1661807580174927,0.1644832605531295,0.7080442905426025,1061,205
0.284862043251305,0.1583271097834204,0.168530947054437,0.671419084072113,1028,184
0.2648490749756572,0.1756097560975609,0.2005842259006816,0.7349454760551453,801,136
0.2904498816101026,0.2071146245059288,0.2320441988950276,0.7137518525123596,957,172
0.1954545454545454,0.1396054628224582,0.1212121212121211,0.682589590549469,1073,118
0.221875,0.0954616588419405,0.1390625,0.6958452463150024,985,156
0.2418604651162791,0.1472506989748369,0.1767441860465116,0.7033689618110657,848,129
0.1936026936026936,0.0994940978077571,0.1178451178451178,0.6709229946136475,967,123
0.2060150375939849,0.0963855421686746,0.1308270676691729,0.6748610734939575,979,145
0.2310889443059019,0.1165695253955037,0.171238570241064,0.6953919529914856,917,138
0.2306976744186046,0.1435228331780056,0.16,0.7445356249809265,852,125
0.3148148148148147,0.1948051948051948,0.187037037037037,0.7147232294082642,812,174
0.2777292576419214,0.1522309711286089,0.1589519650655021,0.7112535834312439,860,157
0.2187028657616892,0.1132930513595166,0.1342383107088989,0.6901751160621643,1052,149
0.1907841552142279,0.1004048582995951,0.1212611156022635,0.6989367008209229,1042,126
0.2329713721618953,0.1285855588526211,0.1500493583415597,0.7179999947547913,824,120
0.292364990689013,0.1511194029850746,0.1601489757914338,0.7199097275733948,830,160
0.1728024042073628,0.055680963130173,0.1051840721262209,0.6629060506820679,1126,126
0.3743061062648691,0.2192216044479745,0.2553528945281522,0.7492486238479614,908,226
0.2106017191977077,0.1205164992826398,0.154727793696275,0.6737191677093506,1179,137
0.3511312217194569,0.2302810516772438,0.2479638009049773,0.7301995754241943,798,180
0.3195458231954582,0.2193338748984565,0.24330900243309,0.7178904414176941,905,188
0.2311926605504587,0.1084558823529412,0.1174311926605504,0.700225293636322,875,119
0.2893562778840025,0.1914486279514997,0.2141491395793499,0.7227474451065063,1124,200
0.1888968997837058,0.083754512635379,0.1023792357606344,0.6855860352516174,1134,145
0.2355400696864111,0.1353803210048848,0.1477351916376306,0.6995880007743835,1091,152
0.3317800559179869,0.2483660130718954,0.2609506057781919,0.7385439276695251,758,157
0.2547559966914806,0.1888980944490472,0.19520264681555,0.7362481951713562,938,148
0.2718446601941747,0.1381322957198443,0.1436893203883495,0.7283684611320496,781,145
0.3257383966244726,0.2045646661031276,0.221097046413502,0.7249212265014648,889,200
0.185,0.1068447412353923,0.1333333333333333,0.7235723733901978,992,109
0.2588042588042588,0.1214109926168991,0.1719901719901719,0.6913589835166931,951,166
0.3328488372093023,0.1906841339155749,0.2369186046511627,0.7038026452064514,1001,218
0.1425689307330195,0.0794612794612794,0.0887693342299932,0.6824342608451843,1280,113
0.3038194444444444,0.2104347826086956,0.1770833333333333,0.7431467175483704,896,179
0.2657992565055762,0.1508379888268156,0.1858736059479553,0.7304438948631287,845,142
0.2554814108674929,0.1069723018147087,0.1220209723546234,0.6805744767189026,798,146
0.2245508982035928,0.12143928035982,0.1407185628742515,0.6826339960098267,1051,148
0.3264201983769161,0.2113821138211382,0.2272317403065825,0.7310612201690674,807,183
0.3647577092511013,0.1941747572815534,0.2220264317180617,0.7230920791625977,837,204
0.3151969981238274,0.1710526315789473,0.1932457786116322,0.7313058376312256,785,164
0.1806755695208169,0.073957513768686,0.1005498821681068,0.6790792346000671,1044,129
0.275731822474032,0.1438032166508987,0.1567516525023607,0.6919993758201599,834,162
0.2337482710926694,0.1412742382271468,0.1410788381742738,0.7275269627571106,1059,155
0.1813765182186235,0.0843471208434712,0.1052631578947368,0.6889812350273132,1027,123
0.1639575971731448,0.0806794055201698,0.108833922261484,0.67275470495224,1186,112
0.2733964248159831,0.1285563751317175,0.1871713985278654,0.6882778406143188,766,133
0.3428030303030303,0.2125237191650854,0.1761363636363636,0.7341582775115967,784,185
0.2548638132295719,0.1325536062378167,0.1420233463035019,0.7065267562866211,808,127
0.167427701674277,0.0655487804878048,0.1126331811263318,0.6894913911819458,1090,122
0.2201524132091448,0.1119592875318066,0.1608806096528365,0.7205166816711426,953,136
0.2532928064842958,0.1685279187817258,0.2168186423505572,0.7556366324424744,760,113
0.2038022813688212,0.099009900990099,0.1262357414448669,0.6944233179092407,1087,136
0.1645663454410675,0.0876020786933927,0.123054114158636,0.7043969631195068,1124,112
0.2273098937040065,0.1162981162981162,0.1340964840556009,0.6799167394638062,925,142
0.2254483347566183,0.1009409751924722,0.134927412467976,0.6847965121269226,942,143
0.1781376518218623,0.0697485806974858,0.1020242914979756,0.6765919923782349,1006,140
0.2170138888888889,0.097391304347826,0.1302083333333333,0.6704878807067871,931,139
0.1812734082397004,0.1020255063765941,0.1168539325842696,0.7174458503723145,1068,120
0.2266139657444005,0.1319261213720316,0.1383399209486166,0.7470731139183044,1205,174
0.1563981042654028,0.0648734177215189,0.1026856240126382,0.6555269360542297,1076,120
0.1990119971771347,0.1003533568904593,0.1411432604093154,0.7271379232406616,1221,151
0.2601941747572815,0.1303501945525291,0.1631067961165048,0.7017486095428467,781,142
0.2143505903723887,0.1328480436760691,0.1416893732970027,0.7397968173027039,892,115
0.2818532818532818,0.1682785299806576,0.1602316602316602,0.7375606894493103,824,150
0.2283539486203615,0.1201143946615824,0.154138915318744,0.7223820090293884,816,126
0.2432045779685264,0.1461318051575931,0.155937052932761,0.6925614476203918,1098,164
0.2011494252873563,0.0806142034548944,0.10727969348659,0.6431468725204468,832,123
0.1862011637572735,0.0815986677768526,0.1047381546134663,0.6677592992782593,986,127
0.2182774490466798,0.1184990125082291,0.1328073635765943,0.6886044144630432,1222,169
0.1939986043265875,0.0782669461914744,0.1311933007676204,0.7123695611953735,1126,154
0.2701298701298701,0.1179531656548135,0.1558441558441558,0.6790615916252136,909,174
0.2594501718213058,0.1135972461273665,0.1426116838487972,0.6883383393287659,918,157
0.3065035415325177,0.2230818826563507,0.2163554410817772,0.7192229628562927,1160,214
0.2213740458015267,0.130019120458891,0.1698473282442748,0.7475793361663818,854,124
0.1262357414448669,0.067022086824067,0.0821292775665399,0.7047573328018188,1118,92
0.2528428093645484,0.0964501004688546,0.1832775919732441,0.68349689245224,1161,202
0.4014440433212996,0.2313810556760664,0.2844765342960288,0.7808430790901184,954,295
0.1916981132075471,0.0786092214663643,0.120754716981132,0.654430627822876,1092,138
0.2588652482269503,0.1254437869822485,0.1583924349881796,0.6905097961425781,1306,215
0.2123287671232877,0.0909090909090909,0.1078767123287671,0.6884056329727173,948,132
0.2408376963350785,0.1328671328671328,0.1483420593368237,0.7154727578163147,922,140
0.287828947368421,0.1515650741350905,0.2023026315789473,0.7463739514350891,932,165
0.260019550342131,0.1351616062683643,0.166177908113392,0.6980189681053162,791,148
0.3563432835820895,0.1869158878504673,0.2444029850746268,0.7192124128341675,796,195
0.2235929067077872,0.1158301158301158,0.1480339244410177,0.708333432674408,1011,157
0.2923794712286158,0.1323987538940809,0.166407465007776,0.6983171105384827,984,197
0.1510464058234759,0.0783956244302643,0.0982711555959963,0.7208436131477356,917,83
0.194055944055944,0.0788091068301226,0.1136363636363636,0.7147698402404785,904,132
0.2347826086956521,0.1144278606965174,0.1453416149068322,0.6552826762199402,1266,202
0.3286467486818981,0.204225352112676,0.2478031634446397,0.7384554147720337,832,192
0.2218400687876182,0.1136950904392764,0.1375752364574377,0.6991488933563232,947,142
0.1737451737451737,0.0715667311411992,0.11003861003861,0.6947866678237915,812,103
0.3784246575342466,0.2281303602058318,0.2551369863013699,0.737550675868988,811,236
0.265527950310559,0.1850699844479005,0.2111801242236025,0.7209247946739197,1015,168
0.2317173377156943,0.1300411522633744,0.1643385373870172,0.7060810327529907,944,139
0.1808219178082191,0.0750228728270814,0.102283105022831,0.6964529752731323,904,116
0.2810920121334682,0.1357649442755825,0.1617795753286147,0.6900106072425842,767,151
0.2284644194756554,0.150093808630394,0.1573033707865168,0.7440687417984009,883,133
0.2106027596223674,0.1309090909090909,0.1379811183732752,0.7291669249534607,1103,145
0.2748603351955307,0.1343784994400896,0.1541899441340782,0.6959491968154907,698,128
0.3323890462700661,0.2213812677388836,0.2266288951841359,0.7193765640258789,801,184
0.2925327174749808,0.1835003855050115,0.1924557351809084,0.7184954881668091,1036,191
0.2298624754420432,0.09251968503937,0.1316306483300589,0.6865035891532898,812,124
0.3268292682926829,0.1661237785016286,0.2130081300813008,0.7121740579605103,927,203
0.1479140328697851,0.0594936708860759,0.0973451327433628,0.6653984785079956,1365,127
0.2160919540229885,0.1227935533384497,0.1348659003831417,0.7184568643569946,1039,134
0.2040423484119345,0.1272902603664416,0.1482194417709335,0.7032788395881653,829,99
0.2374154770848985,0.1399548532731377,0.1758076634109692,0.7370576858520508,1041,162
0.2449355432780847,0.1254612546125461,0.151012891344383,0.7128435373306274,878,148
0.2670509125840538,0.1616939364773821,0.1709894332372718,0.7207024693489075,782,136
0.2322456813819577,0.1307692307692307,0.1209213051823416,0.7014291286468506,798,119
0.231578947368421,0.1204819277108433,0.1398496240601504,0.7007350921630859,1058,147
0.2704626334519573,0.1568627450980392,0.193950177935943,0.7284225821495056,864,160
0.2005347593582887,0.1178045515394913,0.1377005347593583,0.7284064888954163,1168,147
0.2569269521410579,0.1026072329688814,0.1293031066330814,0.6754275560379028,925,186
0.1947291361639824,0.0879765395894428,0.1288433382137628,0.6621596813201904,1084,144
0.2412868632707774,0.1307072515666965,0.1554959785522788,0.7011712789535522,890,148
0.3112701252236136,0.2043010752688172,0.1985688729874776,0.6887611746788025,833,160
0.2441860465116279,0.1223300970873786,0.1666666666666666,0.6747098565101624,840,137
0.2800751879699247,0.1374764595103578,0.169172932330827,0.7010945081710815,808,145
0.1905537459283388,0.0864600326264274,0.1302931596091205,0.7072010040283203,993,131
0.3205374280230326,0.1961538461538461,0.218809980806142,0.7232962846755981,764,167
0.236734693877551,0.0915780866721177,0.1420408163265306,0.6823440790176392,1004,160
0.2774468085106383,0.1739130434782608,0.1889361702127659,0.7332133054733276,906,155
0.1942078364565587,0.1262798634812287,0.1226575809199318,0.7045933604240417,932,110
0.2192028985507246,0.101633393829401,0.1358695652173913,0.7163675427436829,873,130
0.2142857142857142,0.1222056631892697,0.1413690476190476,0.6972569227218628,1054,156
0.1758620689655172,0.082901554404145,0.1086206896551724,0.7064331769943237,935,107
0.2043085476025017,0.1350034794711204,0.1445448227936066,0.7114953994750977,1160,141
0.2658959537572254,0.1207609594706368,0.1750619322873658,0.7020016312599182,892,185
0.2756539235412474,0.1451612903225806,0.1750503018108652,0.7003756761550903,739,131
0.2818652849740933,0.1557632398753894,0.1740932642487046,0.693586528301239,732,127
0.2315939957112223,0.1231209735146742,0.1429592566118656,0.7322767376899719,1082,165
0.2708994708994709,0.1505832449628844,0.1714285714285714,0.7058637142181396,731,122
0.2136752136752137,0.1061643835616438,0.135042735042735,0.7192279100418091,886,144
0.295947219604147,0.1322001888574126,0.1639962299717247,0.720526933670044,826,166
0.3779385171790235,0.2119565217391304,0.2730560578661844,0.7275272011756897,775,204
0.2775800711743772,0.1550802139037433,0.2117437722419928,0.6903892159461975,860,155
0.2369942196531791,0.1332046332046332,0.1541425818882466,0.7072111368179321,801,116
0.2719227674979887,0.16116035455278,0.1592920353982301,0.7235864400863647,941,167
0.2581888246628131,0.1409266409266409,0.163776493256262,0.7196853160858154,809,137
0.2417218543046357,0.0961857379767827,0.1423841059602648,0.6971110701560974,943,167
0.2804085422469824,0.1767441860465116,0.1857010213556174,0.7440603971481323,788,150
0.1675302245250431,0.0674740484429065,0.0915371329879101,0.6934748888015747,949,119
0.208695652173913,0.0993031358885017,0.1269565217391304,0.705720841884613,904,119
0.35850622406639,0.2344139650872817,0.179253112033195,0.7570465803146362,863,200
0.1833935018050541,0.0925524222704266,0.1169675090252707,0.7259925603866577,1083,128
0.3156996587030717,0.1931623931623931,0.204778156996587,0.746216356754303,874,177
0.2423728813559322,0.1528013582342954,0.1440677966101694,0.7271067500114441,907,137
0.430817610062893,0.3007874015748031,0.2908805031446541,0.7350267171859741,872,252
0.314018691588785,0.2415730337078651,0.2355140186915888,0.7378412485122681,785,162
0.2492795389048991,0.1688311688311688,0.1729106628242074,0.7105487585067749,1057,162
0.2358674463937621,0.115234375,0.1325536062378167,0.6977134943008423,810,129
0.1921470342522974,0.0903765690376569,0.1119465329991645,0.6859792470932007,955,118
0.3078291814946619,0.2228163992869875,0.2313167259786476,0.75261390209198,865,169
0.2385185185185185,0.1379821958456973,0.1392592592592592,0.7187351584434509,1044,171
0.2967992240543162,0.151603498542274,0.1745877788554801,0.7113474607467651,762,155
0.327455919395466,0.208578637510513,0.1964735516372796,0.6963288187980652,890,196
0.2572898799313893,0.1512027491408935,0.1818181818181818,0.7377970218658447,905,157
0.3265306122448979,0.1738241308793456,0.1979591836734694,0.732428789138794,728,164
0.2532347504621072,0.1185185185185185,0.1497227356746765,0.7102279663085938,847,154
0.2885844748858447,0.1537053979871912,0.1990867579908675,0.7123417258262634,839,159
0.2764976958525345,0.1661538461538461,0.1582181259600614,0.7344461679458618,984,175
0.2193784277879342,0.1043956043956044,0.113345521023766,0.675320029258728,862,128
0.2303030303030303,0.1352992194275802,0.135064935064935,0.7224593758583069,931,127
0.2297872340425532,0.0954816709292412,0.1208510638297872,0.6608302593231201,930,149
0.2697674418604651,0.1043802423112768,0.1376744186046511,0.6748346090316772,820,159
0.2132867132867132,0.1453590192644483,0.1520979020979021,0.7138168215751648,908,113
0.2442505947660586,0.1016679904686259,0.1300555114988104,0.6810292601585388,954,152
0.3500866551126516,0.2170138888888889,0.2339688041594454,0.7272682189941406,852,203
0.2444444444444444,0.1506849315068493,0.1504273504273504,0.7169444561004639,934,145
0.2768987341772151,0.1362916006339144,0.1582278481012658,0.7133239507675171,968,188
0.2058252427184466,0.0894941634241245,0.116504854368932,0.6626790165901184,863,117
0.1865008880994671,0.0462633451957295,0.0976909413854351,0.6346715688705444,932,136
0.2144329896907216,0.1074380165289256,0.1484536082474226,0.7262113690376282,781,101
0.2054433713784021,0.080914687774846,0.1088674275680421,0.674104630947113,934,136
0.2422954303931987,0.1171458998935037,0.1487778958554728,0.7078132629394531,761,116
0.233362143474503,0.1402597402597402,0.1469317199654278,0.7221231460571289,908,136
0.1698268755152514,0.0825763831544178,0.0906842539159109,0.6907675862312317,1024,112
0.1479013990672885,0.0707138092061374,0.0852764823451032,0.7106291055679321,1288,118
0.2911512844909609,0.1544327931363203,0.2093244529019981,0.693751335144043,779,151
0.2478713339640492,0.1459715639810426,0.151371807000946,0.7045220136642456,862,142
0.2252747252747252,0.0972477064220183,0.13003663003663,0.6902718544006348,857,129
0.2168382798304058,0.1370527592480291,0.1635372501514233,0.7381938695907593,1332,178
0.2331174838112858,0.1353104726598702,0.1757631822386679,0.6995661854743958,865,137
0.1761533852606351,0.0959808038392321,0.1174355901737567,0.7043620944023132,1347,139
0.2224052718286655,0.094059405940594,0.1103789126853377,0.6783230304718018,951,143
0.2477558348294434,0.1097122302158273,0.1382405745062836,0.7011150121688843,900,151
0.1723496590204588,0.0806952203600248,0.1103533787972721,0.7041773200035095,1332,131
0.2702322308233638,0.1888653981677237,0.2237860661505981,0.7654263973236084,1095,177
0.2270531400966183,0.1511487303506651,0.1268115942028985,0.7443917393684387,1311,174
0.2249297094657919,0.1145539906103286,0.1180880974695407,0.6950972676277161,848,128
0.2034383954154728,0.1104734576757532,0.1203438395415472,0.7153772711753845,1142,154
0.2546419098143235,0.1594331266607617,0.1503094606542882,0.7289806604385376,862,138
0.2933333333333333,0.1679389312977099,0.1733333333333333,0.7169502377510071,795,153
0.2534246575342466,0.1337907375643224,0.1421232876712329,0.7175547480583191,925,152
0.2039045553145336,0.1636495293265749,0.1822125813449023,0.7751983404159546,1121,139
0.2949152542372881,0.1595925297113752,0.1983050847457627,0.7166303396224976,928,190
0.2815814850530376,0.1545893719806763,0.1620057859209257,0.7213858366012573,820,167
0.2063645130183221,0.1082125603864734,0.1427193828351012,0.6969089508056641,847,101
0.2355694227769111,0.1515625,0.1591263650546021,0.7227200865745544,996,143
0.1871921182266009,0.0986842105263157,0.1067323481116584,0.7165579795837402,991,115
0.2414529914529914,0.1156316916488222,0.1623931623931624,0.6843209266662598,706,102
0.4460694698354662,0.3296703296703296,0.356489945155393,0.7299584150314331,740,221
0.2246376811594202,0.1288566243194192,0.1503623188405797,0.7247371077537537,842,138
0.2258064516129032,0.107070707070707,0.1189516129032258,0.7290805578231812,791,120
0.2188340807174887,0.0862533692722372,0.1273542600896861,0.6736147403717041,909,134
0.2034548944337812,0.1057692307692307,0.1362763915547025,0.6837331056594849,857,107
0.290292177191329,0.1303116147308781,0.1621112158341187,0.7201210260391235,800,160
0.2517073170731707,0.1192570869990224,0.1717073170731707,0.693553626537323,785,135
0.2148612354521038,0.1112107623318385,0.1342882721575649,0.6801531314849854,856,117
0.21875,0.0798122065727699,0.125,0.6628381013870239,1028,137
0.2436260623229461,0.1002838221381267,0.1265344664778092,0.6820545792579651,839,146
0.2398489140698772,0.1324503311258278,0.1567516525023607,0.7379854321479797,831,133
0.2256596906278435,0.1203281677301732,0.1601455868971792,0.7001017332077026,866,140
0.2899906454630496,0.2343017806935333,0.2488306828811974,0.7773283123970032,811,140
0.2957198443579766,0.1695906432748538,0.1459143968871595,0.7136940360069275,739,165
0.2470588235294118,0.1531986531986532,0.1815126050420168,0.7181567549705505,893,149
0.4065335753176043,0.22,0.2686025408348457,0.7322000861167908,765,230
0.220053238686779,0.0995555555555555,0.1348713398402839,0.6974669694900513,886,124
0.2086466165413533,0.0979284369114877,0.1203007518796992,0.7079563736915588,873,127
0.261744966442953,0.1411764705882353,0.1812080536912751,0.7114742994308472,944,154
0.2753623188405797,0.2048387096774193,0.2351046698872786,0.7181779146194458,977,168
0.1903199343724364,0.105176663927691,0.1017227235438884,0.6891664266586304,990,97
0.2149474984558369,0.111317254174397,0.1346510191476219,0.6903993487358093,1301,178
0.1517450682852807,0.0699088145896656,0.101669195751138,0.6890179514884949,1140,120
0.2539086929330831,0.1227301189730745,0.1575984990619136,0.674446165561676,1267,206
0.2013245033112582,0.123342175066313,0.1523178807947019,0.6771643757820129,1241,154
0.2494623655913978,0.1464465183058148,0.1577060931899641,0.7038423418998718,1079,162
0.1977800201816347,0.0546006066734074,0.1029263370332996,0.6697606444358826,792,108
0.4188576609247506,0.2615803814713896,0.2683590208522212,0.7466261386871338,733,203
0.1797101449275362,0.0899854862119013,0.108695652173913,0.6860665082931519,1182,132
0.2654708520179372,0.1473495058400718,0.1991031390134529,0.713135302066803,825,148
0.2965900079302141,0.2081016679904686,0.2030134813639968,0.7230908274650574,949,177
0.2574750830564783,0.151414309484193,0.1910299003322259,0.7049735188484192,887,152
0.3412633305988515,0.2218570254724733,0.2411812961443806,0.7266477942466736,851,187
0.2592964824120603,0.1309164149043303,0.164824120603015,0.7258899211883545,785,137
0.2592274678111588,0.1375752364574377,0.192274678111588,0.7123275399208069,867,151
0.2026947861745753,0.0914956011730205,0.1159929701230228,0.7100903987884521,1418,180
0.2489270386266094,0.0963026655202063,0.1579399141630901,0.6901726126670837,911,171
0.4165341812400636,0.2961783439490446,0.3084260731319554,0.7352832555770874,903,247
0.1942857142857142,0.0915593705293276,0.1185714285714285,0.6784192323684692,1131,144
0.3501374885426214,0.2442607897153351,0.2768102658111824,0.7493457794189453,788,178
0.2613746369796709,0.1066925315227934,0.1374636979670861,0.6894489526748657,820,148
0.2636289666395444,0.13039934800326,0.1757526444263629,0.6981321573257446,986,164
0.1927162367223065,0.0957446808510638,0.1183611532625189,0.7070335745811462,1066,136
0.2117847993168232,0.0906757912745936,0.1298035866780529,0.6785699725151062,905,141
0.1620071684587813,0.0574300071787509,0.0931899641577061,0.6520876884460449,1167,137
0.264949402023919,0.1400921658986175,0.1637534498620055,0.7021628022193909,839,157
0.28125,0.1741682974559687,0.18359375,0.7183508276939392,770,136
0.2595419847328243,0.1478334749362786,0.1696352841391009,0.7068980932235718,910,150
0.204225352112676,0.0864197530864197,0.125,0.6969711184501648,888,133
0.1874587458745874,0.1004626569729015,0.1056105610561056,0.6659852862358093,1237,152
0.1740718198417529,0.0621572212065813,0.086427267194157,0.6809954643249512,1365,157
0.2336769759450171,0.1204819277108433,0.1219931271477663,0.7040470242500305,905,154
0.1883468834688346,0.0909090909090909,0.1192411924119241,0.6997202038764954,1192,151
0.3320683111954459,0.1958174904942966,0.2409867172675522,0.7343053817749023,807,175
0.1018387553041018,0.065155807365439,0.065063649222065,0.6648475527763367,1186,66
0.2060338484179543,0.1061164333087693,0.1265636497424576,0.6797581911087036,1127,150
0.3216326530612244,0.1864268192968111,0.236734693877551,0.7320662140846252,911,191
0.2302631578947368,0.0939044481054365,0.1282894736842105,0.6971157789230347,978,147
0.2639503985828166,0.1401952085181898,0.1771479185119574,0.6930308938026428,865,165
0.3342776203966005,0.2100283822138127,0.2455146364494806,0.7407078742980957,819,177
0.1991836734693877,0.0752248569092395,0.1110204081632653,0.6749425530433655,997,142
0.1633633633633633,0.068550811785929,0.1069069069069069,0.7027771472930908,1388,142
0.2339285714285714,0.0930232558139534,0.125,0.6799096465110779,876,158
0.2495812395309882,0.1359060402684563,0.1959798994974874,0.700415849685669,925,156
0.243103448275862,0.1329879101899827,0.1413793103448275,0.686589777469635,879,141
0.1913669064748201,0.100864553314121,0.1266187050359712,0.732957124710083,1102,134
0.2134484885872918,0.1346510191476219,0.1690314620604565,0.7210935354232788,1282,169
0.2438130155820348,0.1248852157943067,0.148487626031164,0.7113989591598511,845,139
0.2649656526005887,0.1396263520157325,0.1687929342492639,0.6876277327537537,798,141
0.2560296846011132,0.1431226765799256,0.1855287569573284,0.7302380800247192,863,135
0.2133995037220843,0.1060480530240265,0.1323407775020678,0.6844342350959778,989,136
0.1700194678780013,0.0649772579597141,0.0999351070733289,0.6920017004013062,1296,140
0.1778618732261116,0.0701421800947867,0.1135288552507095,0.6678654551506042,875,108
0.322268326417704,0.2091412742382271,0.2365145228215767,0.7517679333686829,1007,224
0.2412818096135721,0.1510859301227573,0.1357210179076343,0.7124105095863342,796,121
0.2299465240641711,0.1178571428571428,0.1568627450980391,0.7058137655258179,905,149
0.3163922691481746,0.1949820788530465,0.2219040801717967,0.7097141742706299,1035,218
0.1470198675496688,0.0822281167108753,0.1019867549668874,0.6699382662773132,1214,107
0.1948529411764706,0.0957642725598526,0.1066176470588235,0.6649521589279175,893,115
0.1826923076923076,0.0830324909747292,0.1165865384615384,0.7051722407341003,1335,152
0.253012048192771,0.1103448275862069,0.1652323580034423,0.667083203792572,915,154
0.19125,0.1113892365456821,0.12125,0.6930261254310608,1276,165
0.3002070393374741,0.1680497925311203,0.175983436853002,0.7394142150878906,727,142
0.1661676646706587,0.0704647676161919,0.1032934131736526,0.6958621144294739,1140,127
0.2798690671031097,0.1770491803278688,0.1833060556464812,0.7124986052513123,933,176
0.2227848101265822,0.1149619611158072,0.1383966244725738,0.6905778646469116,944,135
0.1742043551088777,0.0553691275167785,0.0971524288107202,0.6670597195625305,967,117
0.2034632034632034,0.0895953757225433,0.1168831168831168,0.6652827858924866,1121,151
0.3099361896080219,0.1552511415525114,0.1531449407474931,0.6974272131919861,855,185
0.3937442502299908,0.2156682027649769,0.264949402023919,0.6846858263015747,760,221
0.1527599486521181,0.0552699228791773,0.0783055198973042,0.6637400388717651,1302,139
0.1838440111420613,0.0837209302325581,0.1318477251624884,0.7044273018836975,874,109
0.288698955365622,0.1274976213130352,0.1519468186134853,0.7074689865112305,764,170
0.2388059701492537,0.1090589270008795,0.1369622475856014,0.6570640206336975,936,153
0.2097087378640776,0.1070038910505836,0.1339805825242718,0.7030267715454102,844,120
0.2467771639042357,0.1180811808118081,0.151012891344383,0.7326759099960327,876,135
0.2305529522024367,0.1070422535211267,0.1368322399250234,0.7014630436897278,867,128
0.2593607305936073,0.1354071363220494,0.1461187214611872,0.675300121307373,873,160
0.3036734693877551,0.1586263286999182,0.2024489795918367,0.6970238089561462,920,192
0.2645099904852521,0.1334604385128693,0.1503330161750713,0.6974867582321167,845,157
0.1855670103092783,0.1070422535211267,0.1143392689784442,0.6993536949157715,864,90
0.395693135935397,0.2466307277628032,0.2812920592193809,0.7867702841758728,1069,278
0.2383985441310282,0.1075660893345487,0.1255686988171064,0.6938294172286987,864,139
0.3934108527131782,0.2407766990291262,0.251937984496124,0.7444741129875183,726,202
0.2427536231884058,0.1633393829401089,0.1739130434782608,0.7260974645614624,886,120
0.2624179943767573,0.1126760563380281,0.1649484536082474,0.6903149485588074,840,152
0.2600619195046439,0.0889348500517063,0.1609907120743034,0.6933984756469727,732,140
0.1893719806763285,0.0890609874152952,0.1198067632850241,0.730336606502533,860,107
0.2832014072119613,0.1392070484581497,0.1776605101143359,0.6955031156539917,838,168
0.2108626198083067,0.1216,0.1469648562300319,0.7300193309783936,1016,121
0.1824953445065177,0.0764925373134328,0.1080074487895716,0.6948782205581665,855,104
0.3512797881729921,0.2210433244916003,0.2683142100617829,0.7547988891601562,824,199
0.3030698889614631,0.1491170699803793,0.1789679947746571,0.719489574432373,1156,276
0.2727272727272727,0.1393103448275862,0.1928374655647383,0.6843332052230835,1155,205
0.2111613876319758,0.0845921450151057,0.1101055806938159,0.6736569404602051,1082,169
0.3021001615508885,0.1763754045307443,0.1987075928917608,0.7232691049575806,931,183
0.2534930139720558,0.144,0.1756487025948103,0.7234825491905212,768,132
0.213903743315508,0.1392028554431885,0.1235888294711824,0.7260904312133789,1334,174
0.2619047619047619,0.1549925484351713,0.1636904761904762,0.6915929317474365,1061,180
0.2388888888888889,0.1205936920222634,0.1444444444444444,0.6932831406593323,833,134
0.4258555133079848,0.3104761904761905,0.3650190114068441,0.757948637008667,724,212
0.2632423756019261,0.1270096463022508,0.1573033707865168,0.6884218454360962,987,164
0.2335456475583864,0.0702127659574468,0.1210191082802547,0.6113935112953186,745,157
0.2869198312236287,0.1521555367709213,0.1721518987341772,0.696858823299408,894,188
0.290644868301544,0.1455868971792538,0.1889191643960036,0.710593044757843,835,171
0.209700427960057,0.0971428571428571,0.1312410841654779,0.6883562803268433,1152,163
0.326343381389253,0.1889763779527559,0.1913499344692005,0.7153745293617249,1132,264
0.2925696594427244,0.1906976744186046,0.2105263157894736,0.7476324439048767,1009,188
0.2310344827586206,0.081174438687392,0.1258620689655172,0.6977258324623108,910,145
0.1919354838709677,0.0646203554119547,0.1209677419354838,0.6739932894706726,1005,141
0.2263565891472868,0.1180124223602484,0.1472868217054263,0.7049193978309631,1000,142
0.1868652674339878,0.1057627118644067,0.1340555179417738,0.6958737969398499,1198,147
0.2899850523168908,0.1886227544910179,0.2122571001494768,0.7106409072875977,1020,183
0.2132564841498559,0.107795957651588,0.138328530259366,0.6792924404144287,843,117
0.2419221209610604,0.1477178423236514,0.1574150787075393,0.7264673113822937,962,138
0.2116923076923076,0.1096734442390634,0.1316923076923077,0.7060792446136475,1326,175
0.3440860215053763,0.192212096106048,0.2216708023159636,0.7123559713363647,908,218
0.1727475800446761,0.0894854586129754,0.1042442293373045,0.6906040906906128,1104,115
0.2668863261943986,0.1996699669966996,0.2240527182866557,0.7622226476669312,937,147
0.2233502538071066,0.091556459816887,0.1197969543147208,0.689333438873291,776,122
0.3510436432637571,0.1844106463878327,0.2333965844402277,0.7209975719451904,753,183
0.198874296435272,0.0845864661654135,0.1181988742964352,0.6598778963088989,862,127
0.2678751258811682,0.1574167507568113,0.1933534743202417,0.7239158153533936,750,137
0.2682387619749447,0.1697416974169741,0.1974944731024318,0.6822292804718018,1033,169
0.276595744680851,0.1950819672131147,0.2127659574468085,0.7354097366333008,896,164
0.2873563218390804,0.1247600767754318,0.185823754789272,0.6963281035423279,787,162
0.2137862137862138,0.078078078078078,0.1138861138861138,0.6746171116828918,806,117
0.2576,0.1730769230769231,0.1984,0.7442312836647034,884,129
0.2144082332761578,0.1134020618556701,0.1475128644939966,0.7109089493751526,952,125
0.3284671532846715,0.1590493601462523,0.218978102189781,0.7257922291755676,817,178
0.2186544342507645,0.1102603369065849,0.1376146788990825,0.6872504353523254,1042,141
0.3336566440349175,0.2196307094266278,0.2754607177497575,0.7637675404548645,786,171
0.2097649186256781,0.1268115942028985,0.1699819168173598,0.7325614094734192,883,126
0.2836879432624113,0.1357537490134175,0.1970055161544523,0.7109631896018982,981,211
0.3311367380560132,0.1617161716171617,0.186161449752883,0.6873528957366943,889,196
0.155863073561544,0.0641867250182348,0.0975965040058266,0.6809495687484741,1128,124
0.2112259970457902,0.0976331360946745,0.1137370753323486,0.7028884887695312,1092,163
0.2927308447937132,0.1594488188976378,0.1846758349705304,0.7225884199142456,779,158
0.2735999999999999,0.1266025641025641,0.1664,0.6835509538650513,966,193
0.2833935018050542,0.1374321880650994,0.1787003610108303,0.6793013215065002,835,165
0.2274741506646971,0.136094674556213,0.1610044313146233,0.7361090183258057,1091,152
0.260919540229885,0.1208285385500575,0.1666666666666666,0.6561259031295776,1326,236
0.2419928825622775,0.1229946524064171,0.1459074733096085,0.6933488249778748,884,154
0.2417582417582417,0.1301301301301301,0.1718281718281718,0.692330002784729,790,124
0.2786069651741293,0.1375872382851445,0.181094527363184,0.7273799777030945,772,153
0.1730769230769231,0.117037037037037,0.150887573964497,0.7039725184440613,1122,114
0.2273567467652495,0.0814814814814814,0.1386321626617375,0.6706952452659607,879,142
0.1641961231470923,0.0548571428571428,0.0935005701254276,0.6981900334358215,708,75
0.2404129793510324,0.1270310192023633,0.1710914454277286,0.6624054312705994,1026,166
0.2065009560229445,0.0996168582375479,0.1376673040152964,0.6832152009010315,796,119
0.2903225806451612,0.1834625322997416,0.1909677419354838,0.702795684337616,1168,208
0.3591711435149655,0.272098385857033,0.3039140445126631,0.7308990955352783,971,225
0.2479508196721311,0.1314168377823408,0.1311475409836065,0.7158353924751282,753,126
0.1362126245847175,0.0532445923460898,0.0830564784053156,0.6563661694526672,1029,98
0.2569134701159679,0.1733690795352994,0.2051739518287243,0.7308680415153503,882,155
0.2716297786720322,0.1491935483870967,0.1810865191146881,0.7364106774330139,764,140
0.2379286214135759,0.1233356692361598,0.1427571728481455,0.702950656414032,1097,169
0.3099906629318393,0.1608980355472404,0.196078431372549,0.7391370534896851,808,170
0.1988188976377952,0.0690335305719921,0.1141732283464566,0.680418848991394,802,127
0.3351648351648351,0.1779816513761468,0.1813186813186813,0.7150387167930603,780,181
0.3139427516158817,0.1295097132284921,0.1662049861495844,0.7052608132362366,823,188
0.4401294498381877,0.2803889789303079,0.3252427184466019,0.732932448387146,837,266
0.1970443349753694,0.0855263157894736,0.1330049261083744,0.6832035183906555,1006,136
0.2082695252679938,0.102760736196319,0.1255742725880551,0.6852731704711914,1019,145
0.1930835734870317,0.0851370851370851,0.1023054755043227,0.6936800479888916,1101,137
0.3323013415892673,0.1840744570837642,0.196078431372549,0.707302451133728,714,155
0.2137531068765534,0.1178423236514522,0.1309030654515327,0.7101664543151855,981,127
0.3840445269016697,0.2527881040892193,0.2708719851576994,0.7497217059135437,785,204
0.1929499072356215,0.1003717472118959,0.1354359925788497,0.6863583922386169,890,123
0.2799634034766697,0.1338221814848763,0.1445562671546203,0.7317230105400085,830,152
0.3585077343039126,0.2133090246125797,0.2602365787079163,0.7326949238777161,797,190
0.3504867872044506,0.2270194986072423,0.2698191933240612,0.7714986205101013,1036,248
0.2822822822822823,0.1765295887662989,0.1941941941941941,0.7033929824829102,744,130
0.1994657168299198,0.0945584299732381,0.1104185218165628,0.7008985280990601,877,126
0.2730318257956448,0.1459731543624161,0.1574539363484087,0.6807916760444641,923,168
0.2188755020080321,0.0845070422535211,0.1385542168674698,0.6804519295692444,785,124
0.2598770851624232,0.1284080914687775,0.1299385425812116,0.7051064372062683,887,164
0.1565762004175365,0.0313807531380753,0.0855949895615866,0.6532393097877502,791,95
0.2431668237511781,0.1340887629839471,0.1526861451460886,0.7110176086425781,800,125
0.3117101937657961,0.1755274261603375,0.2038753159224936,0.7246109247207642,870,179
0.2297955209347614,0.0760975609756097,0.1090555014605647,0.65435791015625,828,141
0.3076923076923077,0.2040249826509368,0.2300762300762301,0.7402186393737793,1085,210
0.2536764705882353,0.1160220994475138,0.1488970588235294,0.722191572189331,833,138
0.23,0.1252086811352253,0.1416666666666666,0.7296205163002014,943,153
0.2568460812086874,0.0851466414380321,0.1246458923512747,0.6779705882072449,840,134
0.2372644801116538,0.1369671558350803,0.1646894626657362,0.7185163497924805,1134,170
0.1940463065049614,0.1015452538631346,0.1323042998897464,0.6951717734336853,1500,175
0.1661538461538461,0.0770416024653312,0.1015384615384615,0.709844708442688,1071,108
0.1977401129943502,0.0867924528301886,0.1092278719397363,0.6873724460601807,889,115
0.2098668754894283,0.1176470588235294,0.1221613155833985,0.6921581029891968,1000,141
0.4225834046193327,0.234790059982862,0.2737382378100941,0.7440606355667114,805,255
0.1733576642335766,0.0639853747714808,0.0985401459854014,0.7111814618110657,915,110
0.2701555869872702,0.1671388101983003,0.1711456859971711,0.6942790746688843,1111,184
0.2291525423728813,0.1398506449422946,0.1586440677966102,0.6789094805717468,1186,172
0.1779425393883225,0.0947075208913649,0.1223354958294717,0.6939212679862976,910,101
0.3283582089552239,0.2043189368770764,0.2354892205638474,0.7379482388496399,890,187
0.3226366001734606,0.1998262380538662,0.1908065915004336,0.7333214282989502,888,182
0.1949317738791423,0.1027976577748861,0.1299545159194282,0.7114782333374023,1280,159
0.2384378211716341,0.0762100926879505,0.0945529290853031,0.7047215104103088,785,130
0.1891004596191726,0.1143984220907297,0.1247537754432041,0.6944798231124878,1198,149
0.3366515837104072,0.2121486854034451,0.2407239819004525,0.7228572368621826,814,182
0.3255131964809384,0.1527165932452276,0.190615835777126,0.7129098176956177,1034,226
0.2357207615593834,0.1253405994550408,0.1468721668177697,0.6876593828201294,887,136
0.2175021240441801,0.0970212765957446,0.1308411214953271,0.6814913153648376,940,150
0.1761467889908257,0.1158088235294117,0.110091743119266,0.713399350643158,898,95
0.2976085031000886,0.1792369121561668,0.2108060230292294,0.7050769925117493,854,160
0.187906976744186,0.0913327120223672,0.1283720930232558,0.7189021706581116,861,100
0.247011952191235,0.1137724550898203,0.147410358565737,0.6608865261077881,751,140
0.2129208371246587,0.129443938012762,0.1292083712465878,0.753250777721405,903,110
0.2089337175792507,0.1327561327561327,0.1224783861671469,0.7199504971504211,1102,143
0.2954990215264187,0.1313725490196078,0.1839530332681017,0.6801494359970093,795,167
0.239766081871345,0.1249999999999999,0.1500974658869395,0.7002778053283691,789,122
0.172876304023845,0.0671641791044776,0.1028315946348733,0.67218017578125,1138,130
0.2631058358061325,0.1546085232903865,0.181998021760633,0.7286222577095032,805,133
0.3699002719854941,0.2415985467756584,0.2611060743427017,0.7170620560646057,783,186
0.2536656891495601,0.1527165932452276,0.1730205278592375,0.7047422528266907,1071,176
0.2011904761904761,0.1203814064362336,0.1345238095238095,0.7388107180595398,1378,170
0.2448979591836735,0.1147798742138364,0.1601255886970172,0.6958001852035522,1012,157
0.2249283667621776,0.1219512195121951,0.1275071633237822,0.6950638890266418,1080,161
0.2701838529176659,0.1537229783827061,0.1726618705035971,0.7293550372123718,977,162
0.2414248021108179,0.1585204755614267,0.1767810026385224,0.7427553534507751,1145,178
0.2848893166506256,0.1581485053037608,0.1674687199230028,0.7150790095329285,771,150
0.3053016453382084,0.1575091575091575,0.16636197440585,0.72076016664505,792,165
0.2001551590380139,0.0947940947940948,0.1210240496508921,0.7053565382957458,1018,137
0.1716814159292035,0.0549645390070922,0.0849557522123893,0.6945531964302063,920,108
0.1858617950754567,0.0779634049323786,0.1064336775218427,0.6747125387191772,1026,134
0.1917326297273527,0.105726872246696,0.1072999120492524,0.7186548113822937,957,108
0.1474201474201474,0.0525020508613617,0.0819000819000819,0.6703644394874573,998,90
0.2457044673539519,0.108433734939759,0.127147766323024,0.6725435853004456,922,169
0.2214820982514571,0.0867389491242702,0.1232306411323896,0.6824665069580078,970,148
0.2820976491862568,0.1630434782608695,0.1699819168173598,0.7102532982826233,853,158
0.3228962818003913,0.2392156862745098,0.2681017612524461,0.7637709379196167,770,155
0.1974468085106383,0.0835464620630861,0.131063829787234,0.6858737468719482,922,136
0.2267396403440187,0.1064996084573218,0.1422986708365911,0.6965979933738708,1028,150
0.2641843971631206,0.152753108348135,0.1613475177304964,0.7399114966392517,892,151
0.2942271880819366,0.1735074626865671,0.1973929236499069,0.70994633436203,812,159
0.2057416267942583,0.0894568690095846,0.124401913875598,0.7137750387191772,996,145
0.1578249336870026,0.0610889774236387,0.0888594164456233,0.6513449549674988,1236,123
0.32,0.195712954333644,0.2325581395348837,0.720990777015686,809,177
0.2149437052200614,0.123076923076923,0.1699078812691914,0.6839470863342285,776,111
0.3297101449275362,0.1488203266787658,0.1902173913043478,0.7213773131370544,804,200
0.2632066728452271,0.116991643454039,0.1556997219647822,0.693194568157196,840,151
0.1994134897360703,0.0803134182174338,0.115347018572825,0.6668351888656616,830,115
0.225481209899175,0.1175390266299357,0.1374885426214482,0.7122032642364502,862,132
0.24765478424015,0.1428571428571428,0.1669793621013133,0.7466623187065125,833,134
0.2433392539964476,0.099644128113879,0.1509769094138543,0.6869545578956604,892,161
0.214168039538715,0.1254125412541254,0.1103789126853377,0.7498572468757629,987,135
0.2502334267040149,0.117867165575304,0.1568627450980392,0.6840072870254517,865,152
0.1802973977695167,0.068901303538175,0.0966542750929368,0.6916111707687378,848,110
0.2264150943396226,0.1071428571428571,0.1215932914046121,0.7185491323471069,760,116
0.2256410256410256,0.1109969167523124,0.1148717948717948,0.729777455329895,763,116
0.3273092369477912,0.1951710261569416,0.214859437751004,0.7041424512863159,741,163
0.2982142857142857,0.186046511627907,0.2303571428571428,0.7315378189086914,838,156
0.1887511916110581,0.105062082139446,0.1048617731172545,0.7051939964294434,850,109
0.2714025500910747,0.1532846715328467,0.174863387978142,0.7025859951972961,852,149
0.2857142857142856,0.1290322580645161,0.1750503018108652,0.7033258080482483,776,161
0.1668283220174587,0.0816326530612244,0.1105722599418041,0.70652836561203,867,96
0.3424787133396405,0.214218009478673,0.2535477767265847,0.7332629561424255,793,172
0.2639138240574506,0.1744604316546762,0.1741472172351885,0.7019623517990112,885,133
0.2113821138211382,0.085539714867617,0.1178861788617886,0.6812430024147034,776,124
0.21944177093359,0.1099324975891996,0.1058710298363811,0.7159450650215149,839,118
0.2365591397849462,0.1077375122428991,0.1407624633431085,0.721230149269104,807,125
0.2836304700162075,0.1753246753246753,0.1766612641815235,0.7160353064537048,937,168
0.2516129032258064,0.1486268174474959,0.1709677419354838,0.7166253924369812,969,159
0.2509928514694202,0.1766109785202864,0.1826846703733121,0.7417101860046387,989,156
0.331439393939394,0.1669829222011385,0.1534090909090909,0.7048546671867371,779,185
0.1824,0.0865384615384615,0.1232,0.6920061111450195,1033,114
0.2662993572084481,0.1637534498620055,0.1561065197428834,0.7339395880699158,865,143
0.2222222222222222,0.1133603238866396,0.1515151515151515,0.7134746313095093,791,119
0.2283524904214559,0.133537989255564,0.1517241379310344,0.6934764385223389,1035,148
0.2845849802371541,0.192079207920792,0.2094861660079051,0.7567111253738403,791,151
0.2329113924050632,0.0946745562130177,0.1468354430379746,0.7266688346862793,949,139
0.2740814299900695,0.1611940298507462,0.1628599801390268,0.73723965883255,765,133
0.3193979933110368,0.2361809045226131,0.2675585284280936,0.7648173570632935,886,181
0.3720930232558139,0.2590975254730713,0.2761627906976744,0.7569726705551147,927,215
0.3386243386243386,0.2067137809187278,0.2451499118165784,0.7395876049995422,826,183
0.2402135231316726,0.1301247771836007,0.1281138790035587,0.7184017300605774,891,146
0.2693798449612403,0.1844660194174757,0.1976744186046511,0.7479199171066284,775,146
0.3441048034934497,0.2099737532808399,0.2165938864628821,0.7346824407577515,816,204
0.1906180193596426,0.1043997017151379,0.122114668652271,0.697766900062561,1115,130
0.2315018315018315,0.1232575201760821,0.1391941391941391,0.6969922780990601,1067,167
0.2111475409836065,0.1011162179908076,0.1377049180327868,0.6908241510391235,1253,163
0.3524976437323279,0.1907459867799811,0.2337417530631479,0.7080932855606079,787,191
0.2023486901535682,0.0959276018099547,0.1210478771454381,0.7012972235679626,900,115
0.1892682926829268,0.115347018572825,0.1053658536585365,0.7182794809341431,832,95
0.3128679562657696,0.1903959561920808,0.2052144659377628,0.733343780040741,872,191
0.2759124087591241,0.1798245614035087,0.1941605839416058,0.7474719882011414,1041,187
0.2401574803149606,0.1499013806706114,0.1614173228346457,0.7333667278289795,794,120
0.254957507082153,0.1248817407757805,0.1246458923512748,0.6866940855979919,817,147
0.2001576044129236,0.0947119179163378,0.1292356185973207,0.690201461315155,1066,123
0.1909854851031321,0.0841622035195103,0.1100076394194041,0.6829033493995667,1075,132
0.3191489361702128,0.2060390763765542,0.2482269503546099,0.7279292941093445,853,181
0.2030947775628626,0.1162790697674418,0.104448742746615,0.6719579696655273,828,89
0.1880733944954128,0.1271056661562021,0.1131498470948012,0.7197028994560242,1054,127
0.270849273144606,0.1762452107279693,0.1667941851568477,0.7178084254264832,993,164
0.2626262626262626,0.1820480404551201,0.1856060606060606,0.7031072378158569,1224,199
0.201863354037267,0.1057542768273717,0.1180124223602484,0.7107529640197754,1031,129
0.2571649883810999,0.1706749418153607,0.209140201394268,0.6992189884185791,958,156
0.2923219241443108,0.1594068582020389,0.1683626271970397,0.7292988896369934,828,157
0.2911051212938005,0.18001800180018,0.1761006289308176,0.724877655506134,825,146
0.3027888446215139,0.1564245810055866,0.1737051792828685,0.7024230360984802,968,198
0.1639566395663956,0.0854816824966078,0.1002710027100271,0.68232262134552,1232,126
0.199163179916318,0.0871751886001676,0.1288702928870292,0.6688193082809448,950,140
0.2145669291338582,0.1183431952662721,0.1496062992125984,0.7223489880561829,826,120
0.2268041237113402,0.1177685950413223,0.156701030927835,0.7101461291313171,750,121
0.2470960929250263,0.1185185185185185,0.1647307286166842,0.7109867930412292,762,123
0.1880222841225627,0.1143654114365411,0.1253481894150417,0.7165146470069885,1199,136
0.2554621848739495,0.1245791245791246,0.1663865546218487,0.7051906585693359,916,153
0.24950884086444,0.1456692913385826,0.1728880157170923,0.7240896821022034,803,125
0.2440419447092469,0.1031518624641833,0.1468064823641563,0.6760328412055969,824,145
0.2427637721755368,0.1122544434050514,0.1587301587301587,0.6972712874412537,816,135
0.3600746268656716,0.216822429906542,0.2369402985074626,0.7392497062683105,800,192
0.2237403928266438,0.1300256629597947,0.1451750640478223,0.740409255027771,917,126
0.262200956937799,0.1399808245445829,0.1511961722488038,0.7379112243652344,790,140
0.2729124236252546,0.1653061224489795,0.1832993890020366,0.7376794815063477,736,129
0.2932454695222405,0.193069306930693,0.2339373970345963,0.7478266358375549,929,168
0.240325865580448,0.1359619306594154,0.1371350984385607,0.7038407921791077,1173,174
0.2300518134715026,0.0934579439252336,0.1264248704663212,0.6833806037902832,736,130
0.2370820668693009,0.1340101522842639,0.1742654508611955,0.7093627452850342,782,125
0.1823966065747614,0.0956429330499468,0.112407211028632,0.6934122443199158,778,90
0.2819455894476504,0.1354252683732452,0.1681780708985985,0.7037369608879089,929,190
0.1715399610136452,0.083984375,0.1072124756335282,0.7234410643577576,853,92
0.1357951161405598,0.071556350626118,0.0857653365098272,0.7051684856414795,1396,115
0.2029411764705882,0.0927835051546391,0.1220588235294117,0.6849691867828369,1102,154
0.2838221381267738,0.1781990521327014,0.2138126773888363,0.6961725354194641,827,154
0.2600561272217025,0.1405810684161199,0.1702525724976613,0.7092167735099792,852,140
0.2966252220248668,0.2064056939501779,0.2184724689165186,0.7183389663696289,885,167
0.2492753623188406,0.1364296081277213,0.1840579710144927,0.7084723114967346,1076,166
0.2192550948699929,0.095707248416608,0.1124385101897399,0.7209621667861938,1146,177
0.3012160898035547,0.1143392689784442,0.1590271281571562,0.6746439337730408,793,194
0.1584615384615385,0.0878274268104776,0.1046153846153846,0.7007300853729248,1055,107
0.380952380952381,0.268389662027833,0.3015873015873015,0.7569116950035095,706,175
0.250566037735849,0.145124716553288,0.1584905660377358,0.7134213447570801,1014,153
0.2715596330275229,0.1415441176470588,0.1724770642201834,0.6982904076576233,830,146
0.2824156305506217,0.190391459074733,0.2202486678507993,0.7089827060699463,856,154
0.2459485224022879,0.1432664756446991,0.1525262154432793,0.7029994130134583,828,127
0.2849462365591398,0.1238779174147217,0.1666666666666666,0.6837924122810364,850,171
0.30527289546716,0.190917516218721,0.2201665124884366,0.7211042046546936,764,173
0.2250423011844332,0.1508474576271186,0.1641285956006768,0.7573738098144531,933,129
0.2415026833631485,0.1397849462365591,0.1413237924865832,0.737334668636322,892,133
0.3535353535353535,0.145748987854251,0.2282828282828283,0.651875913143158,738,186
0.2655038759689923,0.1223300970873786,0.1647286821705426,0.7124148607254028,802,147
0.2344961240310077,0.0893203883495145,0.127906976744186,0.6484501957893372,802,153
0.1692307692307692,0.0924369747899159,0.116083916083916,0.6778936982154846,1213,129
0.2347140039447731,0.075098814229249,0.1301775147928994,0.6686933636665344,804,134
0.2664756446991403,0.1319942611190817,0.1446991404011461,0.6761757135391235,1080,195
0.2320534223706176,0.1354515050167224,0.1519198664440734,0.718814492225647,924,144
0.2376425855513308,0.0876190476190476,0.1292775665399239,0.6709569692611694,861,142
0.2760511882998172,0.1336996336996337,0.1352833638025594,0.6925750374794006,833,153
0.2759666413949962,0.1457858769931663,0.1622441243366186,0.7195969820022583,1000,183
0.2014388489208632,0.0960768614891913,0.1135091926458832,0.6864319443702698,992,136
0.2373205741626794,0.109300095877277,0.1454545454545454,0.6911827325820923,834,136
0.3311506080449017,0.1986879100281162,0.2095416276894293,0.6904653906822205,786,166
0.2584784601283226,0.1818181818181818,0.2053162236480293,0.7542615532875061,867,134
0.1717451523545706,0.0869565217391304,0.1052631578947368,0.6807714700698853,889,99
0.3104294478527608,0.2076167076167076,0.2220858895705521,0.7410064339637756,1193,246
0.2460732984293193,0.0979020979020978,0.137870855148342,0.6930505037307739,923,147
0.3270286760219645,0.2052535125229077,0.2550335570469799,0.6965808868408203,1220,261
0.2473118279569892,0.1149012567324955,0.1397849462365591,0.7149063944816589,888,149
0.2574955908289241,0.1342756183745583,0.1657848324514991,0.7055143713951111,873,148
0.2401433691756272,0.1202872531418312,0.1559139784946236,0.7001636624336243,873,130
0.2923076923076922,0.2037671232876712,0.1692307692307692,0.7378758192062378,831,143
0.2027027027027027,0.0947775628626692,0.1177606177606177,0.6800034046173096,847,116
0.2220309810671256,0.1344827586206896,0.1531841652323579,0.6980551481246948,945,127
0.2690355329949239,0.1406779661016949,0.1810490693739424,0.7069765329360962,908,163
0.3080424886191198,0.1702127659574468,0.2094081942336874,0.7137712836265564,1011,192
0.2218649517684887,0.1062801932367149,0.1398713826366559,0.685106098651886,964,144
0.2201027146001467,0.1484202792064658,0.157006603081438,0.7642979025840759,1104,144
0.2474549725920125,0.1333333333333333,0.1534847298355521,0.6929710507392883,1019,168
0.1935483870967742,0.0977630488815244,0.1257237386269644,0.6700037121772766,1001,120
0.1924050632911392,0.0608622147083685,0.1080168776371308,0.6948018074035645,971,142
0.381301558203483,0.2185491276400367,0.2493125572868927,0.7105662226676941,768,192
0.3651282051282051,0.2096608427543679,0.2605128205128205,0.710698664188385,709,183
0.2395087001023541,0.1128205128205128,0.1392016376663254,0.64045649766922,748,117
0.248847926267281,0.1274238227146814,0.1474654377880184,0.6721898317337036,845,143
0.1822541966426858,0.0928742994395516,0.1119104716227018,0.6958047151565552,1029,109
0.2576779026217228,0.1605401350337584,0.1752808988764045,0.7050444483757019,997,165
0.3459459459459459,0.2220216606498195,0.2648648648648649,0.7406359910964966,814,186
0.4039145907473309,0.2762923351158645,0.297153024911032,0.7670429348945618,802,217
0.2948593598448109,0.1593780369290573,0.2172647914645974,0.7286106944084167,755,159
0.2865275142314991,0.1520912547528517,0.1555977229601518,0.7158724665641785,786,152
0.2515243902439024,0.1526717557251908,0.1920731707317073,0.7160657644271851,977,164
0.2033195020746888,0.0561330561330561,0.1016597510373444,0.673194408416748,781,121
0.2824302134646962,0.1792763157894736,0.1855500821018062,0.7409302592277527,951,165
0.2876318312559923,0.1786743515850144,0.1879194630872483,0.7333643436431885,799,141
0.2272727272727273,0.0991869918699187,0.1217532467532467,0.6981579065322876,968,142
0.2577696526508227,0.141025641025641,0.1846435100548445,0.6806214451789856,853,134
0.1739130434782608,0.0788235294117647,0.099882491186839,0.6785063743591309,1374,148
0.2631970260223049,0.1638123603871928,0.2052044609665427,0.707312285900116,996,174
0.3207729468599034,0.2013552758954501,0.2222222222222222,0.7107353210449219,678,146
0.2060506950122649,0.1031941031941032,0.1275551921504497,0.6922039985656738,1000,129
0.1973568281938326,0.0970873786407767,0.1145374449339207,0.6909325122833252,902,127
0.3540753724802804,0.2054433713784021,0.2296231375985977,0.6780129075050354,856,213
0.1434599156118143,0.0788732394366197,0.1012658227848101,0.6990451812744141,1175,98
0.2077294685990338,0.1403225806451613,0.1578099838969404,0.7026644945144653,996,129
0.1508379888268156,0.0652985074626865,0.1042830540037243,0.677105724811554,927,91
0.2288209606986899,0.1242344706911636,0.1397379912663755,0.7132379412651062,894,144
0.2884071630537229,0.1831916902738432,0.2205466540999057,0.7538227438926697,803,156
0.1959399823477493,0.1025641025641025,0.1253309796999117,0.6983153223991394,933,118
0.2516810758885687,0.1289701636188643,0.1306436119116234,0.7253542542457581,781,132
0.1593406593406593,0.0729023383768913,0.1057692307692307,0.6756880879402161,1241,129
0.2184707050645481,0.0696517412935323,0.109235352532274,0.6313744783401489,813,133
0.3567567567567568,0.1859205776173285,0.2216216216216216,0.7124989628791809,783,194
0.2554027504911592,0.139763779527559,0.1689587426326129,0.6841627359390259,789,133
0.1541038525963149,0.0738255033557047,0.0988274706867671,0.6625785231590271,1018,101
0.2292870905587668,0.1042471042471042,0.1387283236994219,0.7017900943756104,846,130
0.1637239165329053,0.062700964630225,0.0963081861958266,0.6449118256568909,1065,109
0.2455795677799606,0.1122047244094488,0.1355599214145383,0.6866034865379333,800,132
0.3125,0.1858585858585858,0.189516129032258,0.7283155918121338,741,160
0.2056680161943319,0.1184103811841038,0.1279352226720648,0.7160680890083313,995,125
0.2831858407079646,0.1808510638297872,0.1929203539823009,0.7095301151275635,848,154
0.3109815354713314,0.1324245374878286,0.2040816326530612,0.6894829273223877,802,161
0.2600151171579742,0.1377744133232399,0.1557067271352985,0.6878491044044495,1057,188
0.2312373225152129,0.1280487804878048,0.1460446247464503,0.7395718097686768,783,113
0.2339405560882071,0.0941402497598463,0.1476510067114093,0.6886730790138245,834,149
0.2408921933085502,0.1310498883097542,0.1576208178438661,0.7308411598205566,1057,176
0.2681047765793528,0.1188271604938271,0.1463790446841294,0.702029824256897,1001,198
0.1890243902439024,0.0916496945010183,0.1097560975609756,0.6819686889648438,795,106
0.1488958990536277,0.061907770056854,0.0832807570977918,0.6916339993476868,1342,128
0.2355623100303951,0.1050228310502283,0.1246200607902735,0.6850913166999817,1048,163
0.3216168717047452,0.153169014084507,0.2021089630931458,0.7251629829406738,842,204
0.2265144863915715,0.1248900615655233,0.1492537313432835,0.7153871655464172,906,140
0.4476479514415781,0.2568389057750759,0.2852807283763277,0.7419626116752625,905,283
0.1980982567353407,0.0952380952380952,0.1362916006339144,0.7148499488830566,1022,132
0.2651245551601423,0.1105169340463458,0.1565836298932384,0.6963731050491333,887,173
0.3039889958734525,0.1887052341597796,0.2104539202200825,0.7318325042724609,1067,207
0.199821587867975,0.1018766756032171,0.1248884924174844,0.7198517918586731,916,119
0.2287694974003466,0.145748987854251,0.1617562102830733,0.6958827376365662,1354,188
0.2418181818181818,0.1038251366120218,0.1272727272727273,0.684573233127594,881,145
0.2270916334661354,0.1037924151696606,0.1215139442231075,0.7100809812545776,797,110
0.1851368970013037,0.0926892950391645,0.1264667535853976,0.7056127786636353,1264,144
0.1324414715719063,0.0790354989953114,0.0923076923076923,0.679149866104126,1266,102
0.2618542108987969,0.1218993621545003,0.1698513800424628,0.7216026782989502,1103,191
0.1953818827708703,0.096085409252669,0.1154529307282415,0.6930611729621887,898,115
0.3099133782483156,0.1697203471552555,0.2098171318575553,0.7184538841247559,788,152
0.3692038495188102,0.2191060473269062,0.2414698162729659,0.7379657030105591,824,204
0.1892583120204603,0.0597779675491033,0.1005967604433077,0.659358561038971,933,144
0.1776738749269433,0.0760678759508484,0.1122150789012273,0.6710547804832458,1448,158
0.2428070175438596,0.1264933239634574,0.1487719298245614,0.6630919575691223,1128,188
0.2166285278413424,0.1008403361344537,0.1418764302059496,0.7201313376426697,1059,137
0.428343949044586,0.303030303030303,0.3264331210191083,0.7706954479217529,918,265
0.192,0.1089743589743589,0.112,0.726179301738739,1034,127
0.3109815354713314,0.1772151898734177,0.1652089407191448,0.7336033582687378,769,156
0.2498225691980127,0.1904761904761904,0.1930447125621008,0.7840568423271179,1085,168
0.2043887147335423,0.064030131826742,0.1053291536050156,0.6475422382354736,1306,189
0.1921655580192165,0.1213915618060695,0.1522542498152254,0.7509157061576843,1102,136
0.3857024106400665,0.273105745212323,0.28595178719867,0.6965001225471497,852,211
0.1233082706766917,0.0647590361445783,0.0872180451127819,0.655788004398346,1149,92
0.2042723631508678,0.1176470588235294,0.1148197596795727,0.7010154724121094,1242,158
0.1661538461538461,0.0939907550077041,0.0969230769230769,0.6781966090202332,1095,123
0.2803921568627451,0.1591355599214145,0.1803921568627451,0.7058939933776855,794,146
0.1752212389380531,0.0904255319148936,0.1185840707964601,0.6968666911125183,974,110
0.2198019801980197,0.0992063492063492,0.1425742574257425,0.7047463059425354,820,119
0.1444229529335912,0.0477727566171723,0.0838168923275306,0.6663162708282471,1327,126
0.2342704149933065,0.1501340482573726,0.180722891566265,0.7185124158859253,1199,166
0.2676767676767677,0.1500843170320404,0.1801346801346801,0.671882152557373,941,163
0.2689393939393939,0.1555977229601517,0.1325757575757575,0.7404869794845581,770,138
0.3162878787878788,0.1859582542694497,0.1969696969696969,0.7277858257293701,802,161
0.25,0.1521335807050092,0.1518518518518518,0.7229616641998291,860,135
0.3326923076923077,0.1579961464354528,0.1826923076923076,0.6946552991867065,781,189
0.1906577693040991,0.0821394460362941,0.1258341277407054,0.7082329988479614,836,116
0.2632066728452271,0.128133704735376,0.170528266913809,0.7010776400566101,819,161
0.2125775022143489,0.1259982253771073,0.1310894596988485,0.7221970558166504,911,129
0.1968190854870775,0.1235059760956175,0.1312127236580517,0.7121660113334656,814,99
0.2369146005509641,0.1527138914443422,0.1689623507805326,0.7282517552375793,819,130
0.128125,0.056338028169014,0.0796875,0.7009239792823792,1103,98
0.2186046511627907,0.1024844720496894,0.1240310077519379,0.6947685480117798,1025,158
0.28,0.1057692307692307,0.144,0.653945803642273,950,184
0.1934338952972493,0.0568888888888889,0.0993788819875776,0.6737813353538513,950,143
0.2158995815899581,0.1089689857502095,0.1221757322175732,0.7175631523132324,992,137
0.3144171779141104,0.1582181259600614,0.1978527607361963,0.6836515069007874,1000,222
0.123730378578024,0.061054579093432,0.0904893813481071,0.6999421119689941,927,82
0.2497816593886462,0.1347331583552056,0.1694323144104803,0.7285570502281189,916,150
0.2129832239241429,0.1081081081081081,0.1327498176513493,0.710644006729126,1116,158
0.2945258288357749,0.1606177606177606,0.1742482652274479,0.7138136029243469,928,187
0.3282312925170068,0.2248722316865417,0.2482993197278911,0.7498998641967773,869,192
0.1685649202733485,0.0760456273764258,0.0987091875474563,0.661546528339386,1106,123
0.2638469284994965,0.1352169525731584,0.1873111782477341,0.6907315850257874,787,126
0.2872246696035243,0.146513680494263,0.1832599118942731,0.7038998603820801,803,165
0.2223816355810617,0.0991379310344827,0.1162123385939741,0.6712344884872437,1100,174
0.2319093286835222,0.1362445414847161,0.1639058413251961,0.7025763988494873,931,127
0.1481942714819427,0.071072319201995,0.0921544209215442,0.6693820357322693,1348,137
0.1875547765118317,0.0561896400351185,0.1121822962313759,0.6802237033843994,922,129
0.3001876172607879,0.1936090225563909,0.1857410881801126,0.7185759544372559,831,159
0.2484939759036144,0.1176470588235294,0.1325301204819277,0.7075183391571045,1016,167
0.2333654773384764,0.0985507246376811,0.150433944069431,0.6890832185745239,819,135
0.2674230145867099,0.1217532467532467,0.1572123176661264,0.6832418441772461,971,180
0.3752860411899313,0.2322383498854087,0.2501906941266209,0.7303164601325989,918,252
0.2580140734949179,0.1848081440877055,0.2001563721657545,0.7169148921966553,961,159
0.3761544920235096,0.2371740958788898,0.2972292191435768,0.7749947309494019,841,202
0.2249190938511326,0.1085899513776337,0.1197411003236245,0.6804332137107849,1010,155
0.2888888888888889,0.1531413612565445,0.1673202614379085,0.7219487428665161,1208,224
0.3010085337470907,0.1367521367521367,0.1986035686578743,0.726743221282959,958,189
0.2428057553956835,0.1639639639639639,0.2014388489208633,0.742138683795929,871,122
0.2157751586582049,0.0871934604904632,0.1051677243880326,0.6736742854118347,925,131
0.3138686131386861,0.1517367458866544,0.1824817518248175,0.6887307167053223,813,193
0.2125813449023861,0.1259956553222302,0.1127982646420824,0.6924670338630676,1123,146
0.1698595146871009,0.0959079283887468,0.1034482758620689,0.6999359130859375,1366,132
0.2191304347826086,0.0993031358885017,0.1339130434782608,0.7045459151268005,925,130
0.300272975432211,0.1768459434822242,0.1874431301182893,0.6986626982688904,822,160
0.2488728584310189,0.1102077687443541,0.1442741208295762,0.6863791942596436,868,141
0.2391304347826086,0.1222780569514237,0.1471571906354515,0.6877284049987793,954,149
0.2884431709646609,0.1531100478468899,0.1833810888252149,0.6636184453964233,777,167
0.3090379008746355,0.1664233576642335,0.1909620991253644,0.7005864381790161,1025,207
0.2335623159960745,0.127826941986234,0.1472031403336604,0.6999799013137817,826,132
0.2649656526005888,0.1612586037364798,0.2001962708537782,0.7120180726051331,744,129
0.2186711522287636,0.1112047177759056,0.1530698065601345,0.7055017948150635,990,141
0.3935886019590383,0.2943800178412132,0.3116651825467498,0.7563720345497131,814,203
0.2730696798493408,0.1698113207547169,0.2071563088512241,0.7125784754753113,785,127
0.2973451327433629,0.1294326241134752,0.1681415929203539,0.7029213905334473,854,194
0.2602870813397129,0.1112176414189837,0.1645933014354066,0.6789907813072205,838,144
0.2681858019281332,0.1404741000877963,0.1682734443470639,0.677704393863678,870,164
0.2486678507992895,0.1423487544483986,0.172291296625222,0.6830466389656067,886,137
0.3360433604336043,0.1828054298642533,0.2041553748870822,0.6905361413955688,802,187
0.2632398753894081,0.1450858034321372,0.1635514018691588,0.6971411108970642,1003,162
0.2146892655367232,0.1173974540311173,0.1313559322033898,0.7040383815765381,1095,149
0.2657091561938958,0.1744604316546762,0.1795332136445242,0.7021754384040833,843,138
0.1516654854712969,0.0780695528743789,0.0978029766123316,0.692409873008728,1170,107
0.239089184060721,0.1273764258555133,0.144212523719165,0.7301355004310608,829,129
0.2242424242424242,0.1437246963562753,0.1696969696969696,0.7128393650054932,817,110
0.1666666666666666,0.0654044750430292,0.1116838487972508,0.6948524713516235,955,111
0.2737262737262737,0.1621621621621621,0.1778221778221778,0.7085253596305847,762,134
0.2197802197802197,0.1174311926605504,0.141025641025641,0.7227009534835815,895,130
0.2129277566539923,0.0952380952380952,0.1520912547528517,0.6996268033981323,825,119
0.1963190184049079,0.0881147540983606,0.1022494887525562,0.6780816912651062,811,103
0.2728164867517174,0.1592920353982301,0.1668302257114818,0.7199724316596985,776,147
0.3540090771558245,0.2196969696969697,0.2420574886535552,0.7413650751113892,890,229
0.3356521739130435,0.2020905923344948,0.2417391304347825,0.7233330011367798,849,189
0.1922503725782414,0.0865671641791044,0.1132637853949329,0.7080284357070923,1114,144
0.2296650717703349,0.0917180013689254,0.1175666438824333,0.6905359029769897,1161,184
0.1728786677240285,0.0810166799046862,0.1173671689135606,0.6923263669013977,1031,122
0.3231441048034934,0.1802274715660542,0.1973799126637554,0.7282971739768982,835,191
0.1663778162911612,0.0486111111111111,0.1143847487001733,0.6726495027542114,960,119
0.1777108433734939,0.0769230769230769,0.1265060240963855,0.6915525794029236,1078,121
0.1872509960159362,0.0970744680851063,0.1155378486055776,0.7077690958976746,1218,137
0.1706749418153607,0.0808080808080808,0.1101629169899146,0.6996036767959595,1088,111
0.1995094031071136,0.1081081081081081,0.1439084219133278,0.6872864365577698,990,132
0.1944444444444444,0.1064087061668682,0.1328502415458937,0.7080056071281433,1394,155
0.2791145332050048,0.1600771456123433,0.2001924927815207,0.7095316052436829,793,142
0.2348258706467662,0.1116650049850448,0.145273631840796,0.7051466107368469,826,130
0.2241715399610136,0.126953125,0.1442495126705653,0.7071573138237,824,119
0.2191192266380236,0.1076426264800861,0.1310418904403866,0.7087075710296631,753,110
0.13896218117854,0.0334801762114537,0.0721196130167106,0.6342881917953491,970,100
0.2586206896551724,0.145873320537428,0.1685823754789272,0.6879746913909912,825,145
0.2656126482213439,0.1583531274742676,0.1976284584980237,0.7276004552841187,985,154
0.2203389830508474,0.1046676096181046,0.1242937853107344,0.7012821435928345,1143,158
0.2781818181818182,0.1912568306010929,0.1854545454545454,0.7511204481124878,836,148
0.1827768014059753,0.1003521126760563,0.1318101933216168,0.6870984435081482,947,110
0.2656383890317052,0.127038626609442,0.1610968294772922,0.6799412965774536,919,156
0.1993896236012207,0.1202854230377166,0.1403865717192268,0.7021816968917847,784,98
0.2795477903391573,0.1544799176107106,0.2034943473792394,0.7118167877197266,745,150
0.2379378717779247,0.1403044341495698,0.1401189689358889,0.7331367135047913,1180,178
0.3921232876712328,0.2830188679245283,0.2962328767123288,0.7673433423042297,867,209
0.2643427741466957,0.1541818181818181,0.1525054466230936,0.6989758610725403,1034,169
0.263063063063063,0.1588447653429603,0.1783783783783784,0.7041344046592712,864,136
0.3036053130929791,0.1406844106463878,0.1707779886148007,0.7146690487861633,787,183
0.2567441860465116,0.1453867660764212,0.1599999999999999,0.7130933403968811,853,147
0.2779783393501804,0.1555153707052441,0.1552346570397112,0.6989616751670837,832,161
0.2703703703703703,0.1280148423005565,0.137037037037037,0.6943901777267456,813,156
0.2196293754289636,0.1292096219931271,0.126286890871654,0.7170669436454773,1175,161
0.2751937984496124,0.1300970873786407,0.1492248062015504,0.7067818641662598,789,158
0.1818181818181818,0.048971596474045,0.0918866080156402,0.6774192452430725,845,121
0.2402545743834526,0.1243027888446215,0.1654733492442323,0.7042813301086426,986,156
0.2451394759087067,0.1354784081287045,0.1690617075232459,0.7392382621765137,928,149
0.2613531047265987,0.1077065923862581,0.1408711770157553,0.670869767665863,835,160
0.2107396149949341,0.1238578680203045,0.1661600810536981,0.7317700982093811,775,110
0.264736297828335,0.1388601036269429,0.1571871768355739,0.6986796259880066,752,127
0.3067729083665338,0.1457085828343313,0.1932270916334661,0.7063263058662415,755,162
0.3264094955489614,0.2160555004955401,0.2611275964391691,0.7236638069152832,748,154
0.3490566037735849,0.2438563327032136,0.2584905660377358,0.7226371169090271,773,176
0.3782505910165484,0.2352012628255722,0.2695035460992908,0.7407736778259277,845,232
0.3430127041742286,0.1654545454545454,0.2268602540834845,0.7341272830963135,818,179
0.2526539278131635,0.1106382978723404,0.138004246284501,0.6939606666564941,746,120
0.260575296108291,0.1694915254237288,0.1861252115059221,0.7271471619606018,915,162
0.2933333333333333,0.1393129770992366,0.1733333333333333,0.7016299366950989,811,167
0.1691331923890063,0.0550847457627118,0.095137420718816,0.6704683303833008,784,116
0.1776315789473684,0.085667215815486,0.1167763157894736,0.6823228001594543,1011,103
0.2976653696498054,0.1500974658869395,0.1712062256809338,0.7147656083106995,788,156
0.1843971631205673,0.0865074241446094,0.0954223081882656,0.6768421530723572,1234,139
0.1930348258706467,0.0917248255234297,0.1233830845771144,0.7331555485725403,762,101
0.1999999999999999,0.1010273972602739,0.1333333333333333,0.696826159954071,959,120
0.1939163498098859,0.1015228426395939,0.1229404309252218,0.7045468688011169,1296,163
0.3234200743494423,0.1545623836126629,0.2026022304832713,0.6888677477836609,800,192
0.3079646017699115,0.202127659574468,0.1929203539823009,0.7210928797721863,827,177
0.1695205479452055,0.0754716981132075,0.1027397260273972,0.6620839238166809,946,114
0.3338391502276175,0.1352583586626139,0.1745068285280728,0.6753910779953003,931,238
0.1531611754229741,0.0856378233719893,0.1032947462154942,0.7005031704902649,921,95
0.2750716332378224,0.1148325358851674,0.1642788920725883,0.7036343812942505,819,144
0.1433447098976109,0.0581196581196581,0.0870307167235494,0.6596877574920654,978,96
0.3001686340640809,0.152027027027027,0.1922428330522765,0.7249411344528198,888,190
0.3477576711250983,0.2206461780929866,0.2659323367427222,0.7435693740844727,915,202
0.2857142857142857,0.0848356309650053,0.1417989417989418,0.6721267700195312,717,179
0.1835003855050115,0.0911196911196911,0.100231303006939,0.6888368725776672,1075,130
0.2313099041533546,0.1253998720409468,0.1392971246006389,0.7165956497192383,1271,190
0.3175542406311637,0.191699604743083,0.2031558185404339,0.7254868745803833,759,153
0.2524977293369664,0.1237488626023657,0.1471389645776566,0.7275693416595459,879,146
0.1211387038158691,0.0654942389326864,0.0763173834039975,0.7047244310379028,1400,104
0.2889095992544269,0.1531279178338001,0.1770736253494874,0.6626514792442322,795,165
0.3504074505238649,0.1818181818181818,0.220023282887078,0.7142119407653809,1246,310
0.353923205342237,0.1615598885793872,0.234835837506956,0.710141122341156,1264,341
0.1538461538461538,0.0872093023255814,0.0986937590711175,0.688144862651825,1184,110
0.1833227243793762,0.1083492670490758,0.1043921069382558,0.7179657220840454,1295,137
0.3135593220338983,0.1884550084889643,0.1999999999999999,0.7228642702102661,864,180
0.2286245353159851,0.0968342644320297,0.1468401486988847,0.7003300786018372,872,130
0.2108559498956158,0.100418410041841,0.127348643006263,0.6892251372337341,795,102
0.2953367875647668,0.2041522491349481,0.2089810017271157,0.7556995749473572,881,162
0.1952506596306068,0.0863436123348017,0.1108179419525065,0.706974446773529,922,121
0.2105882352941176,0.1248527679623086,0.128235294117647,0.7064715623855591,1376,186
0.2851674641148325,0.1284755512943432,0.1703349282296651,0.7007576823234558,783,181
0.3189427312775331,0.1853486319505737,0.2202643171806167,0.7402856945991516,862,169
0.1579937304075235,0.071563088512241,0.0865203761755486,0.6952404379844666,1279,133
0.2552763819095477,0.1268882175226586,0.1567839195979899,0.6948512196540833,809,140
0.3305478180129991,0.1674418604651162,0.1745589600742804,0.7036224603652954,786,188
0.2024691358024691,0.1154163231657048,0.1465020576131687,0.7076770067214966,978,123
0.2106280193236714,0.0968054211035817,0.1429951690821256,0.6806865334510803,850,117
0.3008849557522124,0.1897163120567375,0.2194690265486725,0.6973062753677368,876,169
0.1820563195808775,0.0931147540983606,0.1309757694826457,0.6666542291641235,1269,144
0.2986003110419907,0.1806853582554517,0.2301710730948677,0.73646080493927,930,175
0.2598290598290599,0.1078767123287671,0.1504273504273504,0.6805201768875122,928,167
0.3397887323943662,0.2028218694885361,0.2517605633802817,0.719001293182373,805,194
0.2776911076443057,0.1859374999999999,0.2074882995319812,0.7044632434844971,993,163
0.2511627906976743,0.1267474370922647,0.1767441860465116,0.6995221972465515,828,132
0.1716666666666666,0.0818030050083472,0.0983333333333333,0.6732015609741211,996,111
0.2427536231884058,0.147005444646098,0.1322463768115942,0.6895666122436523,855,126
0.3393939393939394,0.2289679098005204,0.2476190476190476,0.7588537931442261,854,182
0.2874132804757185,0.1310824230387288,0.176412289395441,0.7112247347831726,801,150
0.2088006902502157,0.1071737251512532,0.1501294219154443,0.6823786497116089,862,120
0.1973018549747048,0.1097972972972973,0.1298482293423271,0.6536692976951599,980,129
0.2599221789883268,0.1652377240841777,0.2132295719844358,0.7276827692985535,1005,159
0.2694466720128308,0.1879518072289156,0.1860465116279069,0.7094870209693909,972,158
0.1780721118469463,0.10759027266028,0.1324503311258278,0.7068625688552856,1108,116
0.2683982683982684,0.1439722463139635,0.1679653679653679,0.6870604157447815,908,158
0.2407960199004975,0.1236291126620139,0.1432835820895522,0.678930938243866,821,129
0.22181146025878,0.1055555555555555,0.1275415896487985,0.689305305480957,879,136
0.2408477842003853,0.0945945945945946,0.1502890173410404,0.6767373085021973,811,133
0.2581227436823105,0.1338155515370705,0.1859205776173285,0.7210561037063599,906,148
0.224352828379674,0.0922190201729106,0.1188878235858101,0.7082768678665161,844,120
0.2681564245810056,0.1212686567164179,0.1415270018621974,0.6912509202957153,816,156
0.2306201550387596,0.0990291262135922,0.1143410852713178,0.6879724860191345,797,131
0.2228260869565217,0.0671506352087114,0.1050724637681159,0.660737156867981,893,135
0.1818181818181818,0.0970212765957446,0.1138487680543755,0.6910548806190491,973,116
0.2459485224022879,0.1127029608404966,0.1410867492850333,0.7266504764556885,824,137
0.238095238095238,0.1093439363817097,0.1369047619047619,0.7088858485221863,781,127
0.2698961937716263,0.1785095320623916,0.1972318339100346,0.7309017777442932,885,144
0.2925373134328358,0.1655034895314058,0.181094527363184,0.7187827825546265,764,154
0.2975369458128079,0.1500493583415597,0.147783251231527,0.7372050881385803,772,156
0.2173144876325088,0.1061946902654867,0.1166077738515901,0.686661958694458,911,137
0.2231833910034602,0.143847487001733,0.1418685121107266,0.717989981174469,930,123
0.2919254658385093,0.1701244813278008,0.2236024844720496,0.7122461795806885,752,151
0.2512664640324215,0.1238578680203045,0.1783181357649442,0.7265682220458984,782,123
0.2187254130605822,0.1040189125295508,0.1211644374508261,0.663935124874115,1034,147
0.2439024390243902,0.1133919843597263,0.1326829268292683,0.6915260553359985,793,129
0.3294797687861271,0.1853281853281853,0.1926782273603082,0.730271577835083,774,171
0.2621448212648946,0.1450872359963269,0.1668194317140238,0.7421450614929199,847,148
0.2767527675276752,0.199630314232902,0.2158671586715867,0.7255377769470215,854,140
0.1928251121076233,0.124251497005988,0.1285500747384155,0.7114553451538086,1094,122
0.2527379949452401,0.1316455696202531,0.1297388374052232,0.7076345086097717,940,161
0.2807597027250206,0.173697270471464,0.1734104046242774,0.7562816739082336,937,165
0.2105263157894736,0.0970464135021097,0.1326315789473684,0.6905790567398071,772,108
0.1777777777777777,0.1049284578696343,0.0999999999999999,0.7082488536834717,1061,113
0.2111524163568773,0.1459419210722263,0.1412639405204461,0.7317120432853699,1094,127
0.230607966457023,0.0966386554621848,0.1362683438155136,0.6835381388664246,728,116
0.2093933463796477,0.1274509803921568,0.1565557729941291,0.6929277181625366,828,108
0.2582469368520264,0.1567516525023607,0.1941564561734212,0.7360788583755493,835,142
0.3724007561436672,0.2708333333333333,0.2930056710775047,0.7448862791061401,751,187
0.2448979591836734,0.112950340798442,0.1321671525753158,0.716790497303009,822,138
0.2953020134228188,0.1902017291066282,0.2186001917545541,0.7171180248260498,761,149
0.2557497700091996,0.1216589861751152,0.1655933762649493,0.7297132611274719,852,154
0.2993688007213706,0.1409214092140921,0.1911632100991884,0.6912822127342224,830,179
0.2304832713754646,0.1229050279329609,0.1524163568773234,0.6939131021499634,866,125
0.1418685121107266,0.0849220103986135,0.1124567474048442,0.7664647102355957,991,79
0.2327746741154562,0.1343283582089552,0.143389199255121,0.7300664782524109,845,130
0.2525252525252525,0.1538461538461538,0.1373737373737373,0.729953944683075,783,126
0.2118027485852869,0.0777327935222672,0.1067097817299919,0.693050742149353,994,147
0.2312030075187969,0.0998116760828625,0.1296992481203007,0.6739726662635803,861,123
0.1621621621621621,0.0865904990980156,0.0936936936936936,0.6753561496734619,1394,142
0.1807542262678803,0.1080729166666666,0.1027308192457737,0.6834459900856018,1281,138
0.3017176997759522,0.137621540762902,0.1896938013442867,0.7053324580192566,1012,221
0.3493212669683257,0.2103354487760652,0.1954751131221719,0.7152655720710754,783,189
0.2544802867383512,0.1274685816876122,0.1397849462365591,0.7034918069839478,859,138
0.2510602205258694,0.1614273576890399,0.1492790500424088,0.7657715678215027,911,147
0.3179680150517403,0.2092365692742695,0.1825023518344308,0.7329329252243042,814,174
0.2344186046511628,0.1342031686859273,0.1451162790697674,0.7258087992668152,826,130
0.2792877225866916,0.1389671361502347,0.1949390815370197,0.7210376262664795,816,166
0.2941176470588235,0.1273764258555133,0.1897533206831119,0.7029816508293152,770,151
0.2159730033745781,0.1272522522522522,0.1417322834645669,0.7405421137809753,1393,185
0.2357807652533609,0.0891191709844559,0.1468459152016545,0.687378466129303,769,132
0.2879256965944272,0.2093023255813953,0.2074303405572755,0.7209246754646301,1002,171
0.1762785636561479,0.0719738276990185,0.1022850924918389,0.6598195433616638,769,96
0.2391304347826087,0.1405940594059405,0.1343873517786561,0.7327686548233032,796,125
0.258783204798629,0.1373390557939914,0.1388174807197943,0.696860134601593,896,158
0.2994011976047904,0.184,0.2135728542914172,0.7013705372810364,764,151
0.2999999999999999,0.1967799642218247,0.1732142857142857,0.7333335876464844,862,182
0.23828125,0.1409001956947162,0.15625,0.7198055982589722,802,131
0.2293274531422271,0.092817679558011,0.1168687982359426,0.703652024269104,707,121
0.2666666666666666,0.1034807149576669,0.1370892018779342,0.7028051018714905,831,151
0.288780487804878,0.1564027370478983,0.1482926829268293,0.7118368148803711,780,147
0.247460757156048,0.1406105457909343,0.1643582640812557,0.7231494188308716,848,139
0.3137996219281663,0.2215909090909091,0.22117202268431,0.7606592774391174,818,163
0.1978866474543708,0.0731472569778633,0.1075888568683957,0.6665615439414978,858,124
0.2699490662139219,0.1258503401360544,0.1731748726655348,0.7200694680213928,902,157
0.1754966887417218,0.1028192371475953,0.1043046357615894,0.6755002737045288,1019,98
0.2752475247524752,0.1587301587301587,0.1881188118811881,0.7314953804016113,763,141
0.1837732160312805,0.0822722820763956,0.1114369501466275,0.6985459923744202,797,116
0.2721217887725975,0.1639656816015252,0.1769743101807802,0.7569776177406311,798,147
0.3966165413533834,0.2203389830508474,0.2481203007518796,0.7404918074607849,749,225
0.1590493601462523,0.0989010989010989,0.093235831809872,0.7145373225212097,908,84
0.2668045501551189,0.1471502590673575,0.1695966907962771,0.7284147143363953,755,133
0.2566225165562914,0.1492537313432836,0.1754966887417218,0.6968848705291748,770,148
0.2654028436018957,0.1471518987341772,0.1816745655608215,0.6885044574737549,961,167
0.2979591836734693,0.1852861035422343,0.2244897959183673,0.7083678245544434,1111,217
0.2945891783567134,0.144578313253012,0.1723446893787575,0.6789777874946594,759,154
0.4091627172195893,0.245253164556962,0.2353870458135861,0.7642921209335327,861,263
0.3372620126926564,0.2379654859218892,0.2393472348141432,0.7332888841629028,847,178
0.2816365366317792,0.1677788369876072,0.1750713606089438,0.7398884892463684,796,142
0.3435948361469712,0.2328358208955223,0.2740814299900695,0.751080334186554,704,162
0.2764838467317806,0.1489841986455982,0.1878287002253944,0.714881420135498,929,176
0.316793893129771,0.1548757170172084,0.183206106870229,0.7255870699882507,774,190
0.2277304415182029,0.152055857253685,0.1611154144074361,0.699349582195282,1022,136
0.2948960302457467,0.1893939393939394,0.1814744801512287,0.7491763830184937,818,150
0.4007029876977152,0.2535211267605634,0.2548330404217926,0.7207428216934204,785,225
0.3327433628318584,0.2092198581560283,0.1752212389380531,0.7246941924095154,794,182
0.2776203966005666,0.1438032166508987,0.1491973559962228,0.7323355674743652,804,147
0.218809980806142,0.098076923076923,0.1401151631477927,0.7202840447425842,843,119
0.2388888888888889,0.1020408163265306,0.1425925925925926,0.6805583238601685,854,134
0.1308698999230176,0.0570547417116422,0.0939183987682833,0.7001595497131348,1111,99
0.2767932489451477,0.1335587489433643,0.1654008438818565,0.7244488000869751,945,173
0.1276595744680851,0.0588972431077694,0.0763454317897371,0.6771383285522461,1331,114
0.1975103734439834,0.1014131338320864,0.1195020746887966,0.695689857006073,997,125
0.2982708933717579,0.1587301587301587,0.1988472622478386,0.7059423327445984,1057,219
0.2787610619469026,0.1772525849335302,0.2168141592920354,0.6929507851600647,1083,195
0.3213644524236984,0.1852517985611511,0.2423698384201077,0.7196148633956909,824,167
0.1680933852140077,0.0826188620420888,0.1120622568093385,0.7038635611534119,1073,119
0.2754367934224049,0.1071060762100926,0.1438848920863309,0.6786490678787231,755,156
0.1866028708133971,0.1054313099041533,0.1355661881977671,0.7109725475311279,1000,115
0.2851108764519535,0.1862433862433862,0.204857444561774,0.7393234372138977,701,134
0.2647754137115839,0.1452249408050513,0.160756501182033,0.7269238829612732,986,178
0.1755196304849884,0.0986892829606785,0.1108545034642032,0.7161839008331299,1055,108
0.2699926632428466,0.1587068332108743,0.1834189288334556,0.6816052198410034,1027,184
0.2927272727272728,0.1475409836065573,0.1781818181818181,0.7368645668029785,874,165
0.2080095636580992,0.1101137043686415,0.1374775851763299,0.6875167489051819,1347,165
0.2245430809399477,0.1220575414123801,0.1427328111401218,0.7120504975318909,899,137
0.217149907464528,0.1297096973440395,0.1529919802590993,0.7251793742179871,1280,170
0.2188879082082966,0.1220159151193634,0.1412180052956752,0.7240444421768188,904,121
0.2905811623246493,0.1666666666666666,0.1603206412825651,0.7059506773948669,769,154
0.2331390507910075,0.1251042535446205,0.1332223147377185,0.7092579007148743,971,130
0.2153179190751445,0.1143270622286541,0.1083815028901734,0.6915158033370972,1119,144
0.2960222016651249,0.1723818350324374,0.2109158186864014,0.703746497631073,832,150
0.2433179723502303,0.1532779316712834,0.1677419354838709,0.7182246446609497,872,129
0.272552783109405,0.1596153846153846,0.1689059500959693,0.712792158126831,805,142
0.2630085146641437,0.147867298578199,0.1702932828760643,0.716671884059906,793,146
0.3666666666666666,0.2161100196463654,0.2196078431372549,0.7364948391914368,751,191
0.2005785920925747,0.1217391304347826,0.1311475409836065,0.7182518839836121,826,103
0.222754491017964,0.0971223021582734,0.1389221556886227,0.6738247275352478,1324,205
0.1993174061433447,0.099794941900205,0.1337883959044368,0.6678778529167175,1205,148
0.252016129032258,0.0969696969696969,0.1653225806451612,0.6807904243469238,786,138
0.2918825561312608,0.1799307958477508,0.2245250431778929,0.7285996079444885,903,161
0.3444055944055944,0.1873905429071803,0.2167832167832167,0.7540603876113892,851,200
0.2983606557377049,0.1592775041050903,0.2114754098360656,0.7112711668014526,923,188
0.1664275466284074,0.0847701149425287,0.1090387374461979,0.7524674534797668,1144,119
0.3140298507462686,0.1888822474596533,0.1862686567164179,0.7312136292457581,1204,255
0.3110761979575805,0.2218725413060582,0.2733699921445404,0.709721565246582,913,180
0.1955896452540748,0.0806916426512968,0.1169702780441035,0.6798892617225647,868,118
0.3460207612456747,0.1854419410745234,0.2214532871972318,0.7365598082542419,843,196
0.3720538720538721,0.1922428330522765,0.234006734006734,0.726452648639679,843,223
0.1797468354430379,0.1051964512040557,0.1240506329113924,0.718569815158844,1255,147
0.2566158781074579,0.1590361445783132,0.1796311146752205,0.7303078770637512,979,164
0.4354430379746836,0.1961115807269653,0.2666666666666666,0.7406435012817383,839,280
0.2210834553440702,0.0982404692082111,0.1244509516837481,0.7019360661506653,1129,163
0.1850152905198777,0.1301684532924961,0.1330275229357798,0.7567448019981384,1049,125
0.2566735112936344,0.1275720164609053,0.1416837782340862,0.7127580046653748,750,138
0.2115915363385464,0.1087557603686635,0.1527138914443422,0.6674811244010925,877,122
0.2379032258064516,0.1332436069986541,0.1706989247311828,0.7095173597335815,1169,164
0.1960526315789473,0.1054018445322793,0.131578947368421,0.6840639710426331,1223,147
0.314868804664723,0.1850048685491723,0.2099125364431486,0.71610426902771,756,149
0.1750212404418012,0.051063829787234,0.0798640611724723,0.6676207184791565,963,135
0.2195121951219512,0.0957230142566191,0.1524390243902439,0.6766943335533142,782,108
0.1775147928994082,0.060965283657917,0.1115807269653423,0.6879726052284241,949,116
0.3193588162762022,0.1814814814814814,0.2478421701602959,0.7325167655944824,1240,270
0.1852813852813853,0.0763226366001734,0.1194805194805194,0.6631279587745667,963,118
0.1195516811955168,0.0511221945137157,0.0884184308841843,0.6522960662841797,1367,104
0.2540880503144654,0.1234256926952141,0.1647798742138364,0.6891406774520874,1233,221
0.2199440820130475,0.1363211951447245,0.1752096924510717,0.7280094027519226,851,115
0.2623224728487886,0.1422594142259414,0.1871345029239766,0.7190713882446289,924,168
0.3116003386960203,0.1543681085665818,0.1812023708721422,0.7172243595123291,874,206
0.2183266932270916,0.0766161213088587,0.1195219123505976,0.6606531143188477,1006,160
0.2197070572569906,0.148,0.1864181091877496,0.7308809757232666,1219,160
0.2136752136752137,0.1301369863013698,0.1401709401709401,0.7272534966468811,922,127
0.2024489795918367,0.0948487326246933,0.1420408163265306,0.6842352747917175,1016,130
0.1998262380538662,0.1044386422976501,0.1129452649869678,0.7280898094177246,922,121
0.2610294117647059,0.1325966850828729,0.1470588235294117,0.7176547646522522,834,158
0.2538531278331822,0.1689373297002725,0.1613780598368087,0.6962366104125977,813,134
0.3558718861209964,0.2352941176470588,0.2758007117437722,0.7074405550956726,822,190
0.1953917050691244,0.1274238227146814,0.1437788018433179,0.7122851014137268,867,111
0.2756052141527001,0.1380597014925373,0.1750465549348231,0.6998657584190369,798,156
0.1852995676343422,0.1150278293135435,0.1260037059913527,0.7296344041824341,1287,139
0.2200141944641589,0.0923951670220327,0.1305890702625976,0.6580336093902588,1129,157
0.3488805970149253,0.1981308411214953,0.2294776119402985,0.6767298579216003,785,196
0.1171251109139307,0.0426666666666666,0.0798580301685891,0.726783812046051,938,77
0.3673469387755101,0.208,0.25377107364685,0.7175725102424622,803,191
0.3208895949166005,0.1813842482100238,0.1985702938840349,0.6975259184837341,965,212
0.2678868552412645,0.1683333333333333,0.1713810316139767,0.7233679294586182,932,151
0.3675213675213675,0.2551369863013699,0.2974358974358974,0.7565115094184875,835,204
0.2993848257006151,0.191649555099247,0.2392344497607655,0.7291377782821655,1112,203
0.3747714808043875,0.2454212454212454,0.2340036563071297,0.7116923332214355,787,192
0.1944444444444444,0.1302149178255373,0.1401515151515151,0.7058018445968628,1296,154
0.186952288218111,0.113170731707317,0.1402142161635832,0.7522016167640686,796,93
0.188715953307393,0.1150097465886939,0.1400778210116731,0.7520332932472229,796,94
0.3527013251783894,0.2145045965270684,0.2670744138634047,0.7542253136634827,739,175
0.3069544364508393,0.2033626901521217,0.228617106314948,0.6955807209014893,898,182
0.2836990595611285,0.1679748822605965,0.2351097178683385,0.6983922719955444,961,170
0.2428940568475452,0.084555651423641,0.1257536606373815,0.6976220011711121,932,154
0.2618816682832202,0.1341107871720116,0.1377303588748787,0.6957712769508362,790,140
0.258188824662813,0.166023166023166,0.1791907514450867,0.7274563908576965,789,122
0.2715627668659265,0.1779298545765611,0.1895815542271562,0.7264048457145691,925,155
0.2046204620462046,0.1140495867768595,0.1369636963696369,0.6742079257965088,970,118
0.2760416666666666,0.1999999999999999,0.2118055555555555,0.74944007396698,897,148
0.2840690978886756,0.1384615384615384,0.1535508637236084,0.7085351347923279,750,152
0.3684210526315789,0.21875,0.290448343079922,0.6860264539718628,767,202
0.1995753715498938,0.1063075832742735,0.1259731068648266,0.7147253751754761,1148,150
0.2381413359148112,0.0950533462657614,0.1471442400774443,0.7021241188049316,797,139
0.2276879831342235,0.099929627023223,0.1124385101897399,0.6722810864448547,1147,161
0.3145665773011617,0.1575649059982095,0.162645218945487,0.7272297739982605,806,181
0.4975320829220138,0.3639960435212661,0.4106614017769003,0.7202923893928528,665,247
0.2003454231433505,0.0622837370242214,0.1036269430051813,0.6622712016105652,953,124
0.251993620414673,0.1293929712460063,0.1531100478468899,0.7197839617729187,976,153
0.2873453853472883,0.1563393708293613,0.203615604186489,0.7342239618301392,802,157
0.2047531992687385,0.1232458816351433,0.137720901889092,0.7217788696289062,1309,165
0.356243949661181,0.1920465567410281,0.2342691190706679,0.7241526246070862,763,176
0.2549317147192716,0.1276595744680851,0.1456752655538694,0.7051185369491577,1021,160
0.3450184501845018,0.1515711645101663,0.1752767527675276,0.7151252627372742,784,207
0.3010752688172043,0.168462291870715,0.2052785923753665,0.7227555513381958,770,164
0.3445692883895131,0.1969981238273921,0.2209737827715356,0.7462851405143738,792,197
0.302760463045414,0.1891168599464763,0.1834372217275155,0.727948009967804,829,155
0.2283609576427256,0.1088560885608856,0.1399631675874769,0.6895191669464111,839,122
0.2981956315289648,0.1731684110371075,0.2089268755935423,0.6953210830688477,791,161
0.2600896860986547,0.1203953279424977,0.1721973094170403,0.6662269234657288,892,161
0.2170989433237271,0.1174205967276227,0.132564841498559,0.7014787197113037,808,109
0.2142857142857143,0.0847457627118644,0.1165413533834586,0.6525033712387085,799,128
0.2512462612163509,0.1238761238761238,0.1575274177467597,0.7095385789871216,805,135
0.2324371205550737,0.0973066898349261,0.1387684301821335,0.6987277269363403,936,153
0.2239263803680981,0.1428571428571428,0.1717791411042944,0.7487632632255554,1036,144
0.3441122635753508,0.2235797189981674,0.2489322757779133,0.7068983912467957,1190,256
0.2941757156959526,0.1701285855588526,0.1994076999012833,0.731513261795044,722,145
0.1888489208633093,0.1117117117117117,0.1241007194244604,0.708175539970398,918,98
0.1699669966996699,0.084297520661157,0.1155115511551155,0.6829590797424316,1013,113
0.4506802721088435,0.262350936967632,0.3027210884353741,0.7206929326057434,722,258
0.1836228287841191,0.0878210439105219,0.1025641025641025,0.6735188364982605,996,115
0.3043478260869565,0.1663366336633663,0.1877470355731225,0.7192824482917786,789,167
0.2790368271954673,0.1914893617021276,0.2209631728045325,0.734523594379425,1014,161
0.2228915662650602,0.1327967806841046,0.1546184738955823,0.7144995331764221,808,119
0.2650793650793651,0.1192368839427663,0.1523809523809524,0.7197830080986023,976,161
0.1706710853355426,0.0829875518672199,0.124275062137531,0.6650718450546265,1007,103
0.2685109845402766,0.1597392013039935,0.1562245728234337,0.7137658596038818,1010,164
0.2095846645367412,0.110044785668586,0.126517571884984,0.708305299282074,1298,176
0.2230971128608923,0.102496714848883,0.1443569553805774,0.7340300679206848,1225,179
0.190917516218721,0.0817084493964716,0.1316033364226135,0.6818866729736328,864,118
0.3534482758620689,0.2383419689119171,0.2344827586206896,0.731670618057251,819,188
0.2214435879467414,0.1473684210526315,0.1527680448493343,0.724719762802124,1138,158
0.1830742659758203,0.0536332179930795,0.084628670120898,0.6753098368644714,921,135
0.2369511184755592,0.1443983402489626,0.1391880695940348,0.7326640486717224,965,144
0.2531645569620253,0.1420118343195266,0.1924050632911392,0.6692711710929871,886,150
0.2499999999999999,0.1150278293135436,0.1685185185185185,0.6854738593101501,855,148
0.2471042471042471,0.1334622823984526,0.1525096525096525,0.7107375860214233,812,134
0.2047244094488188,0.0927021696252465,0.1299212598425196,0.6951982378959656,782,123
0.2912801484230055,0.1654275092936803,0.1632653061224489,0.7171868681907654,764,145
0.1945866861741038,0.0879120879120879,0.1287490855888807,0.6630265712738037,1124,153
0.2279484638255699,0.0794438927507447,0.1268582755203171,0.6945605874061584,767,132
0.3019157088122605,0.1642363775901765,0.1854406130268199,0.7229353785514832,1027,205
0.2719449225473321,0.1689655172413793,0.2013769363166954,0.7217323780059814,922,158
0.3536776212832551,0.2006269592476489,0.2363067292644757,0.7328711748123169,928,227
0.3176838810641627,0.1692789968652037,0.2112676056338028,0.7258478999137878,961,206
0.3545543584720862,0.2610402355250245,0.2899118511263467,0.759314775466919,738,171
0.3281393217231897,0.1634527089072543,0.1924839596700275,0.7034137845039368,800,182
0.2747826086956521,0.1498257839721254,0.1860869565217391,0.734511137008667,866,160
0.1967493584260051,0.1079691516709511,0.1231822070145423,0.7191314101219177,938,104
0.2244655581947743,0.1284185493460166,0.1199524940617577,0.6962911486625671,1321,198
0.2059071729957806,0.1166525781910397,0.1417721518987341,0.6862702965736389,954,126
0.259469696969697,0.1555977229601518,0.1534090909090909,0.7177629470825195,796,144
0.259020618556701,0.1612903225806451,0.1932989690721649,0.7218316793441772,1176,205
0.3135313531353135,0.1471074380165289,0.198019801980198,0.6894885897636414,942,213
0.3303787268331991,0.135593220338983,0.1917808219178082,0.648108720779419,771,305
0.2962382445141066,0.1930926216640502,0.2100313479623824,0.697848379611969,959,179
0.2984822934232715,0.2027027027027027,0.2158516020236087,0.7352271676063538,912,177
0.3087362171331637,0.1631265930331351,0.183206106870229,0.726595938205719,907,187
0.2308402585410895,0.1091581868640148,0.1458910433979686,0.7051805257797241,866,138
0.2757352941176471,0.152854511970534,0.15625,0.7171170711517334,832,150
0.2285156249999999,0.1154598825831702,0.1503906249999999,0.693541407585144,799,114
0.1655629139072847,0.0729442970822281,0.1112582781456953,0.693972110748291,1254,142
0.2776735459662289,0.1522556390977443,0.1969981238273921,0.7118227481842041,831,154
0.2250950570342205,0.1157654226961157,0.1140684410646387,0.7059476971626282,1040,162
0.2305433186490455,0.1191176470588235,0.1380323054331864,0.6914687752723694,1094,175
0.2055045871559633,0.1084558823529411,0.1376146788990825,0.6874631643295288,854,126
0.2092862092862092,0.1346287300485774,0.1566181566181566,0.7373965978622437,1136,146
0.2352941176470588,0.0985048372911169,0.1457418788410886,0.6857747435569763,918,162
0.2329162656400385,0.0983606557377049,0.1308950914340712,0.6844455599784851,819,142
0.3272090988626421,0.2191060473269062,0.2519685039370078,0.7376684546470642,830,169
0.2211981566820276,0.1200369344413666,0.1253456221198156,0.7342910170555115,873,126
0.2184087363494539,0.128125,0.1310452418096724,0.7032034993171692,1060,141
0.3353474320241691,0.1921331316187594,0.2311178247734138,0.708031177520752,983,239
0.2695035460992908,0.1349911190053286,0.1879432624113475,0.7207544445991516,856,156
0.2031746031746031,0.0985691573926867,0.1444444444444444,0.7309616804122925,1009,129
0.2298850574712644,0.1294964028776978,0.1580459770114942,0.7194213271141052,1099,159
0.2645669291338582,0.1656151419558359,0.1889763779527559,0.7482959628105164,971,164
0.3250883392226148,0.1946902654867256,0.2526501766784452,0.7282541990280151,797,164
0.3454085930918281,0.2278481012658227,0.2611625947767481,0.7311303019523621,880,200
0.2854950115118956,0.1906225980015372,0.1780506523407521,0.7341028451919556,932,180
0.2514506769825919,0.1240310077519379,0.1605415860735009,0.7004793882369995,808,142
0.1925630810092961,0.1263297872340425,0.150066401062417,0.7224509119987488,1208,148
0.2525252525252525,0.1459537572254335,0.1572871572871572,0.7053919434547424,1104,167
0.198019801980198,0.0930587337909992,0.1157654226961157,0.6958335638046265,1085,141
0.2806076854334227,0.0895255147717099,0.1411974977658623,0.6664519309997559,867,172
0.2804154302670623,0.1248142644873699,0.1810089020771513,0.6904512047767639,1056,209
0.2509578544061303,0.1305182341650671,0.1685823754789272,0.6942973136901855,814,139
0.3276157804459692,0.1786941580756013,0.2298456260720411,0.7057135105133057,865,199
0.3542009884678748,0.1864686468646864,0.2240527182866557,0.6571400761604309,883,213
0.2995594713656387,0.1712268314210061,0.1938325991189427,0.7040408849716187,848,191
0.2420785804816223,0.133248730964467,0.173637515842839,0.7086926102638245,1211,207
0.1980676328502415,0.0951612903225806,0.1143317230273752,0.7011286616325378,1009,130
0.1950877192982456,0.0955727336612789,0.1417543859649122,0.6977142691612244,1162,148
0.1762962962962962,0.0801186943620178,0.114074074074074,0.6982935070991516,1113,120
0.2471728594507269,0.1407766990291262,0.1696284329563812,0.7136318683624268,945,167
0.2389937106918238,0.1260504201680672,0.1320754716981132,0.7356927990913391,747,123
0.4046140195208518,0.224,0.2076308784383318,0.7389096617698669,777,230
0.3178694158075601,0.2271944922547331,0.2422680412371134,0.7201744318008423,852,158
0.2917466410748561,0.1576923076923077,0.1708253358925144,0.7210367918014526,819,146
0.2382739212007504,0.112781954887218,0.1538461538461538,0.7113916277885437,827,121
0.2953904045155221,0.1998114985862394,0.2201317027281279,0.7423717975616455,797,162
0.2178217821782178,0.1173553719008264,0.1501650165016501,0.6934287548065186,990,132
0.202391904323827,0.0571428571428571,0.0993560257589696,0.6849241852760315,892,129
0.1483924154987634,0.0412881915772089,0.0824402308326463,0.6395765542984009,1030,123
0.1812688821752266,0.0786686838124054,0.1057401812688821,0.6829151511192322,1101,124
0.2510390689941812,0.1332223147377186,0.1645885286783042,0.713641345500946,913,151
0.2383838383838384,0.1417004048582996,0.1575757575757575,0.7294153571128845,792,119
0.2074468085106383,0.0941385435168739,0.1187943262411347,0.6794993281364441,861,125
0.1885680612846199,0.1073746312684365,0.1213906894519741,0.7165177464485168,1434,167
0.2278702892199824,0.1071115013169446,0.1595092024539877,0.6779248714447021,910,150
0.4309927360774818,0.200485044462409,0.2711864406779661,0.7014186382293701,742,262
0.2457264957264957,0.1006423982869379,0.1495726495726495,0.6855684518814087,737,130
0.2532588454376164,0.1305970149253731,0.1787709497206704,0.7087672352790833,847,138
0.315424610051993,0.1753472222222222,0.2253032928942807,0.6468448638916016,879,186
0.3041237113402062,0.1721170395869191,0.2319587628865979,0.7016494274139404,836,169
0.1771793054571226,0.0624556422995032,0.1063075832742735,0.654082715511322,1166,131
0.1373926619828259,0.0406567630961688,0.087431693989071,0.6628768444061279,1083,115
0.1874490627546862,0.0816326530612244,0.1026894865525672,0.6665145754814148,984,129
0.2102689486552567,0.0751020408163265,0.1320293398533007,0.6612669229507446,982,153
0.2139130434782608,0.0714285714285714,0.1269565217391304,0.6838997602462769,961,147
0.2368421052631579,0.1175059952038369,0.1435406698564593,0.6887624263763428,611,104
0.2359040829552818,0.127190136275146,0.1723914452365521,0.7062534689903259,1227,173
0.2165991902834008,0.127789046653144,0.131578947368421,0.6939712762832642,780,114
0.372791519434629,0.2442477876106194,0.2650176678445229,0.7494351267814636,827,204
0.2417713943746259,0.1426003594967046,0.1651705565529622,0.6967798471450806,1309,204
0.2279260780287474,0.1378600823045267,0.1683778234086242,0.7147646546363831,779,117
0.3227091633466135,0.1816367265469062,0.2011952191235059,0.7289278507232666,776,160
0.3229901269393512,0.1638418079096045,0.2045133991537376,0.7122824192047119,1042,238
0.2897765741367637,0.1613559322033898,0.1909275558564658,0.7149219512939453,1121,221
0.4162162162162162,0.243682310469314,0.3135135135135135,0.7025867104530334,751,233
0.2729729729729729,0.1461434370771312,0.1716216216216216,0.699311375617981,1141,203
0.2974683544303798,0.196513470681458,0.1962025316455696,0.7190625071525574,966,190
0.1927710843373493,0.0979418026969482,0.1077250177179305,0.7110168933868408,1123,142
0.3648535564853556,0.1994970662196144,0.2460251046025104,0.7280991673469543,847,222
0.2453416149068323,0.1586314152410575,0.170807453416149,0.7215295433998108,1020,147
0.3197556008146639,0.1693877551020408,0.2158859470468432,0.7087517976760864,733,151
0.2394366197183098,0.1499118165784832,0.1619718309859155,0.7150006294250488,909,140
0.2790697674418604,0.1453867660764212,0.1432558139534883,0.692503035068512,841,146
0.3251417769376182,0.2007575757575757,0.2079395085066162,0.7030172348022461,795,179
0.2227138643067846,0.1033973412112259,0.1415929203539823,0.6773680448532104,1058,162
0.2394957983193277,0.1242105263157894,0.1386554621848739,0.682159960269928,743,117
0.256221198156682,0.1311172668513389,0.1880184331797235,0.74275803565979,852,147
0.2670454545454546,0.1365576102418207,0.1846590909090908,0.7151362895965576,1130,198
0.3194139194139194,0.1966250917094644,0.2432234432234432,0.6855672001838684,1017,214
0.2661354581673306,0.1468475658419792,0.1513944223107569,0.7181880474090576,971,171
0.28,0.1376306620209059,0.1704347826086956,0.683207631111145,872,167
0.3683083511777302,0.1972837741243745,0.2412562455389008,0.6408681869506836,995,253
0.1509433962264151,0.0515463917525773,0.072041166380789,0.6617705821990967,959,103
0.201535508637236,0.0961538461538461,0.1055662188099808,0.676327645778656,855,112
0.2161794697484704,0.1075561606535057,0.133242692046227,0.723414957523346,1164,159
0.3690587138863001,0.2296918767507002,0.2572227399813607,0.7296780943870544,771,215
0.1785283474065138,0.1050724637681159,0.1170084439083232,0.7231593728065491,1275,145
0.2595555555555556,0.163846838824577,0.1813333333333333,0.7172735929489136,870,149
0.2668600435097897,0.1917211328976034,0.1885424220449601,0.711097002029419,1077,176
0.2150719729043183,0.1136556403731976,0.1049957662997459,0.691681444644928,938,131
0.203615604186489,0.0781696854146806,0.1255946717411988,0.6968589425086975,843,114
0.2728971962616822,0.1441947565543071,0.1514018691588785,0.7099332213401794,839,161
0.2245072836332476,0.1184549356223175,0.1371036846615252,0.7114753723144531,956,146
0.314792899408284,0.207345971563981,0.2331360946745562,0.7275550365447998,1224,246
0.2345215759849906,0.1240601503759398,0.1407129455909943,0.7076514959335327,850,140
0.1424766977363515,0.0586666666666666,0.081225033288948,0.6618372201919556,1271,131
0.2579439252336448,0.1516853932584269,0.1775700934579439,0.7381023168563843,792,136
0.1864623243933588,0.0767263427109974,0.1085568326947637,0.676834762096405,1289,168
0.1586679725759059,0.0451422963689892,0.1057786483839373,0.6591492295265198,815,100
0.2398081534772182,0.121697357886309,0.158273381294964,0.7010185122489929,938,170
0.2752293577981651,0.1450459652706843,0.1467889908256881,0.7037367820739746,765,151
0.3006189213085765,0.1594331266607617,0.1980548187444739,0.7248209714889526,855,178
0.2042389210019267,0.0887459807073954,0.1078998073217726,0.6905419826507568,1286,167
0.25,0.1321499013806706,0.1791338582677165,0.7098556160926819,801,137
0.1839285714285714,0.1055456171735241,0.1339285714285714,0.7124528884887695,866,112
0.2293906810035842,0.1364452423698384,0.1523297491039426,0.7068429589271545,885,119
0.248,0.1222444889779559,0.176,0.6994240283966064,811,127
0.2286245353159851,0.1080074487895717,0.1338289962825279,0.6916294693946838,857,130
0.2456140350877192,0.1447776628748707,0.1671826625386996,0.7216373085975647,744,117
0.2242677824267782,0.1139983235540653,0.1405857740585774,0.7134712934494019,981,142
0.2656826568265682,0.1922365988909427,0.2103321033210332,0.7487301230430603,829,139
0.1830845771144278,0.0638085742771684,0.0935323383084577,0.6716688871383667,843,103
0.2350877192982456,0.117750439367311,0.1508771929824561,0.720698356628418,918,150
0.2217821782178217,0.0972222222222222,0.1306930693069307,0.6756839752197266,799,118
0.2626441881100266,0.1208888888888888,0.1472937000887311,0.6995562314987183,889,149
0.1885245901639344,0.0902872777017783,0.1161202185792349,0.6851519346237183,1209,152
0.2305844675740592,0.1218925421010425,0.1697357886309047,0.6951742172241211,1008,149
0.1913774973711882,0.0758693361433087,0.1093585699263932,0.6836643218994141,787,108
0.2414383561643835,0.1217838765008576,0.1335616438356164,0.6815919876098633,939,154
0.1664611590628853,0.0666666666666666,0.1134401972872996,0.6773484349250793,1336,139
0.1898864809081527,0.0785935884177869,0.0949432404540763,0.7112882137298584,778,108
0.2336903602726387,0.1307317073170731,0.1518987341772152,0.7318697571754456,822,114
0.2159383033419023,0.1012875536480686,0.1371036846615252,0.6980706453323364,964,137
0.192226148409894,0.0849256900212314,0.1144876325088339,0.6976417303085327,1161,141
0.2122302158273381,0.0918918918918919,0.1546762589928057,0.7048132419586182,902,126
0.2782608695652174,0.1190130624092888,0.1855072463768116,0.6658381223678589,1044,195
0.1907949790794978,0.0787929589270746,0.107112970711297,0.6773086786270142,980,118
0.2111913357400722,0.1121157323688969,0.1245487364620938,0.6979906558990479,923,124
0.1710665258711721,0.0486772486772486,0.099260823653643,0.6403015851974487,769,109
0.2734082397003745,0.1613508442776735,0.1797752808988764,0.7158986330032349,805,149
0.2272727272727272,0.1382113821138211,0.1542207792207792,0.7375486493110657,973,130
0.3216783216783216,0.1901901901901901,0.1938061938061938,0.7198808789253235,759,159
0.2363636363636363,0.1202185792349726,0.1509090909090909,0.6750847101211548,889,149
0.1963562753036437,0.0730223123732251,0.1052631578947368,0.6696330308914185,776,104
0.2433537832310838,0.1352459016393442,0.1411042944785276,0.7166458964347839,770,111
0.1924557351809083,0.061680801850424,0.1077752117013087,0.6562963128089905,1036,153
0.2822510822510822,0.1006071118820468,0.1593073593073593,0.6770613789558411,890,167
0.1931407942238267,0.0813743218806509,0.1263537906137184,0.7055180072784424,879,117
0.2820763956904995,0.1256133464180569,0.1743388834476003,0.7122423052787781,779,151
0.3107692307692308,0.2049306625577812,0.1953846153846153,0.7273331880569458,965,189
0.3292583537082315,0.150204081632653,0.1939690301548492,0.6786677241325378,871,208
0.2132112491824722,0.1126391617550753,0.1425768476128188,0.7060825824737549,1253,156
0.2747474747474747,0.131578947368421,0.1717171717171717,0.7145355939865112,757,139
0.2479201331114808,0.1516666666666666,0.1647254575707154,0.7015283703804016,918,137
0.2803571428571428,0.1431127012522361,0.1482142857142857,0.6841738224029541,824,163
0.2868217054263565,0.1592233009708737,0.1375968992248062,0.7508677244186401,803,145
0.2434325744308231,0.1333333333333333,0.1471103327495621,0.7102628350257874,883,151
0.2925482980680772,0.1437788018433179,0.1766329346826126,0.7198517322540283,812,172
0.3258971871968962,0.2254616132167152,0.1862269641125121,0.7276932597160339,765,158
0.1943095072866065,0.1000694927032661,0.1304649548924357,0.6589657068252563,1183,151
0.2414151925078043,0.1251303441084462,0.1581685744016649,0.7291597723960876,771,131
0.3898601398601398,0.2416812609457092,0.270979020979021,0.7474919557571411,818,205
0.2303571428571428,0.1270125223613595,0.1732142857142857,0.7243943810462952,882,129
0.2784140969162995,0.1394527802294792,0.1462555066079295,0.7386432886123657,860,158
0.3352490421455938,0.1842610364683301,0.2356321839080459,0.7332335114479065,787,187
0.296359017781541,0.2069550466497031,0.2320067739204064,0.740683376789093,896,168
0.2390953150242326,0.1067961165048543,0.135702746365105,0.7085956931114197,960,162
0.2056962025316455,0.0824088748019017,0.1186708860759493,0.6809004545211792,1029,143
0.2813345356176735,0.1409214092140921,0.1713255184851217,0.7324945330619812,831,165
0.2484248424842484,0.1190261496844003,0.1512151215121512,0.6930875778198242,880,148
0.3016453382084095,0.1153846153846153,0.1645338208409506,0.6871337890625,833,191
0.335559265442404,0.2441471571906354,0.2737896494156928,0.7337568998336792,920,187
0.3373493975903614,0.2542236524537409,0.2409638554216867,0.7507822513580322,954,194
0.3366500829187396,0.2375415282392027,0.2769485903814262,0.7305746078491211,920,194
0.1419503750721292,0.0450606585788561,0.0796306982111944,0.6583318114280701,1498,139
0.1599999999999999,0.0712015257469802,0.099047619047619,0.6893556118011475,1343,128
0.1393034825870646,0.0585305105853051,0.0796019900497512,0.6881586909294128,1383,128
0.22289613343442,0.1154138192862566,0.1440485216072782,0.7097339630126953,1084,160
0.1987673343605547,0.0817901234567901,0.1263482280431433,0.6549891233444214,1067,157
0.2606837606837606,0.1263383297644539,0.1559829059829059,0.7010270357131958,735,141
0.2087227414330218,0.126365054602184,0.1495327102803738,0.6831324100494385,1056,141
0.2091228070175438,0.1040056219255094,0.1305263157894736,0.7155064344406128,1138,147
0.3574144486692016,0.2133333333333333,0.2642585551330799,0.7133548259735107,763,179
0.3105924596050269,0.2104316546762589,0.2208258527827648,0.7001352906227112,832,169
0.2785862785862786,0.1583333333333333,0.1954261954261954,0.7207987904548645,731,128
0.1572052401746724,0.084946908182386,0.1122894572676232,0.6602635383605957,1348,124
0.1965870307167235,0.1038961038961038,0.1133105802047781,0.7043863534927368,1227,153
0.3457688808007279,0.2169553327256153,0.2474977252047315,0.7208213210105896,789,170
0.2435282837967401,0.1344860710854947,0.159156279961649,0.6985284686088562,795,132
0.20625,0.1064718162839248,0.1124999999999999,0.6953986883163452,767,93
0.1798365122615803,0.0837124658780709,0.1271571298819255,0.6850676536560059,897,123
0.1795774647887323,0.0811287477954144,0.1091549295774648,0.6497280597686768,966,112
0.3411552346570397,0.1934900542495479,0.1931407942238267,0.7092810869216919,838,184
0.271062271062271,0.110091743119266,0.1611721611721611,0.6863038539886475,842,166
0.4365821094793057,0.2393048128342246,0.2977303070761014,0.7695032358169556,1027,355
0.2133599202392821,0.1298701298701298,0.1415752741774676,0.7037264108657837,813,111
0.1935483870967742,0.1048097631012204,0.1390681003584229,0.7188862562179565,1139,138
0.2028571428571428,0.1301859799713877,0.1628571428571428,0.7216466069221497,1139,145
0.2574257425742574,0.1406672678088368,0.1692169216921692,0.7394056916236877,869,157
0.232520325203252,0.1335504885993485,0.1674796747967479,0.7079043984413147,977,134
0.2589928057553957,0.1457165732586069,0.158273381294964,0.7042413353919983,973,161
0.1598915989159891,0.0651289009497964,0.0867208672086721,0.6611911654472351,1264,138
0.2719211822660098,0.1224086870681145,0.1556650246305418,0.720029890537262,778,139
0.2120699379582628,0.1513269339356295,0.1500282007896221,0.7163989543914795,1414,178
0.1615168539325842,0.0731364275668073,0.0842696629213483,0.7156243920326233,1165,120
0.2622950819672131,0.1410628019323671,0.1755062680810029,0.7161663174629211,818,142
0.1841541755888651,0.0743388134381701,0.1027837259100642,0.7032431960105896,1164,140
0.2725020644095788,0.1439205955334987,0.1866226259289843,0.6847222447395325,954,172
0.2434150772025431,0.1237488626023658,0.1653042688465031,0.7043675780296326,841,135
0.2532347504621072,0.1444444444444444,0.177449168207024,0.7349415421485901,852,138
0.2598187311178248,0.1291624621594349,0.1470292044310171,0.7255697846412659,764,136
0.2774674115456238,0.1641791044776119,0.1694599627560521,0.7007447481155396,842,144
0.2106072252113758,0.1062355658198614,0.1306687163720215,0.6944358348846436,1063,145
0.2526690391459075,0.1390374331550802,0.1583629893238434,0.7149121165275574,874,138
0.2664359861591696,0.1265164644714038,0.1799307958477508,0.7213886380195618,871,158
0.3226890756302521,0.2154882154882154,0.2252100840336134,0.7178285121917725,872,170
0.1910669975186104,0.1180124223602484,0.1215880893300248,0.7183628082275391,1322,152
0.1638907395069953,0.0653769179452968,0.0946035976015989,0.6872110366821289,1261,130
0.1670606776989755,0.0789265982636148,0.0929866036249015,0.6854315996170044,1073,111
0.1998519615099926,0.0993328391401037,0.1258327165062916,0.7066384553909302,1120,141
0.3253467843631778,0.1691919191919191,0.210592686002522,0.7326658964157104,1177,287
0.1758793969849246,0.0855704697986577,0.1139028475711892,0.6933032274246216,976,100
0.1572617946345975,0.072289156626506,0.0906567992599444,0.6937229037284851,909,92
0.2379487179487179,0.1294964028776978,0.1374358974358974,0.7251360416412354,768,117
0.2646566164154103,0.1308724832214765,0.169179229480737,0.7283151149749756,954,153
0.2525490196078431,0.1272584446190102,0.1631372549019608,0.685662031173706,955,174
0.2079510703363914,0.0949464012251148,0.1085626911314984,0.6743224263191223,1056,151
0.2217017954722872,0.0781860828772478,0.1077283372365339,0.6701906323432922,1074,161
0.2420494699646643,0.1132743362831858,0.1395759717314487,0.676592230796814,911,155
0.2372227579556413,0.1159420289855072,0.1639344262295082,0.7015140056610107,816,124
0.2214930270713699,0.105176663927691,0.1361771944216571,0.6859353184700012,973,133
0.1944245889921372,0.0830350751610594,0.1215153681200857,0.6865884065628052,1149,148
0.1540856031128404,0.0779423226812159,0.0996108949416342,0.6999756097793579,1069,110
0.1998166819431714,0.1120293847566574,0.1264894592117323,0.6994675993919373,891,113
0.1836327345309381,0.082,0.1197604790419161,0.697790265083313,819,103
0.2541743970315399,0.1635687732342007,0.183673469387755,0.7175333499908447,847,142
0.1719233147804576,0.0817337461300309,0.0841063698206555,0.70139479637146,1324,140
0.1682692307692307,0.0878459687123947,0.1213942307692307,0.7245913147926331,1363,144
0.1808731808731808,0.0625,0.0977130977130977,0.6769732236862183,780,103
0.2321598477640342,0.1544327931363203,0.1693625118934348,0.6998295187950134,824,117
0.2474793767186068,0.1212121212121212,0.1778185151237396,0.6882018446922302,863,149
0.2063125481139338,0.061680801850424,0.1062355658198614,0.6819278001785278,1053,155
0.1876075731497418,0.0689655172413793,0.108433734939759,0.6647166013717651,947,128
0.2668735453840186,0.1383061383061383,0.17377812257564,0.7166695594787598,1029,193
0.2200854700854701,0.0813704496788008,0.1175213675213675,0.6841347813606262,751,119
0.1967213114754098,0.0912408759124087,0.111111111111111,0.6830049157142639,913,122
0.2143622722400857,0.1009667024704618,0.1436227224008574,0.7149177193641663,724,114
0.3273753527751646,0.2205466540999057,0.2558795860771402,0.7446846961975098,774,164
0.1973333333333333,0.1001335113484646,0.0946666666666666,0.6989468336105347,1198,150
0.195,0.1035058430717863,0.1316666666666666,0.723461925983429,949,131
0.234670704012112,0.1576952236542835,0.1831945495836487,0.751570463180542,1054,140
0.2601456815816858,0.1293013555787278,0.1768990634755463,0.7180445194244385,751,129
0.2696456086286595,0.1358024691358025,0.1617873651771956,0.7005127668380737,906,159
0.3185328185328185,0.1779497098646034,0.1969111969111969,0.6976438164710999,781,161
0.2621448212648946,0.1212121212121212,0.1558203483043079,0.6753600239753723,831,155
0.2401656314699793,0.1224066390041493,0.1594202898550724,0.6864551901817322,756,120
0.3571428571428571,0.195357833655706,0.2220077220077219,0.7137956023216248,731,185
0.3253833049403748,0.1723549488054607,0.1976149914821124,0.7048819661140442,901,210
0.2970464135021097,0.2282333051563821,0.2481012658227848,0.7295325398445129,838,147
0.3227467811158798,0.1822871883061049,0.1888412017167381,0.7062116861343384,824,182
0.2798937112488928,0.1508429458740018,0.1736049601417183,0.7223932147026062,831,145
0.278580814717477,0.2118421052631579,0.2339027595269382,0.7579692602157593,1084,177
0.2131254061078622,0.1392322706571243,0.1533463287849252,0.7212153077125549,1159,146
0.2009661835748792,0.1122942884801549,0.1391304347826087,0.7231000661849976,770,95
0.3023041474654378,0.1717451523545706,0.2009216589861751,0.6911161541938782,793,159
0.1780104712041884,0.0996503496503496,0.1239092495636998,0.7275998592376709,927,101
0.3668903803131991,0.2404779686333084,0.244593586875466,0.750278115272522,950,229
0.2245283018867924,0.107750472589792,0.1094339622641509,0.6695197820663452,858,137
0.2861538461538461,0.1340523882896764,0.1707692307692307,0.6759393215179443,995,191
0.2580164056674124,0.1732636295743091,0.2073079791200596,0.7158716320991516,1023,161
0.2188217291507268,0.1256704980842911,0.1361897475133894,0.6819669604301453,1013,145
0.15814696485623,0.08,0.1182108626198083,0.6797282695770264,1009,102
0.2581143740340031,0.1191950464396284,0.1792890262751159,0.6727855205535889,995,165
0.305537873965627,0.1797323135755258,0.2253341820496499,0.6865321397781372,1159,247
0.2113502935420743,0.1176470588235294,0.1487279843444227,0.7019758224487305,814,114
0.1687242798353909,0.0879120879120879,0.1015089163237311,0.7001345753669739,1229,133
0.3200707338638373,0.2196634189548273,0.2086648983200707,0.7471051216125488,857,175
0.2257336343115124,0.161266013564431,0.1489841986455982,0.7124412655830383,1022,133
0.1622718052738336,0.0771834800270819,0.0960108181203515,0.6821767687797546,1244,123
0.3073130649137223,0.1613168724279835,0.2054231717337716,0.6929213404655457,933,196
0.3118696664080682,0.1771561771561771,0.2017067494181536,0.7352636456489563,982,198
0.187090739008419,0.0749765698219306,0.1010289990645463,0.695186972618103,899,115
0.1617921593030491,0.0934579439252336,0.1020535158680771,0.6700503826141357,1339,136
0.1673582295988935,0.0914127423822714,0.1217150760719225,0.7158044576644897,1193,116
0.2624434389140271,0.1432456935630099,0.1828054298642533,0.6603752374649048,859,158
0.211306765523633,0.0557103064066852,0.1056533827618165,0.6315030455589294,887,146
0.268235294117647,0.1728201099764336,0.2149019607843137,0.7439992427825928,981,169
0.2805247225025227,0.1880687563195146,0.2058526740665993,0.7694857716560364,762,146
0.3303085299455535,0.1763636363636363,0.2014519056261343,0.7256187200546265,793,175
0.2310924369747899,0.1136842105263158,0.1386554621848739,0.6956022381782532,731,134
0.2926829268292683,0.1923664122137404,0.2286585365853658,0.7510589361190796,1004,200
0.2375634517766497,0.1200406917599186,0.1279187817258883,0.7081282734870911,797,131
0.1795407098121085,0.094773519163763,0.115518441196938,0.66610187292099,1216,130
0.3104761904761905,0.1679389312977099,0.1904761904761904,0.6991313695907593,801,153
0.2433132010353753,0.1573033707865168,0.182916307161346,0.6738522052764893,929,143
0.2384473197781885,0.1129629629629629,0.1423290203327171,0.6952997446060181,866,133
0.2489044697633654,0.1492537313432836,0.1717791411042944,0.7331182956695557,902,140
0.1856946354883081,0.0840220385674931,0.1045392022008253,0.6855248808860779,1155,145
0.2276119402985074,0.1214953271028037,0.1604477611940298,0.7238678336143494,838,124
0.3438735177865613,0.2277227722772277,0.2411067193675889,0.743892252445221,740,165
0.2434652725914861,0.137621540762902,0.1717699775952202,0.7081485390663147,1085,168
0.2116182572614107,0.106029106029106,0.1514522821576763,0.695212721824646,791,113
0.2378277153558052,0.1069418386491557,0.1329588014981273,0.6813474297523499,840,142
0.3152073732718893,0.1865189289012004,0.2119815668202765,0.7507079839706421,823,159
0.2172523961661342,0.0928,0.1150159744408945,0.7004314064979553,1014,147
0.2356621480709072,0.0961337513061651,0.1230448383733055,0.6919146776199341,786,121
0.2228696285506191,0.1181619256017505,0.1325564457392571,0.6852247714996338,1112,154
0.2333637192342753,0.1132420091324201,0.145852324521422,0.6703248620033264,873,143
0.1869158878504672,0.0655226209048362,0.1074766355140187,0.6853072643280029,1064,143
0.1551213735938425,0.0972139893301719,0.1136767317939609,0.701567530632019,1422,133
0.368705035971223,0.2306306306306306,0.2428057553956834,0.7519369721412659,775,192
0.3153846153846154,0.2061657032755298,0.2365384615384615,0.755650520324707,790,161
0.2942148760330578,0.1837748344370861,0.196694214876033,0.7280000448226929,927,180
0.2251481237656352,0.1015161502966381,0.1329822251481237,0.6756691336631775,1218,178
0.2885572139303483,0.1718555417185554,0.2126865671641791,0.6854681968688965,1227,222
0.2779043280182232,0.1688212927756654,0.1761579347000759,0.7299315333366394,1038,191
0.3920454545454546,0.239089184060721,0.2670454545454545,0.7503663301467896,729,196
0.2896015549076773,0.181110029211295,0.2137998056365403,0.7376086711883545,775,152
0.3926141885325558,0.2901655306718598,0.2915451895043731,0.7611491680145264,738,191
0.25250501002004,0.110441767068273,0.1723446893787575,0.68510901927948,784,142
0.2277318640955004,0.1269549218031278,0.1267217630853994,0.7233579754829407,860,124
0.22990492653414,0.1108225108225108,0.1400172860847018,0.6809573769569397,944,136
0.4096601073345259,0.2204301075268817,0.3023255813953489,0.7137265801429749,741,218
0.2622641509433963,0.1323251417769376,0.1660377358490566,0.7230491638183594,815,142
0.1916747337850919,0.0969932104752667,0.1335914811229429,0.6746744513511658,864,107
0.1699669966996699,0.0545454545454545,0.099009900990099,0.665229082107544,1039,125
0.230980751604033,0.1303948576675849,0.1686526122823098,0.6998827457427979,855,133
0.1841070023603461,0.0788022064617809,0.1148701809598741,0.6824662089347839,1041,126
0.1470019342359768,0.0955455132343447,0.1160541586073501,0.7453771233558655,1327,106
0.2141527001862197,0.1007462686567164,0.1266294227188082,0.675871729850769,814,116
0.30406852248394,0.1801286633309506,0.2141327623126338,0.7059779763221741,974,198
0.3258508327299058,0.201595358955765,0.2085445329471397,0.7091672420501709,1027,221
0.3234750462107209,0.1648148148148148,0.188539741219963,0.7014979124069214,835,181
0.2596348884381338,0.1199186991869918,0.1724137931034482,0.706487238407135,734,133
0.2094897045658012,0.1112107623318385,0.1271262309758281,0.7175820469856262,870,121
0.2725527831094049,0.1576923076923077,0.1573896353166986,0.7402383089065552,782,140
0.3461117196056955,0.1778265642151482,0.1949616648411828,0.6874121427536011,661,155
0.238341968911917,0.1470588235294117,0.1865284974093264,0.7518669366836548,867,126
0.187711006076975,0.1108857336037863,0.113436866981769,0.7554522752761841,1223,138
0.171647509578544,0.0521872601688411,0.0950191570881226,0.6436073780059814,1097,137
0.3191489361702128,0.1936056838365897,0.2446808510638297,0.7230334281921387,826,167
0.2765957446808511,0.189922480620155,0.1914893617021277,0.6968266367912292,792,136
0.3151750972762646,0.1851851851851851,0.1653696498054474,0.6835530996322632,776,165
0.2323420074349442,0.1415270018621974,0.1561338289962825,0.730039656162262,814,128
0.238231098430813,0.1371428571428571,0.1611982881597717,0.7066944241523743,1121,161
0.2511457378551787,0.1561065197428833,0.1649862511457378,0.7180710434913635,862,133
0.2970873786407766,0.1634241245136186,0.1941747572815534,0.726252555847168,776,162
0.2622673434856176,0.1305084745762711,0.1404399323181049,0.687199592590332,951,175
0.2409638554216867,0.1618168914123492,0.1743444365698086,0.7254813313484192,1080,158
0.2201646090534979,0.0969072164948453,0.1275720164609053,0.6960442662239075,788,116
0.2303754266211604,0.1042735042735042,0.1587030716723549,0.711351215839386,936,138
0.3223070398642917,0.2073067119796091,0.2476675148430873,0.771920919418335,867,176
0.2193675889328063,0.1089108910891089,0.1245059288537549,0.7244132161140442,835,112
0.251207729468599,0.143272023233301,0.1681159420289855,0.706497848033905,769,128
0.2980472764645426,0.1585993820803295,0.1623843782117163,0.7174004912376404,736,153
0.321206743566992,0.2168888888888888,0.2307009760425909,0.7258869409561157,810,159
0.1847389558232931,0.1313672922252011,0.1218206157965194,0.7314485311508179,1207,128
0.2680776014109347,0.1325088339222614,0.1834215167548501,0.7094488739967346,883,172
0.1769230769230769,0.1059730250481695,0.1211538461538461,0.7216372489929199,888,101
0.2495126705653021,0.123046875,0.1481481481481481,0.7094475030899048,763,135
0.2982142857142857,0.1681574239713774,0.1964285714285714,0.7001191973686218,862,172
0.1935483870967742,0.0941828254847645,0.1179723502304147,0.6823095679283142,833,105
0.1721739130434783,0.0905923344947735,0.0956521739130434,0.6974964737892151,902,99
0.2832909245122986,0.1750212404418011,0.186598812553011,0.7090566158294678,869,159
0.2359346642468239,0.1418181818181818,0.1560798548094373,0.6997301578521729,857,132
0.1928133216476775,0.1000877963125548,0.1104294478527607,0.742773175239563,923,119
0.2289719626168224,0.1482059282371295,0.1339563862928349,0.7552038431167603,1027,154
0.2049062049062049,0.1026011560693641,0.1212121212121212,0.6967481374740601,1107,149
0.2532402791625124,0.1418581418581418,0.1455633100697906,0.7143678069114685,796,127
0.2214484679665738,0.1213389121338912,0.1532033426183844,0.7189285159111023,1162,176
0.1666666666666666,0.075356415478615,0.0995934959349593,0.6848984956741333,813,89
0.2371206774876499,0.142756183745583,0.1609033168666196,0.6966275572776794,1137,169
0.2151238591916558,0.1161879895561357,0.135593220338983,0.6990746259689331,1242,167
0.2504892367906066,0.1431372549019608,0.1565557729941291,0.7086923122406006,778,136
0.289825282631038,0.1812564366632338,0.2219938335046248,0.7097045183181763,741,140
0.2724409448818898,0.1766561514195583,0.1984251968503937,0.7203761339187622,968,162
0.2716981132075471,0.1512287334593573,0.1641509433962264,0.7197083234786987,816,142
0.2266666666666666,0.1268357810413885,0.16,0.7264245748519897,1174,173
0.2847754654983571,0.1163556531284303,0.1467688937568456,0.7042434215545654,711,154
0.3239819004524886,0.2121486854034451,0.2389140271493212,0.6990348696708679,789,179
0.2079459002535925,0.1016088060965283,0.1200338123415046,0.6955161094665527,864,134
0.18932527693857,0.1009081735620585,0.1148036253776435,0.6680651903152466,760,102
0.2466281310211946,0.0926640926640926,0.1098265895953757,0.6964496970176697,810,131
0.2462121212121212,0.1290322580645161,0.1553030303030303,0.6785380244255066,857,127
0.2,0.1156558533145275,0.1464788732394366,0.7233343124389648,1140,149
0.2566844919786096,0.1157556270096462,0.1497326203208556,0.703701913356781,741,134
0.2631578947368421,0.138671875,0.1734892787524366,0.7150734066963196,755,132
0.2052469135802469,0.0726429675425038,0.1111111111111111,0.6853911876678467,1035,162
0.2257425742574257,0.119047619047619,0.1445544554455445,0.7158230543136597,783,119
0.2369942196531791,0.0984555984555984,0.1290944123314065,0.6856130361557007,823,127
0.2174629324546952,0.1056105610561056,0.1400329489291598,0.6861056685447693,967,131
0.2379064234734338,0.1493248610007942,0.1681205392545599,0.7299032211303711,989,153
0.2126984126984127,0.1128775834658187,0.146031746031746,0.7188214659690857,990,143
0.2189586114819759,0.1149732620320855,0.1268357810413885,0.6995471119880676,1177,175
0.3363970588235294,0.2007366482504604,0.244485294117647,0.7165932059288025,799,177
0.1538461538461538,0.048169556840077,0.0807692307692307,0.6615760326385498,861,92
0.2678899082568807,0.1176470588235294,0.1559633027522935,0.6682857871055603,857,161
0.2584905660377358,0.1209829867674858,0.1792452830188679,0.6948708295822144,834,148
0.2164883574575204,0.1209829867674858,0.1497797356828193,0.7140458822250366,1280,174
0.3607476635514019,0.1816479400749063,0.1999999999999999,0.711432695388794,769,201
0.2512886597938145,0.1651612903225806,0.1765463917525773,0.7417044043540955,1234,191
0.294921875,0.0900195694716242,0.12890625,0.6740140914916992,761,194
0.262,0.1462925851703407,0.1859999999999999,0.7379428148269653,778,127
0.2327663384064458,0.1327354260089686,0.1414503133393017,0.7391695976257324,873,128
0.2198041349292709,0.1046892039258451,0.1305767138193689,0.6990129947662354,729,107
0.3854473942969518,0.2226600985221675,0.2143559488692231,0.7121869325637817,729,187
0.2215320910973085,0.1224066390041493,0.1221532091097308,0.7225950360298157,766,109
0.2178217821782178,0.117063492063492,0.1465346534653465,0.6841298937797546,792,111
0.2700490998363339,0.1442622950819672,0.1800327332242225,0.665075421333313,956,169
0.4022099447513811,0.1971207087486157,0.267403314917127,0.69321209192276,580,204
0.2768411712511091,0.1617777777777777,0.2023070097604259,0.7103872895240784,844,147
0.3799814643188137,0.2228412256267409,0.2557924003707136,0.7133380174636841,751,206
0.3231939163498099,0.1885714285714285,0.2072243346007604,0.7232931852340698,791,176
0.3033268101761253,0.1941176470588235,0.197651663405088,0.7209405303001404,761,141
0.1850746268656716,0.0997008973080757,0.1373134328358209,0.7089297771453857,834,98
0.2004735595895816,0.11699604743083,0.1578531965272296,0.6923115849494934,992,120
0.368421052631579,0.15814696485623,0.2185007974481658,0.6796934604644775,862,228
0.2256596906278435,0.1112123974475843,0.1419472247497725,0.6950826644897461,880,121
0.2511457378551788,0.1267217630853994,0.1613198900091659,0.671586275100708,795,151
0.2335456475583864,0.1417434443656981,0.1259731068648266,0.7324119806289673,1105,166
0.2186234817813765,0.1086780210867802,0.1004048582995951,0.6817342042922974,998,147
0.3198992443324937,0.2131147540983606,0.2443324937027707,0.7217640280723572,1175,242
0.2030651340996168,0.1099744245524296,0.1277139208173691,0.7064881324768066,1230,160
0.2743744607420189,0.1348314606741573,0.182916307161346,0.7171504497528076,874,160
0.2695570216776626,0.1586402266288951,0.1696512723845429,0.7076326012611389,820,141
0.2321428571428571,0.1698956780923994,0.1726190476190476,0.7576830983161926,919,126
0.2642857142857142,0.1502683363148479,0.1964285714285714,0.7246065735816956,873,148
0.1828478964401294,0.1102106969205834,0.145631067961165,0.7345613241195679,1024,108
0.1959595959595959,0.0870445344129554,0.1353535353535353,0.7036322355270386,811,107
0.2675521821631879,0.1577946768060836,0.1537001897533206,0.71507328748703,804,136
0.2600806451612903,0.1595959595959596,0.1794354838709677,0.7402269840240479,758,132
0.2947368421052631,0.1476274165202108,0.1684210526315789,0.6945077776908875,867,177
0.4069028156221617,0.2766151046405823,0.3233424159854677,0.7368618845939636,749,221
0.2009493670886076,0.098256735340729,0.1329113924050632,0.7015849947929382,1030,137
0.2579324462640737,0.1456410256410256,0.1371545547594677,0.7254709005355835,742,135
0.1792318634423897,0.0982905982905983,0.1337126600284495,0.7101660370826721,1118,118
0.221763085399449,0.1186206896551724,0.1336088154269972,0.7141633033752441,1169,169
0.2876847290640394,0.1599210266535044,0.141871921182266,0.719325065612793,754,146
0.2327746741154562,0.0988805970149253,0.1229050279329608,0.6889843344688416,820,126
0.3174603174603174,0.2188961646398503,0.2334267040149393,0.7293733954429626,797,168
0.3163064833005894,0.1732283464566929,0.1591355599214145,0.7136741876602173,801,162
0.3005464480874317,0.1715328467153284,0.204007285974499,0.7267405986785889,829,174
0.2862706913339825,0.1580487804878048,0.1850048685491723,0.7226099967956543,782,157
0.2587346553352219,0.1570482497634815,0.1680830972615675,0.727401852607727,803,149
0.2615384615384615,0.1310211946050096,0.1596153846153846,0.7145217061042786,790,141
0.3218390804597701,0.2053742802303263,0.2375478927203065,0.7282045483589172,772,164
0.2332463011314186,0.1290322580645161,0.1514360313315927,0.7174370884895325,878,141
0.2346041055718475,0.1292850146914789,0.1700879765395894,0.7058781981468201,810,125
0.2538649308380797,0.1303993480032599,0.1497152156224573,0.6882907152175903,956,165
0.179035960214231,0.0980842911877394,0.1117061973986228,0.6914907097816467,1065,135
0.1930894308943089,0.0835030549898167,0.1361788617886178,0.6537949442863464,811,100
0.3057090239410681,0.1900369003690036,0.1878453038674033,0.7173575162887573,833,179
0.3006535947712418,0.1927034611786716,0.2203548085901027,0.7188748121261597,800,155
0.2136317395727365,0.0937818552497451,0.1403865717192268,0.6983147263526917,791,113
0.1701846965699208,0.0885072655217965,0.0897097625329815,0.6503588557243347,1282,135
0.3040935672514619,0.1656903765690376,0.1821219715956558,0.7119459509849548,882,197
0.2037617554858934,0.0910518053375196,0.1206896551724137,0.6960241198539734,1019,147
0.3155172413793103,0.2262521588946459,0.2379310344827586,0.7388975620269775,873,180
0.1427193828351012,0.0347826086956521,0.0790742526518804,0.6582297086715698,863,96
0.2818791946308725,0.1983193277310924,0.2164429530201342,0.7494633197784424,901,154
0.2232824427480916,0.0745697896749522,0.1106870229007633,0.7001143097877502,838,136
0.1866163996229971,0.0793201133144476,0.11875589066918,0.6879506707191467,864,112
0.2287581699346405,0.088379705400982,0.1405228758169934,0.6663305163383484,968,160
0.2788536018590239,0.152055857253685,0.1920991479473276,0.7378172874450684,983,183
0.2443792766373411,0.1429970617042115,0.1681329423264907,0.7153154611587524,813,125
0.2272727272727273,0.1309297912713472,0.1382575757575757,0.7290140390396118,818,125
0.3252190847127556,0.208780487804878,0.2161635832521908,0.7424775958061218,778,161
0.2104377104377104,0.0994940978077571,0.1094276094276094,0.7063043117523193,961,126
0.2725527831094049,0.1192307692307692,0.1247600767754318,0.7064188122749329,802,152
0.2854950115118956,0.1306687163720215,0.1642363775901765,0.710537850856781,988,187
0.3135518157661647,0.1508429458740018,0.2214348981399468,0.714633584022522,876,191
0.221606648199446,0.0777058279370952,0.136657433056325,0.6939961910247803,850,127
0.2732327243844321,0.1575178997613365,0.1842732327243844,0.7005851864814758,955,169
0.1415557112824106,0.0743859649122807,0.0939032936229852,0.6483928561210632,1235,117
0.2303921568627451,0.1047463175122749,0.130718954248366,0.6855934262275696,986,152
0.2232223222322232,0.0559062218214607,0.099009900990099,0.6626982092857361,885,147
0.244590780809031,0.1112158341187559,0.1448730009407337,0.6950817704200745,846,137
0.2497541789577187,0.1714285714285714,0.2005899705014749,0.7022103667259216,786,129
0.2122229684351914,0.121049092131809,0.1276024177300201,0.7047487497329712,1194,154
0.215568862275449,0.0914542728635682,0.1526946107784431,0.6620265245437622,1095,159
0.3094339622641509,0.219281663516068,0.1981132075471698,0.7225502729415894,779,154
0.1814159292035398,0.1004431314623338,0.1268436578171091,0.6927496194839478,1126,138
0.1909485430874147,0.1253879577901924,0.1475511469311841,0.705706775188446,1274,134
0.200501253132832,0.107112970711297,0.1119465329991645,0.7121436595916748,957,132
0.2634408602150538,0.170556552962298,0.1702508960573476,0.7455416917800903,851,129
0.2634631317315658,0.1643153526970954,0.2004971002485501,0.7405837774276733,934,142
0.2138939670932358,0.1263736263736263,0.1407678244972577,0.7149110436439514,872,124
0.1595598349381017,0.0771349862258953,0.1031636863823934,0.6629050374031067,1184,127
0.3006756756756757,0.1573604060913705,0.2077702702702702,0.6954152584075928,890,191
0.2481481481481481,0.1076066790352504,0.1425925925925925,0.6880489587783813,841,145
0.2198649951783992,0.1043478260869565,0.1523625843780135,0.6720044016838074,837,124
0.1889908256880733,0.0643382352941176,0.0899082568807339,0.6797030568122864,882,113
0.2353673723536737,0.1296758104738154,0.136986301369863,0.7107433676719666,1272,186
0.2604422604422604,0.1783517835178352,0.1511056511056511,0.7281709313392639,1272,205
0.2398589065255731,0.1537102473498233,0.1763668430335097,0.7074558138847351,871,134
0.3745387453874538,0.2569316081330868,0.2712177121771217,0.7509798407554626,756,192
0.4686192468619247,0.3337988826815642,0.3807531380753138,0.7653211951255798,976,323
0.2923766816143497,0.174303683737646,0.190134529147982,0.7269957661628723,823,165
0.3699324324324324,0.2419627749576988,0.2466216216216216,0.7296739816665649,817,205
0.3415977961432507,0.2005519779208831,0.2295684113865932,0.736410915851593,799,191
0.1964436917866215,0.1170483460559796,0.1439458086367485,0.7462126612663269,962,116
0.17968094038623,0.0824222035323801,0.1192275398824517,0.7101104855537415,937,109
0.3163841807909605,0.1754716981132075,0.2146892655367231,0.7320453524589539,771,162
0.3827046918123274,0.2304147465437787,0.2870285188592456,0.75020432472229,786,206
0.2432210353327855,0.1415637860082304,0.1758422350041084,0.7216420769691467,1000,158
0.2141527001862197,0.1063432835820895,0.1415270018621973,0.686164140701294,851,117
0.4076433121019108,0.2041467304625199,0.2786624203821656,0.7798970937728882,890,275
0.3806451612903225,0.2471728594507269,0.2387096774193548,0.7035901546478271,905,253
0.4183242917420132,0.2510561255280628,0.2748643761301989,0.7582642436027527,1137,339
0.2512998266897747,0.1493055555555555,0.169844020797227,0.7103534936904907,874,138
0.2692664809656453,0.1711627906976744,0.1578458681522748,0.7040748596191406,843,146
0.2168256721595837,0.1216333622936576,0.1509106678230702,0.7179856300354004,898,125
0.2753503709810387,0.1073492981007432,0.1368507831821929,0.7088161110877991,929,192
0.3266090297790586,0.2252165543792108,0.2036503362151777,0.7424654364585876,759,155
0.2391817466561762,0.1292356185973207,0.1667977970102281,0.7027872800827026,1007,162
0.2901408450704225,0.156558533145275,0.1929577464788732,0.723549485206604,1082,204
0.2201704545454545,0.1137980085348506,0.1377840909090908,0.7202205657958984,1117,156
0.2848575712143928,0.1636636636636636,0.1874062968515742,0.7252726554870605,1000,185
0.3419516263552961,0.227234753550543,0.268557130942452,0.7522186636924744,869,193
0.2024539877300613,0.0922131147540983,0.1145194274028629,0.705668032169342,785,102
0.2056690837178642,0.1293729372937293,0.1595253790375742,0.7426941990852356,1213,156
0.3192825112107623,0.1473495058400719,0.1739910313901345,0.7247787714004517,811,185
0.2673031026252983,0.1131474103585657,0.1686555290373906,0.6949451565742493,978,174
0.2438650306748466,0.1321044546850998,0.151840490797546,0.7172770500183105,1034,164
0.474074074074074,0.3223196223870532,0.3515151515151515,0.8028616309165955,924,311
0.3543859649122806,0.1950790861159929,0.2473684210526315,0.7174292206764221,806,184
0.2337417530631479,0.109537299338999,0.120640904806786,0.6953288316726685,857,138
0.3147482014388489,0.1639639639639639,0.2392086330935251,0.7195095419883728,838,182
0.2598784194528875,0.1582952815829528,0.1732522796352583,0.7205063104629517,1035,171
0.246313963573287,0.0886185925282363,0.1370338248048569,0.6989054679870605,865,154
0.221011673151751,0.1215900233826967,0.1385214007782101,0.6974928379058838,1031,149
0.2681647940074906,0.1680420105026256,0.19625468164794,0.6910420060157776,1019,171
0.2222222222222221,0.0994594594594594,0.1186623516720603,0.7160459160804749,727,115
0.3159784560143626,0.1996402877697841,0.22262118491921,0.7150743007659912,842,180
0.2697495183044316,0.138996138996139,0.140655105973025,0.7063010931015015,791,147
0.3029787234042553,0.1193520886615515,0.1548936170212766,0.6984987854957581,858,203
0.2373371924746744,0.1492753623188405,0.1534008683068017,0.7117829322814941,1110,162
0.4057193923145666,0.2542524619516562,0.2698838248436103,0.7079021334648132,767,216
0.3355325164938737,0.1926345609065156,0.2243166823751178,0.727218508720398,759,179
0.3324630113141862,0.2040104620749782,0.1914708442123585,0.7327597141265869,855,175
0.2817391304347826,0.1777003484320557,0.2208695652173913,0.7084966897964478,883,157
0.2730844793713163,0.1299212598425196,0.1532416502946954,0.6999775767326355,773,139
0.2828282828282828,0.1538461538461538,0.202020202020202,0.6916519403457642,749,164
0.2996575342465754,0.1423670668953687,0.1421232876712328,0.6952440738677979,891,169
0.2166064981949458,0.135936370209689,0.1545126353790613,0.7210002541542053,1114,146
0.3137254901960784,0.2001870907390084,0.2166199813258637,0.7294428944587708,802,160
0.2742200328407225,0.1513157894736842,0.174055829228243,0.7258710265159607,927,173
0.392106938255888,0.2154238368387507,0.2686187141947803,0.7482882738113403,1110,303
0.2017804154302671,0.1090188305252725,0.1602373887240356,0.7156851291656494,826,101
0.2992261392949269,0.1309216192937123,0.173688736027515,0.7081945538520813,901,188
0.2835051546391752,0.153184165232358,0.1563573883161512,0.6980251669883728,878,161
0.2904290429042904,0.1718440185062789,0.1729372937293729,0.7230486273765564,1175,224
0.3896307934014139,0.2092840283241542,0.2812254516889237,0.7193595170974731,879,251
0.2836065573770492,0.174055829228243,0.1999999999999999,0.7403115630149841,902,167
0.2702702702702703,0.1489361702127659,0.1447876447876447,0.7343795895576477,806,146
0.1628423390081421,0.0652335063009636,0.0977054034048852,0.6866381168365479,1141,111
0.1642011834319526,0.0725925925925925,0.1065088757396449,0.6816249489784241,1141,112
0.270096463022508,0.1723027375201288,0.1768488745980707,0.7418566942214966,925,151
0.2070063694267516,0.1403508771929824,0.1815286624203821,0.7463996410369873,987,118
0.1996209728363866,0.1024667931688804,0.1250789639924194,0.673994243144989,1305,159
0.2199661590524535,0.1491525423728813,0.1319796954314721,0.7486200332641602,998,134
0.1933701657458563,0.1273062730627306,0.143646408839779,0.7310161590576172,867,105
0.2168021680216802,0.1049773755656108,0.1427280939476061,0.6926273107528687,921,129
0.3309734513274336,0.1542553191489361,0.1769911504424778,0.7035044431686401,844,202
0.3420074349442379,0.2067039106145251,0.2342007434944238,0.7194288969039917,782,174
0.2070155261644623,0.0713874496257915,0.1046578493387004,0.6655440330505371,1401,205
0.2391975308641975,0.1267387944358578,0.1481481481481481,0.6987914443016052,1046,159
0.2518301610541728,0.1143695014662756,0.1420204978038067,0.6930165886878967,1055,167
0.24,0.1377371749824315,0.1712280701754386,0.7143126130104065,1110,161
0.2919020715630885,0.1528301886792452,0.1883239171374764,0.6909134984016418,803,146
0.2417582417582417,0.1049957662997459,0.1521555367709214,0.6897360682487488,944,160
0.1979345955249569,0.0793103448275862,0.1049913941480206,0.6847410202026367,931,129
0.1998519615099926,0.1052631578947368,0.1376757957068838,0.7058199644088745,1103,136
0.2671829622458857,0.1260911736178467,0.1742497579864472,0.7169938087463379,793,140
0.2006472491909385,0.1134521880064829,0.1391585760517799,0.6889588236808777,1020,127
0.2676518883415435,0.1759868421052632,0.2101806239737274,0.7466779947280884,921,151
0.1657534246575342,0.083676268861454,0.1054794520547945,0.6757300496101379,1224,117
0.2156663275686673,0.091743119266055,0.1119023397761953,0.6512000560760498,769,106
0.2898706896551724,0.157497303128371,0.177801724137931,0.6781444549560547,1402,281
0.1514860977948226,0.0557156580211335,0.0901246404602109,0.710554838180542,880,92
0.1735537190082644,0.082815734989648,0.1033057851239669,0.6881505846977234,811,93
0.2372881355932203,0.1003690036900368,0.1473839351510685,0.6589624881744385,1106,164
0.2446709916589435,0.116991643454039,0.1594068582020389,0.6881522536277771,867,133
0.186046511627907,0.1075268817204301,0.1162790697674418,0.7114417552947998,947,106
0.2349726775956284,0.1222627737226277,0.151183970856102,0.6849969625473022,900,134
0.272654370489174,0.1542168674698795,0.1764234161988773,0.7126027345657349,974,174
0.2786069651741294,0.1774675972083748,0.2189054726368159,0.7328890562057495,763,136
0.2988929889298892,0.1497227356746765,0.1660516605166051,0.6830406785011292,796,167
0.205819730305181,0.1122956645344705,0.0965223562810504,0.7027116417884827,1149,141
0.1875616979269496,0.1186943620178041,0.1006910167818361,0.7273054122924805,826,89
0.311737089201878,0.1956726246472248,0.1464788732394366,0.745344877243042,786,157
0.1801801801801801,0.0649819494584837,0.0954954954954955,0.6810805201530457,915,125
0.3079526226734349,0.1644067796610169,0.2030456852791878,0.7292372584342957,810,186
0.3491027732463295,0.2107843137254902,0.2512234910277324,0.7110254168510437,877,225
0.2580101180438448,0.1402027027027027,0.1669477234401349,0.6954949498176575,916,159
0.2562674094707521,0.1897674418604651,0.1429897864438254,0.7540121078491211,860,135
0.1567106283941039,0.0777000777000777,0.0915438324282389,0.6957001090049744,1097,100
0.3314470493128536,0.1846153846153846,0.2150363783346807,0.7360367178916931,927,214
0.2348043297252289,0.0767306088407005,0.1248959200666111,0.6718775629997253,913,160
0.2908792111750205,0.1349794238683127,0.1331142152834839,0.6949514746665955,920,187
0.2914285714285713,0.1717557251908397,0.1866666666666666,0.7226754426956177,826,144
0.2185702547247329,0.0938271604938271,0.1314708299096138,0.6921364665031433,929,143
0.2929577464788732,0.157968970380818,0.1830985915492957,0.7012187242507935,1074,209
0.1857923497267759,0.0826747720364741,0.1117182756527018,0.6645908951759338,1358,160
0.2560706401766004,0.1105379513633013,0.1545253863134658,0.685913622379303,1100,182
0.1970187945560596,0.1323815704088254,0.1490602721970187,0.7395393252372742,1120,135
0.2019660411081322,0.1056401074306177,0.1322609472743521,0.6954842805862427,934,120
0.2463503649635036,0.1480804387568555,0.1715328467153284,0.7368292212486267,847,142
0.3612565445026178,0.229020979020979,0.2879581151832461,0.7581060528755188,840,192
0.3147792706333973,0.1846153846153846,0.2168905950095969,0.7252122759819031,760,157
0.1834710743801653,0.0794701986754966,0.1041322314049586,0.6805907487869263,1010,123
0.2234513274336283,0.0886917960088691,0.1349557522123894,0.7227246761322021,712,124
0.2333333333333333,0.1611030478955007,0.1826086956521739,0.7426393032073975,1065,153
0.1880920162381596,0.0989159891598916,0.108254397834912,0.6891248822212219,1172,142
0.2668200115008626,0.1358664363845711,0.1759631972397929,0.7064302563667297,1343,229
0.2489724016441573,0.1352145796590241,0.1538461538461538,0.7002270221710205,1323,216
0.2793709528214616,0.1705282669138091,0.1868640148011101,0.720591127872467,831,144
0.1311249137336093,0.0649619903248099,0.0938578329882677,0.6662763953208923,1257,106
0.2944444444444444,0.1669758812615955,0.1888888888888888,0.7188177704811096,826,152
0.180161943319838,0.0527383367139959,0.1093117408906882,0.6833270192146301,854,103
0.2353909465020576,0.1434460016488046,0.1530864197530864,0.7218130230903625,952,137
0.306578947368421,0.144927536231884,0.206578947368421,0.685657262802124,1173,250
0.1936533767290479,0.0847595762021189,0.1122864117168429,0.7037623524665833,1016,123
0.1434217955957086,0.0542679479932164,0.080180688876341,0.6523917317390442,1533,136
0.1904761904761904,0.107112970711297,0.1269841269841269,0.7129886746406555,964,119
0.2581155977830562,0.1173671689135606,0.1726049089469517,0.7018418908119202,1009,174
0.1695533272561531,0.0712328767123287,0.1093892433910665,0.6854925751686096,904,101
0.2323432343234323,0.1401189689358889,0.1584158415841584,0.6907781958580017,1199,168
0.2165387894288149,0.0973526900085397,0.1210571184995737,0.677463948726654,960,136
0.2877442273534635,0.1352313167259786,0.1758436944937833,0.688596248626709,884,168
0.1908801696712619,0.0658873538788522,0.1018027571580063,0.6810126304626465,774,107
0.2708171206225681,0.1075604053000779,0.1665369649805447,0.6955084204673767,948,193
0.25,0.1151736745886654,0.1897810218978102,0.6905246376991272,868,143
0.4268502581755593,0.2603448275862069,0.2874354561101548,0.7169880270957947,792,241
0.1918976545842217,0.1081850533807829,0.1407249466950959,0.6996311545372009,1129,127
0.2133995037220843,0.0878210439105219,0.130686517783292,0.6837935447692871,978,141
0.2556390977443609,0.1824267782426778,0.1654135338345864,0.7260363698005676,923,145
0.2468265162200282,0.1228813559322033,0.1339915373765867,0.7052818536758423,1095,171
0.2290351668169522,0.1264679313459801,0.1496844003606853,0.7078373432159424,872,129
0.1738461538461538,0.098613251155624,0.1246153846153846,0.712861180305481,1082,110
0.1999999999999999,0.1198871650211565,0.1394366197183098,0.7232034206390381,1149,141
0.2300163132137031,0.130718954248366,0.133768352365416,0.7055405378341675,995,144
0.2316546762589928,0.0936599423631124,0.1323741007194245,0.697909414768219,1124,188
0.1921537229783827,0.1010425020048115,0.1345076060848679,0.7437006831169128,990,129
0.3695881731784582,0.2285714285714285,0.2808870116156283,0.687523603439331,692,160
0.359322033898305,0.2105263157894737,0.2677966101694915,0.7036692500114441,826,201
0.1470869149952244,0.0650717703349282,0.0878701050620821,0.6692528128623962,863,83
0.258347978910369,0.1073943661971831,0.1581722319859402,0.6878664493560791,910,144
0.2857142857142857,0.1784232365145228,0.1801242236024844,0.7586777806282043,731,141
0.225130890052356,0.1153846153846153,0.1570680628272251,0.712393045425415,908,134
0.318014705882353,0.141804788213628,0.1856617647058823,0.6963045001029968,839,172
0.2329390354868062,0.1385597082953509,0.1692447679708826,0.7228293418884277,848,111
0.2105987611837577,0.1116471399035148,0.1293874741913283,0.6952010989189148,1183,157
0.2610402355250245,0.1415929203539823,0.1354268891069676,0.6985044479370117,781,128
0.2020905923344947,0.1060711793440335,0.1365853658536585,0.7221042513847351,1136,142
0.3143683702989393,0.1565217391304348,0.1851494696239151,0.7198474407196045,739,158
0.3025210084033614,0.1796071094480823,0.1942110177404295,0.6958948969841003,806,168
0.3145631067961165,0.1945525291828793,0.2368932038834951,0.7331046462059021,768,158
0.3211072664359862,0.1954261954261954,0.1965397923875432,0.7413386106491089,1054,224
0.192602930914166,0.1132075471698113,0.1451500348918353,0.7018781304359436,1072,125
0.373568281938326,0.2400706090026478,0.2907488986784141,0.7278643846511841,819,195
0.2261553588987217,0.0788177339901477,0.1297935103244837,0.684122622013092,801,141
0.1878612716763005,0.0969609261939218,0.1430635838150289,0.7259624004364014,1115,124
0.2012248468941382,0.0858895705521472,0.1259842519685039,0.6829035878181458,893,125
0.268760907504363,0.1660839160839161,0.169284467713787,0.7206491231918335,860,152
0.2047846889952153,0.12464046021093,0.1531100478468899,0.7056394219398499,837,107
0.28351012536162,0.1584541062801932,0.1793635486981677,0.705249547958374,806,141
0.2839506172839506,0.166077738515901,0.1904761904761905,0.7137554287910461,859,160
0.2451612903225806,0.1569713758079408,0.2046082949308756,0.7000479698181152,840,129
0.1677902621722846,0.0660165041260315,0.097378277153558,0.6761361956596375,1082,122
0.3804537521815008,0.2849650349650349,0.3211169284467713,0.7297490239143372,811,203
0.3324048282265552,0.2232558139534883,0.2172701949860724,0.729674220085144,762,172
0.2588235294117647,0.166421207658321,0.1529411764705882,0.7063903212547302,1026,162
0.4034188034188034,0.2328767123287671,0.27008547008547,0.7543873190879822,788,225
0.3298429319371728,0.2255244755244754,0.2390924956369982,0.7581079006195068,881,176
0.2378535170413342,0.1539578794480755,0.1522842639593908,0.7142336964607239,1116,166
0.2782764811490125,0.1654676258992805,0.2118491921005386,0.6980271935462952,860,151
0.1963087248322147,0.1193277310924369,0.1174496644295301,0.6736890077590942,961,114
0.2679425837320574,0.1476510067114093,0.1933014354066985,0.7250292897224426,791,141
0.2351900972590627,0.1293179805137289,0.1450044208664898,0.7144463658332825,891,132
0.2497972424979724,0.1608448415922014,0.1881589618815896,0.7292972207069397,931,141
0.1522267206477733,0.064882400648824,0.1085020242914979,0.6680843234062195,1009,104
0.2816166883963494,0.1879895561357702,0.1942633637548891,0.7288910746574402,1126,186
0.2406015037593985,0.1121338912133891,0.1537176274018379,0.6818128228187561,952,156
0.2043251304996271,0.0746825989544436,0.1148396718866517,0.6888380646705627,1101,154
0.186706497386109,0.0583395661929693,0.0955937266616878,0.6862611770629883,1101,146
0.1849816849816849,0.091743119266055,0.086080586080586,0.6926156282424927,915,105
0.1538461538461538,0.0790513833992095,0.1005917159763313,0.7502386569976807,817,80
0.1498559077809798,0.0923520923520923,0.1224783861671469,0.707785964012146,1155,105
0.205607476635514,0.0786516853932584,0.1158878504672897,0.6692307591438293,888,135
0.3580365736284889,0.210221793635487,0.2579403272377286,0.7569636106491089,768,185
0.2224316682375118,0.0925401322001888,0.1319509896324222,0.7076480388641357,827,119
0.1743589743589743,0.0565068493150685,0.1008547008547008,0.6673014163970947,988,121
0.1859154929577464,0.063969896519285,0.1051643192488262,0.6274563074111938,885,125
0.2477718360071301,0.0928571428571428,0.1354723707664884,0.6758843660354614,878,161
0.2464539007092198,0.1225577264653641,0.1329787234042553,0.7062716484069824,882,162
0.2226148409893993,0.1256637168141593,0.1484098939929328,0.732614278793335,886,129
0.2337899543378995,0.1354071363220494,0.1333333333333333,0.7004159688949585,857,125
0.1838297872340425,0.0545609548167092,0.105531914893617,0.6648885011672974,960,137
0.4144295302013423,0.242016806722689,0.2365771812080537,0.7384181618690491,820,249
0.1539735099337748,0.0646766169154228,0.097682119205298,0.6578913927078247,998,119
0.2395209580838323,0.1285347043701799,0.1351582549187339,0.6882754564285278,936,162
0.2466487935656836,0.1395973154362416,0.1715817694369973,0.6865012049674988,1176,193
0.3446808510638298,0.2059659090909091,0.2141843971631205,0.7334622740745544,1007,227
0.1991111111111111,0.0997328584149599,0.1351111111111111,0.6763231754302979,928,122
0.345489443378119,0.2076923076923076,0.2226487523992322,0.7088508009910583,773,187
0.2028708133971291,0.0843720038350911,0.1282296650717703,0.6802168488502502,861,123
0.2724844167408726,0.1320249776984834,0.163846838824577,0.7123606204986572,855,159
0.2363281249999999,0.1213307240704501,0.13671875,0.6960711479187012,783,129
0.2583732057416268,0.1380632790028763,0.1454545454545454,0.7207682728767395,809,132
0.157520981278244,0.0775694893341952,0.1007101355713363,0.7057610750198364,1301,123
0.2849462365591397,0.1328545780969479,0.1612903225806451,0.693335235118866,833,152
0.3220174587778855,0.2040816326530612,0.2289039767216295,0.7125310301780701,781,170
0.2418235877106045,0.1132075471698113,0.1645193260654113,0.7043147683143616,802,130
0.2603550295857988,0.1676545300592718,0.1944209636517328,0.7184582352638245,928,160
0.2419354838709677,0.1238779174147217,0.1308243727598566,0.6874841451644897,908,139
0.2533333333333333,0.1151919866444073,0.135,0.7186674475669861,955,167
0.2335381913959613,0.1072999120492524,0.1299385425812116,0.7232674360275269,923,139
0.2230671736375158,0.1040609137055837,0.1444866920152091,0.7122355103492737,1220,192
0.2938388625592417,0.1709401709401709,0.1687203791469194,0.7224240303039551,800,153
0.1850746268656716,0.0757726819541375,0.1094527363184079,0.703821063041687,845,98
0.2183406113537117,0.0927384076990376,0.1135371179039301,0.6821306943893433,915,136
0.2014925373134328,0.1061285500747384,0.1223880597014925,0.7074164152145386,1094,136
0.3313373253493014,0.1665556295802798,0.1916167664670658,0.707488477230072,1124,244
0.3203463203463204,0.215091066782307,0.2337662337662338,0.7534583210945129,845,165
0.2771403353927626,0.1927497789566755,0.2012356575463371,0.7565073370933533,885,155
0.3086419753086419,0.1758241758241758,0.2167352537722908,0.684852123260498,1126,246
0.3090909090909091,0.2119205298013244,0.2132231404958677,0.7389795184135437,943,178
0.3290441176470589,0.1952117863720073,0.1580882352941176,0.7136370539665222,823,167
0.2859960552268244,0.1343873517786561,0.1242603550295858,0.7191452980041504,756,156
0.2571428571428572,0.1627906976744186,0.1625,0.7355597615242004,857,141
0.3070803500397773,0.1896414342629482,0.1797931583134447,0.7119079232215881,940,193
0.2380952380952381,0.1172962226640158,0.1448412698412698,0.707673192024231,823,125
0.2296368989205102,0.1337266470009832,0.1295387634936212,0.7246733903884888,801,116
0.2219959266802444,0.1020408163265306,0.1242362525458248,0.7116109132766724,812,117
0.2728873239436619,0.1604938271604938,0.1954225352112676,0.7126829028129578,852,164
0.1932515337423312,0.1105990783410138,0.1426380368098159,0.7021996378898621,985,138
0.4377104377104377,0.2589345920431558,0.3043771043771043,0.7285158038139343,974,347
0.3933747412008281,0.2136929460580913,0.2939958592132505,0.7058886885643005,692,185
0.2886405959031657,0.1082089552238805,0.1787709497206704,0.6684744358062744,821,176
0.2929475587703436,0.1920289855072464,0.2079566003616636,0.7392538189888,862,155
0.1516108654453569,0.0708412397216951,0.0871762476310802,0.6842274069786072,1327,131
0.2812755519215045,0.1883701883701883,0.240392477514309,0.7422837615013123,938,175
0.2378673957621326,0.1451060917180013,0.1695146958304853,0.6817054748535156,1117,148
0.2852919438285292,0.1495188749074759,0.2158167036215816,0.6989743113517761,997,180
0.2987111448066717,0.1822323462414578,0.2168309325246398,0.7206742763519287,989,203
0.3047091412742382,0.1628122109158186,0.1920590951061865,0.7030755877494812,838,175
0.2443991853360489,0.1563562202583276,0.1900882552613713,0.7071362137794495,1189,176
0.3262279888785913,0.1931290622098421,0.2298424467099165,0.716376781463623,838,174
0.2043709391612521,0.1407451212300413,0.1157708210277613,0.7336456179618835,1379,162
0.2761061946902655,0.1595744680851064,0.2,0.6881829500198364,905,154
0.4142394822006472,0.2566429034348672,0.2588996763754045,0.7462930679321289,1097,309
0.4044609665427509,0.2501861504095309,0.286988847583643,0.769363284111023,962,264
0.2852485737571312,0.1404081632653061,0.1744091279543602,0.719752848148346,943,183
0.1808981657179,0.103863204559848,0.0872865275142315,0.7262758612632751,1272,136
0.2658846529814272,0.1723800195886385,0.2052785923753665,0.7373299598693848,784,132
0.3888404533565824,0.2951965065502184,0.3382737576285963,0.7571974992752075,829,207
0.377560106856634,0.2747546833184656,0.2564559216384684,0.7495125532150269,816,196
0.2074468085106383,0.103019538188277,0.1347517730496454,0.6910424828529358,920,124
0.3653679653679653,0.2705984388551604,0.2995670995670996,0.7677783370018005,863,205
0.2421948912015137,0.1364928909952606,0.1646168401135288,0.7336847186088562,830,118
0.2779850746268656,0.1383177570093458,0.2052238805970149,0.6708378791809082,788,166
0.2027800490596893,0.095004095004095,0.1177432542927228,0.6898300051689148,976,138
0.2740740740740741,0.1669758812615955,0.1796296296296296,0.7401045560836792,852,149
0.227314390467461,0.09366391184573,0.1356553620531622,0.6795237064361572,855,137
0.2723880597014925,0.1476635514018691,0.1473880597014925,0.6945118308067322,803,141
0.2349676225716928,0.1408711770157553,0.1332099907493062,0.7039757966995239,848,129
0.2514379622021364,0.1580246913580247,0.1495480690221857,0.7155411243438721,963,147
0.25,0.146067415730337,0.1634615384615384,0.6989016532897949,972,150
0.3342516069788797,0.2483900643974241,0.2405876951331497,0.7372910976409912,806,176
0.2393472348141432,0.1525885558583106,0.1541251133272892,0.7143507599830627,839,132
0.2507403751233958,0.1661721068249258,0.1895360315893386,0.7061318755149841,797,121
0.2197392923649907,0.1026119402985074,0.1191806331471136,0.7127958536148071,848,121
0.2451612903225806,0.1181902123730378,0.1271889400921659,0.7091524004936218,858,140
0.2117090479006504,0.1338069863824748,0.1502069781194559,0.745389997959137,1375,173
0.2109500805152979,0.0935483870967742,0.1175523349436392,0.7154489159584045,997,145
0.2314814814814814,0.1456953642384106,0.1494708994708994,0.7219688296318054,1191,174
0.3191648023862788,0.1613144137415982,0.1879194630872483,0.68702632188797,979,212
0.2868852459016393,0.1868583162217658,0.235655737704918,0.7502874135971069,718,124
0.3031379514505624,0.1837581505631297,0.2084073416222616,0.7130676507949829,1297,263
0.2511485451761102,0.151840490797546,0.1592649310872894,0.7079225182533264,1006,159
0.3362831858407079,0.2109929078014184,0.2353982300884955,0.7133737206459045,822,171
0.2693726937269373,0.1959334565619223,0.1955719557195571,0.7783564925193787,835,140
0.3151408450704225,0.2081128747795414,0.2095070422535211,0.717991828918457,830,170
0.2251655629139072,0.0912106135986733,0.1258278145695364,0.6847590804100037,962,131
0.1690566037735849,0.0816326530612244,0.1056603773584905,0.7041211128234863,1083,105
0.3655913978494623,0.1645445641527914,0.23069403714565,0.7149010300636292,718,194
0.2204827136333985,0.1358589157413455,0.1487279843444227,0.7413797378540039,1179,152
0.2833935018050541,0.1808318264014466,0.1768953068592058,0.7314271926879883,820,144
0.2854609929078014,0.1687388987566607,0.1897163120567375,0.7369104027748108,869,155
0.4600326264274061,0.2745098039215686,0.2724306688417618,0.769450843334198,813,281
0.3029739776951672,0.1582867783985102,0.1933085501858736,0.722952663898468,799,169
0.308411214953271,0.1966292134831461,0.2242990654205607,0.7098097205162048,791,164
0.2622061482820977,0.1485507246376811,0.1717902350813743,0.6764441728591919,857,142
0.2556237218813906,0.1393442622950819,0.1513292433537832,0.7477931380271912,741,124
0.2351294611616515,0.1289418360196215,0.1245626312106368,0.6971141695976257,1149,176
0.3206896551724137,0.2072538860103626,0.2344827586206896,0.730943500995636,852,177
0.2320754716981131,0.1361058601134215,0.1433962264150943,0.7205461263656616,814,132
0.3294614572333685,0.1883597883597883,0.1626187961985216,0.6928759813308716,692,152
0.2101513802315227,0.1070472792149866,0.1353517364203027,0.6969526410102844,901,128
0.2390057361376673,0.0938697318007662,0.1491395793499043,0.695821225643158,798,140
0.1490683229813664,0.0515555555555555,0.0922803904170363,0.651087760925293,966,97
0.1723862729449321,0.0799360511590727,0.1085395051875498,0.7228420972824097,1013,109
0.2118561710398445,0.0817916260954235,0.1127308066083576,0.6755403876304626,817,115
0.2392523364485981,0.1161048689138576,0.1401869158878504,0.699047863483429,853,127
0.2288135593220339,0.0976645435244161,0.1377118644067796,0.7068132162094116,762,123
0.3303571428571428,0.2271914132379249,0.2125,0.7455819845199585,815,182
0.2882882882882883,0.1570397111913357,0.1801801801801801,0.7037322521209717,838,156
0.2281368821292775,0.1295238095238095,0.1368821292775665,0.7313191890716553,841,114
0.2521246458923513,0.1304964539007092,0.1671388101983002,0.708977997303009,1076,197
0.1871559633027523,0.0845070422535211,0.1174311926605504,0.7019635438919067,1358,153
0.1991017964071856,0.0899550224887556,0.1167664670658682,0.673148512840271,1101,152
0.306020066889632,0.2060301507537688,0.2357859531772575,0.742701530456543,921,183
0.3185550082101805,0.194078947368421,0.2266009852216748,0.7335602641105652,918,182
0.226950354609929,0.103019538188277,0.1312056737588652,0.6790067553520203,901,126
0.1857025472473294,0.0954732510288065,0.1314708299096137,0.6838769316673279,986,130
0.282453637660485,0.1371428571428571,0.1654778887303851,0.6967118978500366,1025,216
0.1857055589492974,0.0856269113149847,0.1246182040317654,0.6943367719650269,1364,153
0.1969949916527545,0.1003344481605351,0.1302170283806344,0.7041279077529907,928,128
0.1917623227548953,0.1419878296146044,0.151249155975692,0.7205576300621033,1059,120
0.2362435803374908,0.1204996326230712,0.1203228173147468,0.7081137299537659,1106,175
0.1988682295877122,0.0712550607287449,0.105092966855295,0.6970042586326599,1008,131
0.3066884176182707,0.1879084967320261,0.2088091353996737,0.7438637614250183,903,191
0.2555663117134559,0.1241513094083414,0.185866408518877,0.7007164359092712,782,143
0.2292441140024783,0.1352357320099255,0.1301115241635687,0.7062267065048218,1278,182
0.3001686340640809,0.1706081081081081,0.2074198988195615,0.6887047290802002,865,179
0.1995753715498938,0.1063829787234042,0.1210191082802547,0.7077100276947021,775,107
0.1610062893081761,0.0479192938209331,0.090566037735849,0.630579948425293,575,84
0.2603648424543947,0.1495016611295681,0.1691542288557214,0.728248119354248,920,164
0.2490118577075098,0.1445544554455445,0.1561264822134387,0.7226650714874268,785,133
0.273950910530483,0.1808088818398097,0.2074425969912905,0.7214776277542114,966,166
0.3235294117647059,0.2302025782688765,0.2316176470588235,0.7273746728897095,794,169
0.2651933701657459,0.1623616236162361,0.1915285451197053,0.7414963841438293,861,132
0.2551781275890638,0.146058091286307,0.1623860811930406,0.7088868021965027,955,148
0.2462633451957295,0.1553813257305773,0.190747330960854,0.7130029797554016,1086,172
0.2421052631578947,0.1371308016877637,0.1642105263157894,0.7113603353500366,764,114
0.3201407211961302,0.2290748898678414,0.2445030782761653,0.7441868185997009,822,153
0.3572649572649573,0.25,0.3008547008547008,0.7481076121330261,825,192
0.2896015549076773,0.1791626095423563,0.2254616132167152,0.7604016065597534,793,138
0.2192749778956675,0.1647475642161204,0.1786030061892131,0.7199010848999023,843,114
0.2430622009569378,0.1169702780441035,0.1454545454545454,0.6941069960594177,832,138
0.2005571030640668,0.0986046511627907,0.128133704735376,0.7074112296104431,883,118
0.2115059221658206,0.1305084745762711,0.1624365482233502,0.7297273278236389,885,132
0.2258620689655172,0.1278065630397236,0.1568965517241379,0.7282251715660095,911,130
0.4041994750656168,0.2489044697633655,0.2572178477690289,0.7413161993026733,799,221
0.2505277973258268,0.1028893587033122,0.1421534130893736,0.7001169323921204,1110,185
0.2752867570385818,0.1504702194357366,0.1814389989572471,0.7317544221878052,721,127
0.2514044943820224,0.1772151898734177,0.1769662921348314,0.7144378423690796,1122,179
0.2473050095117311,0.1384126984126984,0.1483830057070386,0.7416702508926392,1201,182
0.1843393148450245,0.1160130718954248,0.1125611745513866,0.7187276482582092,990,115
0.2727272727272727,0.1529209621993127,0.1869639794168096,0.7416695952415466,913,165
0.2908545727136432,0.1951951951951951,0.2308845577211394,0.7121360898017883,1016,184
0.307915758896151,0.1992727272727273,0.2251270878721858,0.7405040264129639,1040,210
0.2289613343442001,0.1351556567957479,0.1410159211523881,0.7206986546516418,1025,153
0.3202979515828678,0.2070895522388059,0.2346368715083799,0.7398023009300232,803,175
0.1602373887240356,0.0713577799801784,0.0949554896142433,0.6613518595695496,800,87
0.2149532710280373,0.1179775280898876,0.1401869158878504,0.7074443697929382,807,99
0.2719033232628398,0.1614530776992936,0.1389728096676737,0.7602992057800293,732,127
0.2988505747126436,0.1682905225863596,0.1786030061892131,0.6990541219711304,870,166
0.2075298438934802,0.0993560257589696,0.1083562901744719,0.6684019565582275,873,119
0.2146341463414634,0.1156351791530944,0.1170731707317073,0.695892870426178,978,133
0.132569558101473,0.0491803278688524,0.0851063829787234,0.6662017703056335,1038,90
0.2514177693761815,0.1628787878787879,0.1928166351606805,0.7391656041145325,830,127
0.2961702127659574,0.1739130434782608,0.1906382978723404,0.7302350401878357,880,168
0.245671887881286,0.12056151940545,0.1434460016488046,0.693405032157898,959,156
0.2662057044079516,0.1541125541125541,0.1797752808988764,0.6783596873283386,880,156
0.1728553137003841,0.1128205128205128,0.1254801536491677,0.6987064480781555,1262,129
0.2600349040139616,0.1451048951048951,0.1710296684118673,0.6856746673583984,902,152
0.2962264150943396,0.1398865784499054,0.160377358490566,0.7045091390609741,774,159
0.2391513982642237,0.123671497584541,0.1639344262295082,0.7257911562919617,824,126
0.2573402417962003,0.1314878892733564,0.158894645941278,0.7325231432914734,862,162
0.2232415902140672,0.1102603369065849,0.128440366972477,0.7068490982055664,1061,156
0.2632050134288272,0.1452914798206278,0.1450313339301701,0.7152931094169617,885,158
0.352542372881356,0.2037351443123939,0.247457627118644,0.6854309439659119,857,196
0.3855421686746988,0.2061281337047353,0.2279888785912882,0.7283048033714294,742,203
0.2467644521138912,0.1486603284356093,0.1673856773080242,0.6960185766220093,896,155
0.2054933875890132,0.0958205912334352,0.1464903357070193,0.6787404417991638,750,116
0.2638788752703677,0.1819494584837545,0.2033165104542177,0.7594680786132812,1086,181
0.3310657596371882,0.174110522331567,0.1859410430839002,0.7342873811721802,975,233
0.2446808510638297,0.1420959147424511,0.1560283687943262,0.7279579639434814,891,134
0.3087885985748219,0.1823949246629659,0.2406967537608867,0.7343668341636658,967,180
0.3390557939914163,0.2277936962750716,0.2417739628040057,0.7348943948745728,1014,224
0.1760932944606414,0.099241097489784,0.1014577259475218,0.7123740911483765,1411,149
0.3161512027491409,0.216867469879518,0.2353951890034364,0.7391800284385681,878,178
0.3366834170854271,0.1996644295302013,0.1943048576214405,0.7101651430130005,883,191
0.2706896551724138,0.1692573402417962,0.1982758620689655,0.7374228835105896,899,154
0.2761830876648565,0.1647241647241647,0.1846392552366175,0.7159984707832336,984,181
0.2111200644641418,0.135593220338983,0.1353746978243352,0.724452793598175,952,121
0.218873909595559,0.1159650516282764,0.141157811260904,0.6874328851699829,1004,142
0.3325062034739454,0.1673570836785418,0.2100909842845326,0.6846590638160706,910,199
0.1972972972972973,0.0960757780784844,0.1229729729729729,0.7139132618904114,1211,151
0.1960038058991436,0.1010486177311725,0.1370123691722169,0.6629025936126709,831,111
0.2303149606299212,0.0946745562130177,0.1377952755905511,0.6815575957298279,797,152
0.164691203992514,0.0612117426608369,0.0973175296319401,0.6460638046264648,1329,150
0.2991452991452991,0.1506849315068493,0.1829059829059829,0.7202920317649841,908,182
0.2383720930232558,0.1495145631067961,0.1375968992248062,0.7267158627510071,807,125
0.1702508960573476,0.0879712746858168,0.1039426523297491,0.7043648958206177,905,97
0.1973816717019134,0.0524722502522704,0.1047331319234642,0.655128538608551,790,120
0.2220408163265305,0.1112019623875715,0.1387755102040816,0.7234740257263184,984,139
0.2170854271356784,0.1248741188318227,0.1487437185929648,0.7045575976371765,827,107
0.295837023914969,0.1756876663708962,0.2072630646589902,0.707727313041687,848,158
0.2338709677419354,0.1373182552504038,0.1580645161290322,0.7091086506843567,983,138
0.2658111824014665,0.1542699724517906,0.1448212648945921,0.7002907395362854,811,146
0.2804792107117689,0.1482004234297812,0.1930937279774489,0.7328992486000061,1118,204
0.2723505032563647,0.1481920569057498,0.1788040260509177,0.7207357883453369,1293,215
0.2310654685494223,0.1041131105398457,0.1412066752246469,0.6989476680755615,1222,176
0.2991452991452991,0.1712328767123287,0.2136752136752136,0.7143067717552185,883,177
0.3132760267430755,0.1511961722488038,0.1986628462273161,0.68687903881073,731,153
0.2024188415022279,0.1032504780114722,0.1158497772119669,0.6810147166252136,1244,162
0.2725752508361204,0.1373534338358459,0.1705685618729097,0.694746196269989,944,172
0.2643097643097643,0.1450252951096121,0.1902356902356902,0.718940794467926,889,141
0.2235195996663886,0.0952380952380952,0.1150959132610508,0.6863772869110107,910,140
0.3065134099616858,0.1535508637236084,0.2049808429118774,0.7013342380523682,779,169
0.2652705061082024,0.1468531468531468,0.1483420593368237,0.7461197972297668,862,146
0.1784232365145228,0.0983379501385041,0.1051175656984785,0.6832009553909302,1161,144
0.3227091633466136,0.1896207584830339,0.2171314741035856,0.7306265234947205,729,154
0.3501529051987767,0.2174578866768759,0.246177370030581,0.7294484376907349,946,236
0.3050570962479608,0.184640522875817,0.2218597063621533,0.7398928999900818,873,164
0.3389288569144684,0.1761409127301841,0.1790567545963229,0.7280958294868469,854,197
0.2817391304347826,0.1132404181184669,0.1547826086956522,0.7020617723464966,880,165
0.2256596906278435,0.113035551504102,0.1346678798908098,0.6904372572898865,875,134
0.2768411712511091,0.1564444444444444,0.1739130434782608,0.6987918615341187,880,160
0.2271414821944177,0.1427193828351012,0.1539942252165543,0.7256697416305542,825,126
0.4123401053423627,0.2547098718914845,0.2799097065462754,0.715428352355957,911,259
0.2514395393474088,0.1269230769230769,0.1381957773512476,0.7162632942199707,827,131
0.3115318416523235,0.2120689655172413,0.2306368330464716,0.7402223348617554,892,184
0.2364170337738619,0.1235294117647058,0.1556534508076358,0.7092339396476746,1032,169
0.3838383838383838,0.2391904323827046,0.288337924701561,0.7246591448783875,776,199
0.1611001964636542,0.0433070866141732,0.0884086444007858,0.6651949882507324,834,87
0.2402287893231649,0.1470869149952244,0.1715919923736892,0.7364696264266968,832,124
0.3494085532302093,0.1896080218778487,0.2292993630573248,0.7273251414299011,793,196
0.2055944055944056,0.0868347338935574,0.1328671328671328,0.661751925945282,1172,161
0.3670995670995671,0.241110147441457,0.2701298701298701,0.7602176070213318,811,214
0.3566388710711994,0.1836865767501605,0.2116741500962155,0.722371518611908,1148,277
0.2423714036617262,0.1100436681222707,0.1290322580645161,0.6825239062309265,915,158
0.2390510948905109,0.0840950639853747,0.1277372262773722,0.6547492146492004,877,171
0.3645038167938931,0.2428298279158699,0.2595419847328244,0.7429054975509644,768,194
0.3798785776235906,0.2258905299739357,0.2341717259323503,0.7432678937911987,814,214
0.319405756731662,0.1916279069767442,0.1987000928505106,0.7178458571434021,793,166
0.3028439661798616,0.1709006928406466,0.2259800153727901,0.6894732713699341,1015,197
0.3126079447322971,0.2041522491349481,0.2383419689119171,0.7491172552108765,864,185
0.2291950886766712,0.1079234972677595,0.1350613915416098,0.6787369847297668,1160,168
0.2398589065255731,0.107773851590106,0.1358024691358025,0.6959896683692932,880,155
0.4177215189873417,0.2071881606765327,0.2953586497890296,0.7143580317497253,629,203
0.305511811023622,0.1230283911671924,0.1496062992125984,0.6799553632736206,973,219
0.2268041237113402,0.088093599449415,0.1443298969072164,0.6920576691627502,1148,183
0.3137931034482759,0.1727115716753022,0.2206896551724137,0.7010090947151184,884,193
0.2533333333333333,0.1431297709923664,0.16,0.721967875957489,829,130
0.328996282527881,0.1955307262569832,0.2156133828996282,0.7252721190452576,782,196
0.2689335394126738,0.1687306501547987,0.2132921174652241,0.7402855753898621,1019,182
0.2741477272727273,0.1522048364153627,0.1647727272727272,0.7203699946403503,1111,197
0.3111954459203036,0.1920152091254752,0.2239089184060721,0.7471307516098022,807,161
0.2646784715750232,0.0952380952380952,0.1453867660764212,0.6862489581108093,835,165
0.2198198198198198,0.1010830324909747,0.1333333333333333,0.7153076529502869,864,118
0.2180731889469753,0.1211667913238593,0.1463778939507094,0.696951687335968,1094,148
0.2759315206445116,0.1614530776992936,0.1510574018126888,0.7406363487243652,764,137
0.2529711375212223,0.1530612244897959,0.1612903225806451,0.7066771984100342,936,156
0.2677484787018256,0.1524390243902439,0.1683569979716024,0.7204853892326355,774,137
0.2698838248436103,0.1539838854073411,0.1858802502234137,0.7129257321357727,877,161
0.2827406764960971,0.1285838401390095,0.1873373807458803,0.707158625125885,853,190
0.3004291845493562,0.1650902837489252,0.2111587982832617,0.705905020236969,849,184
0.3126022913256956,0.1459016393442622,0.2078559738134206,0.7068069577217102,882,194
0.3985572587917043,0.2384823848238482,0.3083859332732191,0.7491120100021362,792,226
0.3024302430243024,0.1857529305680793,0.2016201620162016,0.7303990125656128,851,166
0.292166549047283,0.189399293286219,0.2244177840508115,0.7579318881034851,1049,183
0.2821011673151751,0.1286549707602339,0.1556420233463035,0.6917702555656433,775,159
0.2686056458511549,0.1388174807197943,0.1471343028229255,0.6887428164482117,892,157
0.3111510791366906,0.2018018018018018,0.25,0.7194775938987732,845,172
0.2351851851851852,0.1335807050092764,0.1592592592592592,0.7344828844070435,838,130
0.3147973609802074,0.1699716713881019,0.1677662582469368,0.692306399345398,813,173
0.2706093189964157,0.163375224416517,0.1881720430107526,0.6849054098129272,833,146
0.2017045454545454,0.1436699857752489,0.1448863636363636,0.7234938144683838,1174,131
0.272027373823781,0.1645244215938303,0.1899059024807528,0.7188065648078918,910,160
0.3119469026548672,0.1973392461197339,0.1902654867256637,0.7669551372528076,660,126
0.1942697414395527,0.079776067179846,0.1076170510132774,0.6707313060760498,1199,157
0.2570951585976627,0.148829431438127,0.1619365609348914,0.7109056711196899,962,158
0.1706063720452209,0.0597322348094747,0.092497430626927,0.6593409776687622,798,113
0.2841823056300268,0.1593554162936436,0.1805183199285076,0.74244624376297,783,135
0.2783588093322606,0.1885576148267526,0.1592920353982301,0.7080218195915222,891,138
0.1991266375545851,0.0839895013123359,0.1187772925764192,0.6716727614402771,901,127
0.2460176991150442,0.1117021276595744,0.1522123893805309,0.6331716775894165,875,147
0.2398753894080997,0.1638065522620904,0.1853582554517134,0.7299445867538452,978,153
0.259059367771781,0.1637065637065637,0.1989205859676175,0.7474485039710999,1026,175
0.2087591240875912,0.1111111111111111,0.1138686131386861,0.7155920267105103,1103,138
0.2642405063291139,0.1600633914421553,0.175632911392405,0.7206209897994995,847,154
0.223826714801444,0.1349397590361445,0.1492178098676293,0.7151132225990295,1283,175
0.2379788101059494,0.1175510204081632,0.1287693561532192,0.6911532878875732,961,143
0.3725671918443002,0.2581244196843082,0.2928637627432808,0.7750499844551086,745,193
0.2765432098765432,0.1533388293487221,0.151440329218107,0.6813697218894958,962,161
0.2612781954887219,0.1186440677966101,0.1560150375939849,0.7059112787246704,836,143
0.1810126582278481,0.0950570342205323,0.110126582278481,0.6595548391342163,1340,161
0.354898336414048,0.2296296296296296,0.2735674676524953,0.7505509853363037,806,189
0.2568627450980392,0.1414538310412573,0.1607843137254902,0.7026243209838867,813,135
0.2009724473257698,0.1038961038961038,0.1166936790923824,0.7062933444976807,1029,127
0.2658730158730158,0.143046357615894,0.1547619047619047,0.6800748705863953,1155,189
0.3065810593900482,0.1848874598070739,0.1829855537720706,0.7209057211875916,916,187
0.1932287365813377,0.1058726220016542,0.1370767960363336,0.6995459794998169,975,112
0.1852166525063721,0.0714893617021276,0.1019541206457094,0.6960178017616272,976,121
0.2260569456427955,0.0985306828003457,0.1276962899050906,0.6734901666641235,944,144
0.2596630327056491,0.1310824230387288,0.1466798810703667,0.7081232070922852,793,138
0.2044293015332197,0.0819112627986348,0.1243611584327086,0.6891714334487915,970,126
0.2994241842610364,0.1038461538461538,0.1573896353166986,0.6535996794700623,790,170
0.2898852971845672,0.1274817136886102,0.154327424400417,0.6986220479011536,711,152
0.2750716332378224,0.1535150645624103,0.170487106017192,0.7299386262893677,1081,190
0.2254428341384863,0.1225806451612903,0.1239935587761674,0.7093825936317444,992,138
0.1982142857142857,0.1180679785330948,0.1392857142857142,0.7117765545845032,932,121
0.3425837320574162,0.2281879194630872,0.2334928229665071,0.7253060340881348,753,165
0.146031746031746,0.0699893955461293,0.0952380952380952,0.6823358535766602,724,77
0.3180487804878049,0.2052785923753665,0.2634146341463415,0.7399306297302246,768,162
0.2875710804224207,0.16273393002441,0.2063363119415109,0.6897188425064087,892,179
0.2678821879382889,0.1404494382022472,0.150070126227209,0.693790853023529,1053,188
0.192090395480226,0.090566037735849,0.1224105461393597,0.6718444228172302,818,112
0.3260869565217391,0.2089985486211901,0.1840579710144927,0.7378286719322205,1028,223
0.1575408261287224,0.0750721847930702,0.0922190201729106,0.685976505279541,839,87
0.204868154158215,0.1056910569105691,0.1318458417849898,0.671597957611084,800,117
0.2815356489945155,0.1428571428571428,0.1517367458866545,0.6914792656898499,848,160
0.2200956937799043,0.1112176414189836,0.1473684210526315,0.6939065456390381,858,119
0.1545138888888889,0.0799999999999999,0.0902777777777777,0.6932879090309143,970,91
0.1592261904761904,0.0774962742175856,0.1116071428571428,0.6901383399963379,1146,109
0.2129032258064516,0.1147011308562197,0.15,0.6865285634994507,1029,133
0.2011531069827034,0.0872354073123797,0.1101857783472133,0.6715770363807678,1253,171
0.1741324921135646,0.0871762476310802,0.1085173501577287,0.7025514245033264,1349,138
0.1779425393883225,0.0928505106778087,0.1316033364226135,0.6832125186920166,887,95
0.3007380073800738,0.1497227356746765,0.1734317343173431,0.7263152599334717,829,161
0.2804979253112033,0.1629260182876143,0.1858921161825726,0.7225321531295776,941,174
0.1849246231155779,0.0825780463242698,0.128643216080402,0.6893064975738525,810,98
0.1537070524412296,0.0615942028985507,0.0886075949367088,0.6610791683197021,946,100
0.2934179222839017,0.1286735504368546,0.2030134813639968,0.6573308706283569,977,190
0.3363471971066907,0.2101449275362319,0.2368896925858951,0.7354440689086914,789,172
0.2441077441077441,0.1534569983136593,0.1632996632996633,0.7339229583740234,944,144
0.227891156462585,0.131175468483816,0.1530612244897959,0.7312125563621521,944,130
0.2373188405797101,0.1197822141560798,0.1630434782608695,0.712572455406189,859,144
0.2054794520547945,0.0891632373113854,0.1342465753424657,0.6810681819915771,1156,163
0.2240896358543417,0.0879326473339569,0.1157796451914099,0.6834876537322998,855,144
0.1979695431472081,0.0915254237288135,0.1285956006768189,0.6862407922744751,930,126
0.2344013490725126,0.1148648648648648,0.1450252951096121,0.6897765398025513,910,152
0.1267605633802817,0.0716803760282021,0.0786384976525821,0.6918714642524719,1481,118
0.2601156069364162,0.1853281853281853,0.1695568400770712,0.735393226146698,822,133
0.163003663003663,0.0697247706422018,0.1025641025641025,0.6858192682266235,915,105
0.3798118049615055,0.2416452442159383,0.2754491017964072,0.7595561742782593,786,200
0.3336339044183949,0.2113821138211382,0.2434625788999098,0.6813023686408997,813,184
0.2403669724770642,0.1268382352941176,0.1376146788990825,0.7075663805007935,856,134
0.2012847965738758,0.1030042918454935,0.1413276231263383,0.7089248895645142,763,102
0.1389870435806831,0.0695754716981131,0.0883392226148409,0.6762010455131531,1459,124
0.2096530920060332,0.0861027190332326,0.1040723981900452,0.6602954268455505,1053,149
0.1950439648281374,0.0912730184147317,0.1262989608313349,0.701904833316803,1000,122
0.2504472271914132,0.1182795698924731,0.1663685152057245,0.7019163966178894,862,140
0.2644466209598433,0.127576054955839,0.1762977473065622,0.7019320130348206,790,145
0.2382324687800192,0.134744947064485,0.1748318924111431,0.7176787853240967,820,119
0.3214596003475239,0.1775456919060052,0.1824500434404865,0.7000541090965271,868,180
0.3029739776951673,0.143389199255121,0.1877323420074349,0.7000328898429871,851,178
0.2153846153846154,0.132061628760088,0.1553113553113553,0.7452601790428162,1111,146
0.2486388384754991,0.1345454545454545,0.1560798548094374,0.7207337021827698,868,137
0.2276094276094276,0.1429534726904922,0.1575757575757576,0.7156845331192017,1166,174
0.2827004219409282,0.1268498942917547,0.1413502109704641,0.7056813836097717,732,152
0.1762261014131338,0.086594504579517,0.1113881961762261,0.6773682832717896,994,113
0.3465491923641703,0.1911764705882352,0.2276064610866373,0.6896559596061707,967,239
0.2452984464431725,0.1294021294021294,0.1504497138184791,0.6991212964057922,960,149
0.1684359518754423,0.0609496810772501,0.0976645435244161,0.6725949645042419,1184,147
0.2122986822840409,0.0923753665689149,0.1317715959004392,0.6832064390182495,1062,159
0.268796992481203,0.1167608286252354,0.1428571428571428,0.6904587149620056,814,152
0.307920059215396,0.1986656782802075,0.1998519615099926,0.7171490788459778,1021,217
0.2088888888888888,0.1083086053412462,0.1377777777777777,0.7192562222480774,1106,141
0.2552166934189405,0.1446945337620579,0.1781701444622793,0.7252591848373413,1018,166
0.2068965517241379,0.1060240963855421,0.1283079390537289,0.6944934725761414,992,128
0.2007722007722007,0.0881670533642691,0.122007722007722,0.6925019025802612,1028,137
0.2159789288849868,0.0932277924362357,0.1211589113257243,0.6880655288696289,909,130
0.3374407582938388,0.1861348528015194,0.2199052132701421,0.714400053024292,760,179
0.1959026888604353,0.1141025641025641,0.1190781049935979,0.727405846118927,1235,154
0.4037558685446009,0.2746942615239887,0.3173708920187793,0.7451670169830322,763,202
0.259421560035057,0.1580333625987708,0.1875547765118317,0.7342929244041443,869,152
0.2243713733075435,0.1124031007751938,0.1566731141199226,0.6827451586723328,831,126
0.2185534591194968,0.137007874015748,0.1588050314465408,0.7005308866500854,1005,146
0.2845691382765531,0.1726907630522088,0.1943887775551102,0.7276496291160583,725,135
0.3428571428571428,0.1791320406278854,0.2304147465437788,0.7169485092163086,803,198
0.2723174030658251,0.1499548328816621,0.1623083859332732,0.7439609169960022,850,137
0.2483766233766233,0.1252032520325203,0.1672077922077922,0.7183867692947388,962,156
0.250814332247557,0.1468189233278956,0.1758957654723127,0.68316251039505,975,149
0.1027837259100642,0.0300214438884917,0.0585296216987865,0.6827447414398193,1219,89
0.2306525037936267,0.1048632218844984,0.1153262518968133,0.6560091376304626,1030,172
0.2739443872296601,0.1238390092879256,0.1380020597322347,0.68594890832901,768,150
0.223069590085796,0.105062082139446,0.1296472831267874,0.6900049448013306,850,126
0.1593406593406593,0.0972477064220183,0.13003663003663,0.7037865519523621,878,92
0.188628762541806,0.0977896851975887,0.1056856187290969,0.7116301655769348,1268,152
0.2896935933147632,0.1413953488372093,0.1838440111420612,0.6769415140151978,821,166
0.2978339350180505,0.18625678119349,0.2003610108303249,0.7546905279159546,850,159
0.2359767891682785,0.1317829457364341,0.1411992263056092,0.7035407423973083,838,126
0.1767790262172284,0.0810202550637659,0.1198501872659176,0.695047914981842,1098,127
0.2928082191780822,0.1732418524871355,0.1832191780821917,0.7443354725837708,892,162
0.2565845369583687,0.1497872340425532,0.1835174171622769,0.7195780873298645,925,148
0.1539465101108936,0.0679294578706727,0.0978473581213307,0.7169932723045349,1324,127
0.3436619718309859,0.244590780809031,0.2328638497652582,0.703971803188324,744,163
0.2439024390243902,0.0977683315621679,0.1230116648992576,0.695499062538147,779,135
0.2230710466004584,0.1300688599846977,0.1451489686783804,0.7389944791793823,1039,147
0.1970519782777346,0.0916860916860917,0.108611326609775,0.6943771839141846,1025,121
0.2485501242750621,0.1410788381742738,0.1690140845070422,0.7159105539321899,979,155
0.2536082474226804,0.140495867768595,0.1917525773195876,0.7012842297554016,752,118
0.2421142369991474,0.157130657557643,0.1790281329923273,0.7052761316299438,927,149
0.2331914893617021,0.1483375959079284,0.1327659574468085,0.7314071655273438,831,131
0.2694610778443113,0.178,0.2075848303393213,0.7400550246238708,777,133
0.2923076923076922,0.1866438356164383,0.2273504273504273,0.7447441220283508,897,165
0.3029801324503311,0.1310116086235489,0.1771523178807947,0.7001100182533264,889,193
0.3655274888558692,0.1979166666666666,0.2332838038632986,0.7077361941337585,928,235
0.2757352941176471,0.1860036832412523,0.1930147058823529,0.7576431632041931,800,136
0.1860759493670886,0.1153358681875792,0.1367088607594936,0.7065944075584412,1264,136
0.2649006622516556,0.109952606635071,0.1381267738883633,0.701224148273468,832,158
0.3837429111531191,0.2746212121212121,0.2911153119092627,0.7500554919242859,764,192
0.360248447204969,0.1724444444444444,0.2129547471162377,0.6880984306335449,787,220
0.2243478260869565,0.0940766550522648,0.1339130434782608,0.6810414791107178,887,143
0.2264150943396226,0.1218487394957983,0.1278825995807128,0.701043426990509,756,115
0.3859881031064111,0.2104566512243547,0.2670191672174488,0.7559812664985657,900,300
0.247557003257329,0.1615008156606851,0.1872964169381107,0.7009751796722412,909,152
0.1855468749999999,0.086105675146771,0.109375,0.6824456453323364,838,102
0.227027027027027,0.0715059588299025,0.1189189189189189,0.6677883863449097,734,125
0.2059380922299431,0.1252371916508539,0.1288692356285533,0.7497764825820923,1264,155
0.2110817941952506,0.1074889867841409,0.1301671064204045,0.6765825152397156,911,130
0.2486187845303867,0.1217712177121771,0.149171270718232,0.6977605223655701,825,134
0.2128350934199837,0.0943856794141578,0.1429731925264013,0.6919191479682922,973,145
0.3495145631067961,0.160919540229885,0.1994704324801412,0.6937537789344788,838,209
0.2562724014336917,0.1400359066427289,0.1577060931899641,0.742257833480835,884,164
0.2260869565217391,0.0950118764845605,0.109090909090909,0.6966467499732971,1014,158
0.3299832495812395,0.1996644295302013,0.2261306532663316,0.7047957181930542,848,199
0.2400635930047694,0.1449044585987261,0.1573926868044515,0.722864031791687,980,152
0.2823984526112186,0.1433182698515171,0.1727917472598323,0.691258430480957,1188,218
0.3092948717948718,0.1878009630818619,0.203525641025641,0.7111186385154724,921,184
0.2811320754716981,0.1285444234404537,0.1641509433962264,0.7162116765975952,836,159
0.1978155339805825,0.1130012150668286,0.1334951456310679,0.7064191699028015,1342,167
0.3841515934539191,0.2329594477998274,0.2739018087855297,0.7346657514572144,839,223
0.2093189964157706,0.119167264895908,0.1247311827956989,0.7075271010398865,1176,153
0.2331406551059729,0.1138996138996139,0.140655105973025,0.7149071097373962,832,122
0.1647398843930635,0.0709117221418234,0.1026011560693641,0.6851025223731995,1157,129
0.2094897045658012,0.0932735426008968,0.1199641897940913,0.6879373788833618,906,133
0.1772853185595567,0.0832177531206657,0.113573407202216,0.6818568110466003,1194,147
0.2508122157244964,0.1613532856213402,0.1897335932423651,0.7333418726921082,1232,196
0.2457786116322702,0.1466165413533834,0.1463414634146341,0.6913369297981262,833,131
0.1631944444444444,0.0904347826086956,0.1128472222222222,0.6884962916374207,953,101
0.1558441558441558,0.0852601156069364,0.088023088023088,0.7244583964347839,1130,112
0.2433786685755189,0.1376344086021505,0.1574803149606299,0.7252178192138672,1135,167
0.1821782178217822,0.0873015873015873,0.1089108910891089,0.6904129981994629,832,94
0.1966426858513189,0.0848678943154523,0.1278976818545163,0.6817358732223511,1011,136
0.2033195020746887,0.0935550935550935,0.1224066390041493,0.6751155853271484,778,108
0.3016194331983806,0.1602434077079108,0.1376518218623481,0.7075480818748474,756,156
0.2328654004954582,0.1091811414392059,0.1535920726672171,0.6820909380912781,942,160
0.2074927953890489,0.0846968238691049,0.1152737752161383,0.6949004530906677,870,117
0.2812785388127853,0.1244281793229643,0.1643835616438356,0.7113653421401978,838,181
0.244334975369458,0.1184600197433366,0.1477832512315271,0.6864003539085388,795,121
0.2338308457711442,0.127906976744186,0.1442786069651741,0.6980804800987244,956,143
0.3583333333333333,0.2395709177592372,0.2761904761904762,0.7982425093650818,1259,282
0.1976911976911977,0.1054913294797687,0.1053391053391053,0.7095361948013306,1138,139
0.2010050251256281,0.1124161073825503,0.1139028475711892,0.7125547528266907,953,128
0.2766666666666666,0.1185308848080133,0.1466666666666666,0.6796265840530396,936,187
0.2072472981563891,0.1273074474856779,0.1424030514939605,0.730252742767334,1261,153
0.2771855010660981,0.1850533807829181,0.2231698649609097,0.7428039908409119,1071,179
0.3931240657698057,0.278443113772455,0.2989536621823617,0.7455679774284363,942,232
0.200896860986547,0.1024258760107816,0.1112107623318385,0.7255584001541138,881,122
0.3038936372269705,0.1864890580399619,0.2241215574548908,0.7243798971176147,779,167
0.1371504660452729,0.0733333333333333,0.0932090545938748,0.698573648929596,1304,107
0.1931119311193112,0.0911330049261083,0.1131611316113161,0.6789983510971069,1308,172
0.2434895833333333,0.1421121251629726,0.1653645833333333,0.7140902876853943,1197,183
0.2865064695009242,0.1703703703703703,0.177449168207024,0.7038581967353821,824,151
0.2131901840490797,0.1228878648233487,0.1303680981595092,0.7185665965080261,987,129
0.1675889328063241,0.0965954077593032,0.1090909090909091,0.695036768913269,1011,97
0.2416666666666666,0.1265646731571627,0.1388888888888889,0.7043132185935974,1095,168
0.277021617293835,0.1876503608660786,0.1649319455564451,0.7307915091514587,915,150
0.2016679302501895,0.123006833712984,0.133434420015163,0.7195742726325989,986,120
0.4189189189189189,0.2889390519187358,0.3153153153153153,0.7093832492828369,563,176
0.402930402930403,0.2201834862385321,0.2490842490842491,0.7224400043487549,723,218
0.342127659574468,0.2131287297527707,0.2689361702127659,0.7026654481887817,837,211
0.4127806563039723,0.2525951557093425,0.2970639032815199,0.7152475118637085,792,239
0.1813633520950594,0.1139636819035691,0.123827392120075,0.7204984426498413,1266,141
0.133535660091047,0.0668693009118541,0.08649468892261,0.6747183203697205,1096,100
0.3557692307692308,0.1984585741811175,0.2384615384615384,0.7170711159706116,761,185
0.2335766423357664,0.1316003249390739,0.1686942416869424,0.713239312171936,948,143
0.3610619469026548,0.2021276595744681,0.2707964601769911,0.6906780004501343,817,207
0.2116402116402116,0.0984102952308857,0.1300075585789871,0.6808631420135498,1079,135
0.5386779184247539,0.376056338028169,0.3713080168776371,0.8043046593666077,819,317
0.2267689684569479,0.1058923996584116,0.16538789428815,0.669755220413208,905,136
0.2274573517465475,0.0716029292107404,0.1137286758732737,0.6795679330825806,969,159
0.3571428571428571,0.1988555078683834,0.2571428571428571,0.7547326683998108,1047,259
0.2696629213483146,0.1707317073170731,0.1797752808988764,0.6802070140838623,820,140
0.2072752230610844,0.10446735395189,0.123541523678792,0.7029705047607422,1169,163
0.2184368737474949,0.1265060240963855,0.158316633266533,0.7086333632469177,782,118
0.3149509803921569,0.2024539877300613,0.2034313725490196,0.7361261248588562,1183,256
0.2926374650512581,0.1549953314659197,0.2013047530288909,0.7177603244781494,807,168
0.2241715399610136,0.138671875,0.1617933723196881,0.7379562258720398,849,119
0.2494623655913978,0.0991379310344827,0.1397849462365591,0.6948724389076233,733,122
0.1715511079342387,0.0916249105225483,0.1143674052894925,0.6845095157623291,1178,127
0.1439884809215262,0.083633741888969,0.1022318214542836,0.712006688117981,1209,105
0.258252427184466,0.1459143968871595,0.1592233009708738,0.7271105647087097,810,128
0.1736794986571172,0.0825112107623318,0.1056401074306177,0.6965286731719971,894,92
0.2208904109589041,0.111492281303602,0.1232876712328767,0.6953580379486084,920,141
0.2378378378378378,0.1105092091007584,0.1556756756756757,0.6825382113456726,716,110
0.2564575645756457,0.133086876155268,0.1678966789667896,0.6939924359321594,853,138
0.2005097706032285,0.0953191489361702,0.1325403568394222,0.690083384513855,962,124
0.2313382649630127,0.1252525252525252,0.112979152656355,0.7017152309417725,1177,177
0.2409138110072689,0.1019771071800208,0.1349948078920041,0.6952072381973267,752,117
0.2751423149905123,0.0950570342205323,0.1631878557874763,0.6592370867729187,776,158
0.2782071097372489,0.1904024767801858,0.2163833075734157,0.7468216419219971,1000,167
0.2527379949452401,0.1248945147679325,0.1566975568660489,0.6980648636817932,948,162
0.219047619047619,0.1144674085850556,0.1380952380952381,0.7003894448280334,1016,141
0.2372881355932203,0.13047363717605,0.1587867975022301,0.7533649802207947,899,138
0.234061135371179,0.1224846894138232,0.1537117903930131,0.722122073173523,924,138
0.2571942446043165,0.1459459459459459,0.1726618705035971,0.7339791655540466,855,143
0.1777032690695725,0.0738874895046179,0.124056999161777,0.7072659730911255,988,117
0.230535894843276,0.1418439716312056,0.1395348837209302,0.7455877065658569,792,123
0.2394067796610169,0.1422505307855626,0.1377118644067796,0.7317119836807251,760,119
0.2381413359148112,0.1008729388942773,0.164569215876089,0.6636207103729248,809,143
0.302725968436155,0.1623563218390804,0.1865136298421807,0.7054737210273743,1015,213
0.3107769423558897,0.1539748953974895,0.1754385964912281,0.6982377767562866,904,205
0.4857389801210026,0.3203463203463203,0.3595505617977528,0.7714210152626038,709,258
0.3267857142857143,0.2057245080500894,0.2321428571428571,0.7382826209068298,827,180
0.281827016520894,0.1421616358325219,0.1885325558794946,0.7099928855895996,766,146
0.2776255707762557,0.1701738334858188,0.2063926940639269,0.7542727589607239,827,159
0.3778383287920072,0.2802547770700637,0.3051771117166212,0.7412523627281189,800,189
0.2261410788381742,0.1351351351351351,0.1597510373443983,0.7508495450019836,776,118
0.2401433691756272,0.1651705565529622,0.1487455197132616,0.7306244969367981,841,122
0.4056291390728476,0.2736318407960199,0.2847682119205298,0.7545345425605774,863,241
0.3059490084985836,0.1646168401135288,0.1699716713881019,0.7270116209983826,797,167
0.3670064874884152,0.2005571030640668,0.2354031510658017,0.7339410781860352,770,213
0.2466539196940726,0.1340996168582375,0.1644359464627151,0.6931923627853394,800,126
0.3173359451518119,0.1786064769381747,0.1998041136141038,0.7316556572914124,779,174
0.282,0.1863727454909819,0.178,0.7407242655754089,768,140
0.2589194699286442,0.1552604698672114,0.1651376146788991,0.7314094305038452,763,125
0.4224841341795103,0.2561307901907356,0.2538531278331822,0.7197849154472351,741,246
0.3741610738255034,0.2420168067226891,0.2231543624161074,0.7228752970695496,860,202
0.2852376980817348,0.1637426900584795,0.1901584653878232,0.7522298097610474,910,163
0.4276497695852534,0.3065558633425669,0.352073732718894,0.7673970460891724,749,204
0.2675521821631879,0.1539923954372623,0.2087286527514231,0.7393719553947449,795,140
0.3350050150451354,0.2050251256281407,0.2367101303911735,0.7160308361053467,731,154
0.2964224872231686,0.1621160409556314,0.2061328790459966,0.7316091060638428,890,174
0.2713257965056526,0.1585993820803295,0.1685508735868448,0.7298717498779297,745,130
0.26321036889332,0.1478521478521478,0.1515453639082752,0.7238200306892395,758,134
0.2644964394710071,0.1753312945973496,0.2034587995930824,0.7343946099281311,760,141
0.208955223880597,0.102803738317757,0.1361940298507462,0.7003874778747559,848,123
0.221311475409836,0.1273100616016427,0.1475409836065573,0.7501223087310791,749,122
0.3765323992994746,0.2596491228070175,0.276707530647986,0.7279133796691895,832,197
0.3493449781659389,0.2659667541557305,0.2393013100436681,0.7737790942192078,853,204
0.3363970588235294,0.1804788213627992,0.2205882352941176,0.7363694310188293,794,188
0.3137254901960784,0.1946428571428571,0.2210338680926916,0.7447540163993835,823,182
0.2933070866141732,0.1794871794871795,0.202755905511811,0.7402455806732178,776,146
0.2713656387665197,0.1712268314210061,0.1779735682819383,0.7273963093757629,873,148
0.2800788954635108,0.1581027667984189,0.1696252465483234,0.7292336225509644,764,147
0.302,0.1843687374749499,0.22,0.735083818435669,743,142
0.261617900172117,0.1793103448275862,0.1669535283993115,0.729326069355011,903,148
0.2552380952380952,0.1545801526717557,0.1695238095238095,0.7462135553359985,810,127
0.2748538011695907,0.1581259150805271,0.1681286549707602,0.7208940386772156,1046,194
0.3432282003710575,0.2100371747211895,0.2337662337662338,0.7474775314331055,783,174
0.2962962962962963,0.1731684110371075,0.188034188034188,0.7164009809494019,775,158
0.4450499545867393,0.3093721565059145,0.3433242506811989,0.7329546213150024,738,220
0.125948406676783,0.0303951367781155,0.0773899848254931,0.659785270690918,1128,110
0.3255395683453237,0.236036036036036,0.262589928057554,0.7482717037200928,821,168
0.2594484167517876,0.1617195496417605,0.1981613891726251,0.7275522947311401,755,120
0.2397200349956255,0.1174408413672217,0.1487314085739282,0.7095388174057007,896,149
0.2862957937584803,0.1616847826086956,0.1872455902306649,0.6874934434890747,1147,217
0.3002588438308887,0.0950734658599827,0.176013805004314,0.6673110127449036,868,232
0.2138263665594855,0.107890499194847,0.1430868167202572,0.6816280484199524,998,132
0.2365184484389782,0.1402843601895735,0.151371807000946,0.7280882596969604,822,136
0.3140964995269631,0.1137440758293839,0.1740775780510879,0.6782469749450684,792,175
0.2028776978417266,0.1181556195965418,0.1107913669064748,0.7005772590637207,1131,130
0.2098171318575553,0.1002892960462873,0.1520692974013474,0.6989323496818542,834,119
0.2388758782201404,0.1329163408913213,0.1249024199843871,0.7267701625823975,1035,156
0.2634408602150537,0.1364452423698384,0.1845878136200716,0.6038661599159241,868,162
0.291220556745182,0.2030021443888491,0.2127052105638829,0.7468762993812561,1067,198
0.2728635682158921,0.1921921921921922,0.2128935532233883,0.7442857623100281,1034,181
0.2411067193675889,0.1556728232189973,0.1581027667984189,0.7198593616485596,1198,183
0.297244094488189,0.155818540433925,0.1732283464566929,0.7249913811683655,781,161
0.3296703296703296,0.1981371718882303,0.2468300929839391,0.7572363615036011,901,201
0.3056768558951965,0.2099737532808399,0.1537117903930131,0.7257856130599976,867,162
0.2287822878228782,0.1090573012939001,0.1236162361623616,0.7354470491409302,858,129
0.2639691714836223,0.1447876447876448,0.1830443159922929,0.724275529384613,791,149
0.3242835595776772,0.1993957703927492,0.2277526395173454,0.7485727071762085,986,206
0.2604255319148936,0.1739130434782608,0.1974468085106383,0.755901575088501,920,143
0.2225454545454545,0.112163146394756,0.1105454545454545,0.6735432744026184,1095,157
0.2934293429342934,0.2019837691614066,0.2178217821782178,0.7300583720207214,807,156
0.2617283950617284,0.1434460016488046,0.1695473251028806,0.7088183164596558,931,157
0.2851674641148325,0.1840843720038351,0.1952153110047847,0.7277186512947083,815,148
0.2229219143576826,0.1273644388398487,0.1297229219143577,0.6908249855041504,1259,177
0.2455830388692579,0.1486725663716814,0.1607773851590105,0.6956592798233032,857,126
0.2156682027649769,0.1089566020313942,0.1290322580645161,0.6911125779151917,872,124
0.2300089847259658,0.0864086408640864,0.1150044923629829,0.6772003769874573,901,151
0.22990492653414,0.1108225108225108,0.1469317199654278,0.7157630324363708,901,136
0.2568306010928962,0.1514598540145985,0.1675774134790528,0.6918314695358276,850,136
0.2702205882352941,0.1675874769797422,0.1672794117647058,0.7347832322120667,812,140
0.1829436038514443,0.0771349862258953,0.1100412654745529,0.6452520489692688,1168,145
0.260325406758448,0.1729323308270677,0.1827284105131414,0.7641317248344421,1254,202
0.2642487046632124,0.11284046692607,0.160621761658031,0.6991668343544006,1175,219
0.178250204415372,0.0917280917280917,0.1095666394112837,0.7098469138145447,1002,102
0.2955326460481099,0.1652323580034423,0.1924398625429553,0.7087414860725403,889,171
0.4202266782911943,0.2620087336244541,0.3278116826503923,0.7664896845817566,821,241
0.2749034749034749,0.2041763341067285,0.1513513513513513,0.7457636594772339,1009,166
0.2274795268425841,0.1239744758432087,0.1565059144676979,0.7108014225959778,891,135
0.3124415341440599,0.1930646672914714,0.2226379794200187,0.7313079833984375,815,153
0.2398489140698772,0.1286660359508041,0.1359773371104815,0.7122761607170105,797,129
0.2127659574468085,0.1346973572037511,0.1106382978723404,0.7034218907356262,954,125
0.2936802973977695,0.1638733705772812,0.1858736059479554,0.7146096229553223,831,154
0.2649842271293375,0.1848341232227488,0.2176656151419558,0.7170215845108032,1001,168
0.1484560570071258,0.0642092746730083,0.0843230403800475,0.6810353994369507,1405,141
0.3502897617514489,0.2179239200515796,0.2446877012234384,0.7651531100273132,1115,265
0.1942369263607257,0.1005347593582887,0.1173959445037353,0.6652679443359375,782,94
0.2733333333333334,0.1762349799732977,0.2013333333333333,0.7498248815536499,1149,200
0.1453333333333333,0.0600801068090787,0.0893333333333333,0.6877806782722473,1276,118
0.2724844167408726,0.1552185548617306,0.1585040071237755,0.7342298626899719,865,142
0.2142857142857143,0.1321212121212121,0.1283292978208232,0.7247866988182068,1296,174
0.2720812182741117,0.1403865717192268,0.1299492385786802,0.7435943484306335,757,135
0.3154981549815498,0.1848428835489833,0.1605166051660516,0.7097844481468201,807,163
0.2509652509652509,0.1470019342359768,0.1583011583011583,0.7087165117263794,812,122
0.1812778603268945,0.0863095238095238,0.1158989598811292,0.704967737197876,1124,123
0.2268470343392299,0.1167883211678832,0.1290322580645161,0.7097903490066528,787,116
0.2376987130961393,0.089461713419257,0.1135503406510219,0.6707506775856018,1049,164
0.2234636871508379,0.1063432835820895,0.1415270018621973,0.6863080859184265,861,132
0.2023988005997001,0.0825825825825825,0.0989505247376311,0.6800823211669922,1079,140
0.2677165354330709,0.1908517350157728,0.2220472440944882,0.7166099548339844,1001,169
0.2447183098591549,0.1111111111111111,0.1443661971830986,0.6738199591636658,933,142
0.2949640287769784,0.1837837837837837,0.2140287769784173,0.6872450709342957,846,160
0.2341772151898734,0.1030110935023771,0.1408227848101265,0.6805015802383423,1013,156
0.1982585398526457,0.1153588195841717,0.1219022103148023,0.7189359664916992,1231,143
0.2076502732240437,0.0821167883211678,0.1147540983606557,0.6949960589408875,861,133
0.2889095992544268,0.1736694677871148,0.2143522833178005,0.7316128611564636,831,156
0.3108348134991118,0.1476868327402135,0.152753108348135,0.7083210349082947,852,189
0.2381852551984877,0.1249211356466877,0.1436672967863894,0.6363645195960999,1257,196
0.274385408406027,0.1239078633836378,0.1681205392545599,0.6627340316772461,991,183
0.2114164904862579,0.1298517995765702,0.1324876673713882,0.7143105268478394,1129,145
0.2034943473792395,0.0700308959835221,0.1253854059609455,0.6706036329269409,771,114
0.2391513982642237,0.1178743961352657,0.1542912246865959,0.7165554165840149,798,117
0.1810344827586207,0.1280575539568345,0.1307471264367816,0.7422488331794739,1152,122
0.2666666666666666,0.1417004048582996,0.1474747474747474,0.7050419449806213,741,141
0.2456461961503208,0.1212121212121212,0.1411549037580201,0.7186218500137329,868,140
0.1186736474694589,0.052417006406523,0.0663176265270506,0.6670889854431152,1513,109
0.1864754098360655,0.1006160164271047,0.1270491803278688,0.6968785524368286,775,98
0.2023809523809523,0.0755467196819085,0.1111111111111111,0.6801500916481018,807,121
0.1818181818181818,0.1055900621118012,0.1363636363636363,0.739555835723877,781,91
0.1881355932203389,0.1222410865874363,0.1135593220338983,0.7028536796569824,965,108
0.2974452554744525,0.1590493601462523,0.2080291970802919,0.7071229815483093,791,166
0.2089810017271157,0.0968858131487889,0.1416234887737478,0.6802069544792175,914,139
0.2515611061552185,0.1429848078641644,0.1748438893844781,0.7121891975402832,866,133
0.2462686567164178,0.1420560747663551,0.1753731343283582,0.7289859056472778,814,137
0.2697056030389363,0.1465271170313986,0.1804368471035137,0.7345280051231384,812,147
0.2531645569620253,0.16,0.1947419668938656,0.740933895111084,820,129
0.2153024911032028,0.0944741532976827,0.1298932384341637,0.6943234801292419,895,133
0.224428997020854,0.1094527363184079,0.1588877855014895,0.7051507234573364,806,113
0.3308431163287086,0.1732620320855614,0.2369263607257203,0.6919550895690918,628,175
0.3863414634146341,0.2502443792766373,0.2887804878048781,0.6816944479942322,728,201
0.1860019175455417,0.0787704130643611,0.1131351869606902,0.6828162670135498,863,109
0.2523510971786833,0.1177394034536891,0.1442006269592476,0.6925266981124878,988,177
0.2099915325994919,0.1017811704834605,0.121930567315834,0.6885948777198792,1001,131
0.149800796812749,0.0909816440542697,0.1115537848605577,0.6734316945075989,1021,99
0.2119071644803229,0.0687563195146612,0.1130171543895055,0.6903809905052185,798,115
0.2673716012084592,0.1422087745839637,0.1722054380664652,0.7061969041824341,1021,195
0.1952506596306068,0.0805812417437252,0.1319261213720316,0.6807816028594971,1253,161
0.2388059701492537,0.1289719626168224,0.1492537313432835,0.7158744931221008,860,132
0.3434343434343434,0.187672493100276,0.2369146005509641,0.6937413215637207,783,207
0.1763698630136986,0.0874785591766724,0.1010273972602739,0.667013943195343,984,100
0.216710182767624,0.130718954248366,0.1422976501305483,0.7389749884605408,1216,162
0.2450980392156863,0.1416549789621318,0.134453781512605,0.7229891419410706,1124,173
0.3695067264573991,0.2497753818508535,0.2762331838565022,0.7571201920509338,787,186
0.2604651162790697,0.1472506989748369,0.1841860465116278,0.6885800957679749,848,138
0.2067851373182552,0.0970873786407767,0.1098546042003231,0.6663448810577393,1018,145
0.2188217291507268,0.1226053639846743,0.1453710788064269,0.6616434454917908,1049,154
0.283363802559415,0.1263736263736263,0.16636197440585,0.6919144988059998,838,172
0.3646209386281588,0.2495479204339964,0.2906137184115523,0.7520079016685486,820,211
0.2778272484416741,0.1552185548617305,0.176313446126447,0.7302427291870117,847,154
0.2457689477557027,0.1812822402358143,0.2016188373804268,0.7656707167625427,1077,160
0.2212825933756166,0.1425546930134086,0.1409443269908386,0.7124511003494263,1130,151
0.3224603914259086,0.1848739495798319,0.2013047530288909,0.7062443494796753,787,178
0.3653846153846154,0.2295345104333868,0.2548076923076923,0.7183688282966614,896,216
0.1401483924154987,0.0693641618497109,0.0972794723825226,0.7156801819801331,1035,89
0.3818827708703375,0.2188612099644128,0.2682060390763766,0.724938690662384,802,237
0.3475113122171946,0.199456029011786,0.2552036199095022,0.7249040603637695,826,186
0.2771618625277162,0.18,0.2084257206208425,0.7456796169281006,688,115
0.2883642495784148,0.2010135135135135,0.2006745362563237,0.746273398399353,900,162
0.1863013698630137,0.1042524005486968,0.1301369863013698,0.6898227334022522,1194,140
0.2083089526038618,0.1511423550087873,0.1743709771796372,0.7497042417526245,1397,171
0.264406779661017,0.1494057724957554,0.1898305084745762,0.7248516082763672,909,154
0.3153526970954357,0.1795511221945137,0.2058091286307054,0.7314056754112244,890,191
0.2709677419354838,0.1662049861495845,0.1585253456221197,0.7104663848876953,791,141
0.2857142857142857,0.1721234798877455,0.1942110177404294,0.7574360370635986,809,141
0.1887287024901703,0.0918635170603674,0.1402359108781127,0.6913284659385681,1229,159
0.2473429951690821,0.1471442400774443,0.1990338164251208,0.7099427580833435,780,115
0.3229357798165137,0.2003676470588235,0.2238532110091743,0.6795263290405273,830,177
0.1908396946564885,0.1032504780114722,0.1240458015267175,0.7241276502609253,848,105
0.1736158578263841,0.1136208076659822,0.125768967874231,0.7139800786972046,1168,129
0.1558784676354029,0.0502645502645502,0.0805812417437252,0.6771593689918518,1278,136
0.2838616714697407,0.1616161616161616,0.1613832853025936,0.7364084124565125,1034,181
0.2450980392156862,0.1391162029459901,0.1732026143790849,0.6993157267570496,950,164
0.2408660351826793,0.1504065040650406,0.1407307171853856,0.7398993968963623,1167,168
0.2539370078740157,0.1084812623274161,0.1279527559055117,0.7080481052398682,790,121
0.1469575200918484,0.0781609195402298,0.1090700344431687,0.7167803049087524,1440,136
0.1946133796698523,0.1218450826805918,0.1355343179843614,0.7119210958480835,920,108
0.2602739726027397,0.160060975609756,0.1735159817351598,0.7098813056945801,1032,179
0.2459016393442623,0.1021897810218978,0.122040072859745,0.6593710780143738,877,147
0.3078358208955223,0.1813084112149532,0.1921641791044776,0.7479406595230103,776,165
0.3960573476702509,0.2567324955116696,0.3082437275985663,0.7537298798561096,783,236
0.2857142857142857,0.1617777777777778,0.1969831410825199,0.7473398447036743,856,162
0.2449612403100775,0.1444099378881987,0.186046511627907,0.7181189656257629,1052,160
0.5077343039126478,0.3463992707383774,0.383985441310282,0.7330816388130188,648,243
0.2312138728323699,0.1544401544401544,0.1734104046242774,0.7018581032752991,806,113
0.1861656703672075,0.078699743370402,0.1144321093082835,0.6834163069725037,966,125
0.2336354481369587,0.106962663975782,0.1329305135951661,0.710466206073761,790,130
0.2647058823529412,0.1565377532228361,0.1764705882352941,0.730847954750061,861,157
0.2172701949860724,0.1209302325581395,0.1559888579387186,0.7231369018554688,879,124
0.189079054604727,0.0930612244897959,0.1336593317033415,0.7009720206260681,1016,122
0.3067567567567567,0.1853856562922868,0.2216216216216216,0.7418107986450195,1131,226
0.2134038800705467,0.0901060070671378,0.1287477954144621,0.6947411894798279,910,125
0.2981366459627328,0.1929460580912863,0.186335403726708,0.728565514087677,764,159
0.1914430746918056,0.1002178649237472,0.1174764321972443,0.7071132659912109,1130,141
0.2635782747603833,0.16,0.1789137380191693,0.7066624760627747,985,161
0.2236198462613556,0.13296011196641,0.1341719077568134,0.7326052188873291,1151,156
0.3133079847908745,0.2132520944402132,0.2403041825095056,0.7550296783447266,999,195
0.2699724517906336,0.1416743330266789,0.1818181818181818,0.7160772681236267,842,154
0.2864628820960698,0.1697287839020122,0.2008733624454148,0.7622197270393372,855,162
0.3839285714285714,0.2397137745974955,0.2749999999999999,0.7382681369781494,821,214
0.3072824156305506,0.1619217081850534,0.1758436944937833,0.7007427215576172,854,180
0.2348336594911937,0.0862745098039215,0.1311154598825831,0.6973093748092651,801,127
0.2077727952167414,0.1197604790419161,0.1210762331838564,0.7039398550987244,1052,132
0.3140655105973025,0.1718146718146718,0.1849710982658959,0.7056891322135925,775,153
0.2691131498470948,0.1450459652706843,0.1610601427115188,0.7169172167778015,765,140
0.2554744525547445,0.1425959780621572,0.1660583941605839,0.7288362383842468,877,152
0.3603473227206946,0.2130434782608695,0.2503617945007236,0.7490954399108887,981,240
0.2340036563071298,0.13003663003663,0.1572212065813528,0.6753413081169128,852,125
0.2551020408163265,0.1349693251533742,0.1571428571428571,0.7265230417251587,754,126
0.2121471343028229,0.0994001713796058,0.1094952951240376,0.7080721259117126,918,126
0.3263825929283772,0.1780199818346957,0.2266545784224841,0.7050170302391052,797,180
0.2539682539682539,0.1605723370429252,0.1952380952380952,0.7238321304321289,976,155
0.2233088834555827,0.1289795918367346,0.1678891605541972,0.6911526918411255,966,131
0.315004659832246,0.1661998132586367,0.1770736253494874,0.728813886642456,797,176
0.2813891362422083,0.151650312221231,0.1620658949243099,0.6857268810272217,861,171
0.2043795620437956,0.1003134796238244,0.1376433785192909,0.6845644116401672,745,109
0.2980392156862745,0.1650294695481336,0.2215686274509803,0.694310188293457,767,161
0.2985915492957746,0.1825023518344309,0.2065727699530516,0.6592811346054077,821,164
0.286231884057971,0.1451905626134301,0.1938405797101449,0.6746371984481812,867,151
0.2573839662447257,0.1690140845070422,0.1744022503516174,0.7547528743743896,1127,191
0.2666666666666666,0.1301369863013698,0.1384615384615384,0.6517986059188843,899,166
0.197092084006462,0.0809061488673139,0.1130856219709208,0.6975637674331665,996,137
0.2472582253240279,0.1218781218781218,0.1375872382851446,0.682015061378479,765,122
0.2421676545300592,0.1238337574215436,0.130397967823878,0.6849002242088318,929,155
0.3075601374570446,0.1841652323580034,0.2079037800687285,0.72838294506073,847,174
0.3203125,0.1526418786692759,0.19921875,0.6911317706108093,751,172
0.2461873638344227,0.0786026200873362,0.1285403050108932,0.7134798169136047,724,125
0.2493847415914684,0.1692686935086277,0.1870385561936013,0.747833788394928,944,143
0.2545454545454545,0.145748987854251,0.1292929292929293,0.7027570009231567,760,131
0.2624338624338624,0.129374337221633,0.1417989417989418,0.6979612112045288,723,130
0.4042742653606411,0.2123104371097235,0.226179875333927,0.662300169467926,774,250
0.2545454545454544,0.1243301178992497,0.1540106951871657,0.714259147644043,737,125
0.2616487455197132,0.1238779174147217,0.1541218637992831,0.676365077495575,862,157
0.2874711760184473,0.1539645881447267,0.1783243658724058,0.700803816318512,984,190
0.1467603434816549,0.0766223612197029,0.1014832162373145,0.6885497570037842,1057,97
0.4292604501607717,0.2801932367149758,0.3135048231511254,0.740081250667572,845,265
0.2909090909090909,0.1706615532118888,0.170334928229665,0.7372025847434998,791,152
0.217351598173516,0.1024702653247941,0.1095890410958904,0.6872971653938293,881,121
0.2082514734774066,0.1102362204724409,0.1355599214145383,0.6640863418579102,807,116
0.3302238805970149,0.2149532710280374,0.1996268656716418,0.6972574591636658,799,173
0.207639569049951,0.0824337585868498,0.1136141038197845,0.6765025854110718,800,120
0.2057942057942058,0.0980980980980981,0.1358641358641358,0.6831143498420715,799,107
0.268809349890431,0.1726408193123628,0.1943024105186267,0.7336037158966064,1041,182
0.2030981067125645,0.096551724137931,0.1032702237521514,0.6518332958221436,911,136
0.2276575729068673,0.1244109330819981,0.1618062088428974,0.713018000125885,834,131
0.2771084337349397,0.1482758620689655,0.1600688468158347,0.7016260623931885,890,164
0.3631532329495128,0.2040816326530612,0.2001771479185119,0.6962210536003113,787,231
0.2152173913043478,0.0718954248366013,0.1282608695652173,0.6833400130271912,725,125
0.3754646840148699,0.2420856610800744,0.2565055762081784,0.7435190081596375,768,189
0.2399150743099787,0.1404255319148936,0.1443736730360934,0.7202049493789673,741,112
0.2226310947562097,0.1235023041474654,0.1527138914443422,0.7270156145095825,789,119
0.3016759776536313,0.1548507462686567,0.1638733705772811,0.7160093784332275,793,161
0.4090497737556561,0.2393472348141432,0.2823529411764706,0.7218175530433655,790,222
0.2824956672443674,0.15625,0.1525129982668977,0.685658872127533,890,173
0.2705984388551604,0.1650738488271068,0.1821335646140503,0.6962471008300781,875,151
0.3411764705882353,0.1611001964636542,0.1627450980392157,0.7094698548316956,738,180
0.2617901828681424,0.1485053037608486,0.1597690086621751,0.7230755686759949,797,135
0.2213114754098361,0.1198686371100164,0.1278688524590163,0.6931215524673462,966,135
0.2386032977691561,0.1127308066083576,0.1357904946653734,0.6757741570472717,804,134
0.2141623488773748,0.115916955017301,0.1312607944732297,0.7054603099822998,942,130
0.25,0.1311154598825832,0.1503906249999999,0.7377845644950867,793,130
0.2570888468809074,0.115530303030303,0.1361058601134215,0.7008669972419739,796,152
0.3320964749536179,0.1895910780669144,0.2189239332096474,0.7193907499313354,802,186
0.3060498220640569,0.2156862745098039,0.2562277580071174,0.7643436789512634,840,165
0.3590633130962706,0.2536924413553432,0.3156981786643538,0.7697300910949707,834,201
0.4023972602739726,0.2504288164665523,0.3013698630136986,0.7301628589630127,806,238
0.3342366757000903,0.1846153846153846,0.1680216802168021,0.7026897072792053,834,184
0.326647564469914,0.1531100478468899,0.1872015281757402,0.7025036215782166,761,186
0.242728184553661,0.1105527638190954,0.1263791374122367,0.7153440713882446,765,135
0.2125506072874493,0.1075050709939148,0.1417004048582996,0.7127069234848022,793,109
0.2627257799671593,0.1447368421052631,0.1724137931034483,0.7175335884094238,935,170
0.2733812949640287,0.1490384615384615,0.1606714628297362,0.68770432472229,642,124
0.2236286919831223,0.0887949260042283,0.1223628691983122,0.7068676352500916,755,123
0.2376425855513308,0.1352380952380952,0.1273764258555133,0.7013357281684875,806,111
0.2651006711409396,0.1512605042016806,0.1593959731543624,0.711546003818512,911,157
0.2297174111212397,0.0894977168949771,0.1385597082953509,0.6734057068824768,873,129
0.3626666666666667,0.238646482635797,0.2808888888888889,0.7262742519378662,813,196
0.2796157950907151,0.1262032085561497,0.1302027748132337,0.6938950419425964,718,136
0.244140625,0.1311154598825831,0.140625,0.705798864364624,792,116
0.2922636103151862,0.1684210526315789,0.1986628462273161,0.719687819480896,811,154
0.2336633663366336,0.117063492063492,0.1405940594059405,0.6909456849098206,788,114
0.2396931927133269,0.1460134486071085,0.1534036433365292,0.7057796120643616,796,122
0.2318367346938775,0.1177432542927228,0.1289795918367346,0.7027949094772339,934,150
0.1835748792270531,0.0919354838709677,0.0966183574879227,0.6339612007141113,1007,110
0.2820945945945946,0.1810490693739424,0.1908783783783783,0.7254305481910706,872,168
0.2741652021089631,0.1619718309859154,0.1915641476274165,0.7184020280838013,871,140
0.2567901234567901,0.1236603462489694,0.1415637860082304,0.7105503082275391,926,172
0.3080851063829787,0.1739130434782609,0.1889361702127659,0.7080608606338501,876,187
0.284313725490196,0.1355599214145383,0.1686274509803921,0.7034130096435547,777,162
0.3230125523012552,0.1827326068734283,0.2276150627615062,0.7164080739021301,887,200
0.2872503840245776,0.1646153846153846,0.1920122887864823,0.7102416753768921,987,198
0.2086466165413533,0.0941619585687382,0.1203007518796992,0.6906779408454895,881,119
0.1745454545454545,0.0619307832422586,0.0909090909090909,0.6740823984146118,926,111
0.2048780487804878,0.1130495464061409,0.1226480836236934,0.6763048768043518,1170,147
0.2360122075279755,0.0897043832823649,0.138351983723296,0.693781852722168,790,128
0.2649253731343283,0.1327102803738317,0.1753731343283582,0.685184121131897,835,160
0.2121414276184122,0.1015364061456245,0.1294196130753836,0.7211232781410217,1199,160
0.1363073110285006,0.0880893300248138,0.1003717472118959,0.7136109471321106,1320,112
0.2903533906399236,0.1435406698564593,0.160458452722063,0.6964349150657654,789,160
0.286302780638517,0.1403508771929824,0.15653964984552,0.721808910369873,736,146
0.2937625754527163,0.1733870967741935,0.1529175050301811,0.7247756719589233,759,151
0.3435340572556762,0.2057368941641938,0.246791707798618,0.7133404612541199,764,180
0.3171889838556505,0.1902949571836346,0.2355175688509021,0.7376478910446167,785,162
0.2338129496402877,0.1092436974789916,0.1426858513189448,0.6960439682006836,1336,202
0.3270189431704885,0.1738261738261738,0.201395812562313,0.7125284075737,745,166
0.3311367380560132,0.2409240924092409,0.2454695222405271,0.7598219513893127,885,186
0.2575757575757576,0.1456752655538694,0.1787878787878788,0.7134588360786438,1034,179
0.1968444778362133,0.0993227990970654,0.1187077385424492,0.7123481035232544,1044,118
0.2532588454376164,0.1399253731343283,0.1527001862197392,0.7223450541496277,818,132
0.2987141444114738,0.1605550049554013,0.2176063303659742,0.7175067663192749,740,143
0.319088319088319,0.1750713606089438,0.2203228869895536,0.7364556193351746,784,161
0.1667760998030203,0.0631163708086785,0.0853578463558765,0.6816676259040833,1297,144
0.187556357078449,0.0903342366757,0.1190261496844003,0.6815071702003479,903,101
0.1747720364741641,0.0745814307458143,0.0881458966565349,0.6714253425598145,1101,134
0.2581110310021629,0.1212996389891696,0.1528478731074261,0.6773673892021179,1072,204
0.3544127866574009,0.2171189979123173,0.2404447533009033,0.7346773743629456,1048,268
0.1892744479495268,0.0868878357030015,0.1261829652996845,0.7013638615608215,1020,119
0.2437059415911379,0.1311806256306761,0.1631419939577039,0.7191641330718994,806,118
0.2755956213779781,0.1715022566086395,0.1790083708950418,0.740027129650116,1147,189
0.2013769363166953,0.0862068965517241,0.1325301204819277,0.6901787519454956,950,132
0.3361034164358263,0.244218316373728,0.2788550323176362,0.7471101880073547,802,168
0.1748107364074329,0.0730530668504479,0.0935994494150034,0.6659108400344849,1164,128
0.2217782217782218,0.0960960960960961,0.1398601398601398,0.7083626985549927,804,124
0.2859922178988326,0.1617933723196881,0.1906614785992217,0.7071396708488464,801,152
0.2415458937198067,0.1161665053242981,0.144927536231884,0.6877583265304565,838,131
0.1893491124260355,0.0846740050804403,0.1234150464919695,0.700011670589447,972,100
0.2527301092043681,0.159375,0.1606864274570983,0.732769787311554,1028,160
0.2987951807228916,0.2011263073209976,0.242570281124498,0.7496924996376038,970,179
0.2180801491146318,0.1251167133520074,0.1565703634669152,0.7039304375648499,872,115
0.2359346642468239,0.1145454545454545,0.147005444646098,0.6955021023750305,871,134
0.3128491620111731,0.1585820895522388,0.1713221601489757,0.7006229162216187,784,174
0.2113821138211382,0.1140271493212669,0.1409214092140921,0.7051626443862915,912,125
0.2220248667850799,0.092526690391459,0.1207815275310834,0.6736545562744141,912,141
0.2093227792436235,0.0969162995594713,0.1125769569041336,0.6794961094856262,902,132
0.2289613343442001,0.0956719817767653,0.1319181197877179,0.6929813027381897,1053,158
0.2027972027972027,0.1033274956217163,0.1276223776223776,0.7066729068756104,921,124
0.32,0.1863727454909819,0.222,0.6908369660377502,728,150
0.1499700059988002,0.0708708708708708,0.0911817636472705,0.6887957453727722,1425,126
0.148314606741573,0.0735183795948987,0.0928838951310861,0.675735592842102,1136,104
0.3104761904761905,0.1278625954198473,0.179047619047619,0.6952246427536011,758,175
0.1921921921921922,0.1003009027081243,0.1461461461461461,0.7182711958885193,794,98
0.2063882063882063,0.1296144380639868,0.149058149058149,0.690346896648407,825,130
0.1917631917631917,0.1198453608247422,0.1274131274131274,0.6899564266204834,1283,147
0.3107438016528925,0.2152317880794702,0.2314049586776859,0.7641807794570923,897,188
0.2811320754716981,0.1739130434782609,0.2132075471698113,0.720029890537262,839,154
0.2846648301193755,0.1674333026678932,0.1524334251606978,0.7004818916320801,816,150
0.2093023255813953,0.081513828238719,0.1148255813953488,0.6754772067070007,1137,140
0.2547368421052631,0.1139240506329114,0.1621052631578947,0.7183353900909424,765,128
0.2072289156626506,0.1287208366854384,0.1397590361445783,0.716717541217804,970,110
0.2112321877619447,0.1158690176322418,0.1525565800502933,0.6978107690811157,984,129
0.3272410791993037,0.1865736704446382,0.2053959965187119,0.7204849720001221,841,192
0.2919431279620852,0.1272554605887939,0.147867298578199,0.6992257833480835,830,165
0.2615239887111947,0.1036757775683317,0.1373471307619943,0.6855465769767761,832,150
0.1792573623559539,0.0961538461538461,0.1267605633802817,0.7137243151664734,1303,138
0.2435064935064935,0.1349593495934959,0.1314935064935065,0.722919762134552,969,150
0.1842271293375394,0.1023373341756159,0.1261829652996845,0.7138124704360962,1295,137
0.3383333333333334,0.1853088480801335,0.2133333333333333,0.6950054168701172,865,200
0.1994750656167979,0.1174408413672217,0.1417322834645669,0.701249897480011,931,111
0.2990377498149519,0.1586360266864344,0.1820873427091043,0.6964766383171082,1044,208
0.2271356783919598,0.1369587109768378,0.1688442211055276,0.7318006157875061,802,111
0.2182786157941437,0.1226666666666666,0.1490683229813664,0.7158669829368591,896,123
0.2809773123909249,0.1171328671328671,0.1640488656195462,0.7123649716377258,885,178
0.2728873239436619,0.1675485008818342,0.1637323943661972,0.7411689162254333,864,142
0.1788617886178862,0.1051972448340638,0.1300813008130081,0.7342081665992737,1369,142
0.2033333333333333,0.0868113522537562,0.1166666666666666,0.6751391887664795,973,130
0.222568093385214,0.1153546375681995,0.1509727626459144,0.6824844479560852,1036,150
0.2812755519215045,0.1359541359541359,0.1357318070318888,0.6821745038032532,952,183
0.3223300970873786,0.188715953307393,0.2,0.7081575989723206,764,175
0.1483554933519943,0.0911002102312543,0.1161651504548635,0.7159774303436279,1149,99
0.287037037037037,0.1539888682745825,0.1722222222222222,0.7186339497566223,823,163
0.2232558139534883,0.1304753028890959,0.1395348837209302,0.689204752445221,858,118
0.2003454231433506,0.0778546712802768,0.1139896373056994,0.6929540634155273,858,125
0.3090909090909091,0.1894353369763206,0.2236363636363636,0.7354375123977661,780,171
0.2099776619508562,0.1387024608501118,0.1548771407297096,0.7370985150337219,1080,141
0.3123236124176858,0.1885014137606032,0.2333019755409219,0.7475670576095581,806,159
0.1354019746121297,0.0466101694915254,0.0733427362482369,0.6607599854469299,1248,108
0.2865731462925851,0.1646586345381526,0.1623246492985972,0.7347403168678284,767,151
0.2595573440643863,0.1491935483870967,0.158953722334004,0.6921342015266418,770,136
0.2335495829471733,0.1132776230269266,0.1612604263206673,0.6448614001274109,877,134
0.2357930449533503,0.1359388275276125,0.1696352841391009,0.7436496019363403,952,145
0.2474916387959866,0.1155778894472361,0.12876254180602,0.6976367235183716,940,150
0.2146439317953861,0.114572864321608,0.1504513540621865,0.7101010680198669,823,104
0.2398286937901499,0.132952108649035,0.171306209850107,0.7217361927032471,1125,168
0.2832298136645962,0.1965174129353234,0.2136645962732919,0.7650143504142761,1236,214
0.2359208523592085,0.1158536585365853,0.121765601217656,0.7284484505653381,1034,152
0.2718846549948506,0.1589267285861713,0.1853759011328527,0.7212227582931519,679,130
0.2352941176470588,0.1351139041633935,0.1741176470588235,0.6828446388244629,1016,161
0.2652043868394815,0.1538461538461538,0.1615154536390827,0.7138953804969788,813,143
0.2147971360381861,0.1306772908366534,0.1591089896579156,0.7196773290634155,983,124
0.2317596566523605,0.1358555460017197,0.1390557939914163,0.7504462599754333,951,133
0.3725910064239828,0.178699070764832,0.2326909350463954,0.7610570192337036,988,268
0.2913165266106443,0.1347053320860617,0.1699346405228758,0.656981348991394,837,163
0.4342857142857143,0.1984732824427481,0.2647619047619048,0.7508317232131958,698,244
0.2071065989847715,0.1322482197355035,0.1401015228426396,0.7394788265228271,780,112
0.2308385933273219,0.1192411924119241,0.1532912533814247,0.7190600037574768,889,129
0.2028337061894109,0.1000746825989544,0.1208053691275167,0.6881667375564575,1092,132
0.2377260981912145,0.1553062985332182,0.1670973298880275,0.7312861680984497,926,132
0.1786197564276048,0.0880758807588076,0.1163734776725304,0.7180992960929871,1245,137
0.2245800176834659,0.1027457927369353,0.1573828470380194,0.7356315851211548,878,125
0.2250242483026188,0.118561710398445,0.1454898157129001,0.7014635801315308,813,108
0.2335495829471733,0.1467038068709378,0.1501390176088971,0.7210512757301331,841,124
0.1397624039133473,0.0461861441567529,0.0824598183088749,0.6414642333984375,1202,128
0.1484536082474227,0.0701995870612525,0.0989690721649484,0.6432409286499023,1226,126
0.2585895117540687,0.1739130434782608,0.1772151898734177,0.7504534125328064,871,139
0.3652326602282704,0.2304309586631486,0.2510974539069359,0.7482807636260986,834,201
0.2279596977329974,0.1488020176544766,0.1549118387909319,0.7222610116004944,1238,170
0.2481426448736998,0.1383928571428571,0.1872213967310549,0.7276960015296936,1058,167
0.2320185614849187,0.0898528272656855,0.1160092807424593,0.6682290434837341,1041,181
0.1846882399368587,0.0996047430830039,0.1341752170481452,0.7339699864387512,1044,120
0.3218588640275387,0.2137931034482758,0.225473321858864,0.7232118844985962,851,180
0.2066752246469833,0.0976863753213367,0.134788189987163,0.6991350650787354,1317,174
0.2687258687258687,0.0974477958236658,0.1544401544401544,0.6920605897903442,1008,199
0.1850424055512721,0.0988416988416988,0.1249036237471087,0.7034599184989929,1050,125
0.1412698412698412,0.0747217806041335,0.0936507936507936,0.6975796818733215,1065,101
0.2702222222222222,0.1656277827248441,0.1866666666666666,0.6996220946311951,882,153
0.1907514450867052,0.0849420849420849,0.1213872832369942,0.6762582659721375,819,124
0.2050799623706491,0.1093308199811498,0.1279397930385701,0.7130144238471985,867,116
0.2460629921259842,0.1400394477317554,0.187007874015748,0.7358959913253784,814,129
0.2660406885758998,0.1379310344827586,0.1267605633802817,0.703636109828949,968,174
0.1560574948665297,0.0822481151473612,0.1067761806981519,0.6891709566116333,1219,120
0.1990291262135922,0.1215559157212317,0.1310679611650485,0.723319947719574,988,119
0.2150333016175071,0.1124880838894185,0.148430066603235,0.6868586540222168,819,111
0.3412844036697248,0.2095588235294117,0.2458715596330275,0.7199245691299438,811,192
0.269197584124245,0.1486603284356093,0.1673856773080241,0.7118252515792847,897,163
0.2912,0.1522435897435897,0.1919999999999999,0.718355119228363,949,193
0.1810490693739424,0.1,0.1235194585448392,0.7112635374069214,968,98
0.2334869431643625,0.1584615384615384,0.1705069124423963,0.7322962284088135,1003,142
0.1630615640599001,0.08,0.108153078202995,0.6917769312858582,989,108
0.3197389885807503,0.1781045751633987,0.1810766721044045,0.7213066816329956,910,187
0.2337917485265225,0.1279527559055118,0.1591355599214145,0.7264505624771118,802,122
0.2553990610328638,0.1185324553151458,0.1690140845070422,0.7206485271453857,798,136
0.1878121878121878,0.074074074074074,0.1078921078921078,0.6910797953605652,815,109
0.1841890790546047,0.0816326530612244,0.110839445802771,0.6935206055641174,1001,122
0.2174603174603174,0.0906200317965024,0.1158730158730158,0.6952193379402161,1007,145
0.1836858006042296,0.101633393829401,0.1087613293051359,0.7112465500831604,1322,151
0.2675397567820393,0.1780693533270853,0.2132834424695977,0.7367047071456909,833,140
0.2513274336283185,0.1365248226950354,0.1716814159292035,0.71431964635849,920,134
0.2076308784383318,0.1173333333333333,0.1330967169476486,0.7250687479972839,907,119
0.1860465116279069,0.1111111111111111,0.1144901610017889,0.7047937512397766,915,107
0.2344827586206896,0.1243830207305034,0.1615763546798029,0.7196710109710693,794,123
0.2218181818181818,0.1183970856102003,0.1309090909090909,0.6879549026489258,889,124
0.1898652982681206,0.1078998073217726,0.1347017318794098,0.7083663940429688,1274,144
0.4131687242798354,0.2522671063478978,0.3193415637860082,0.7310601472854614,858,253
0.2744220730797912,0.1643017176997759,0.1819537658463833,0.7065907120704651,1019,175
0.2222222222222222,0.1381957773512476,0.157088122605364,0.7076597213745117,818,114
0.3016022620169651,0.1189801699716713,0.1432610744580584,0.7132576107978821,794,166
0.1738080869040434,0.0700906344410876,0.1013880506940253,0.6946581602096558,1362,162
0.2179793158313444,0.1306772908366534,0.1495624502784407,0.738287091255188,1031,131
0.2001853568118628,0.1002785515320334,0.118628359592215,0.7069332599639893,885,118
0.3401602849510241,0.2016057091882248,0.2101513802315227,0.7445633411407471,863,196
0.1837320574162679,0.1016299137104506,0.1186602870813397,0.729362964630127,825,95
0.2342657342657343,0.1138353765323993,0.1468531468531468,0.7048919200897217,908,140
0.2067226890756302,0.1077441077441077,0.1159663865546218,0.7004994750022888,943,150
0.2039106145251396,0.1202797202797202,0.138268156424581,0.7102966904640198,1165,146
0.2525951557093425,0.1386481802426343,0.1505190311418685,0.7126752138137817,917,149
0.2341302555647155,0.1288191577208918,0.1632316570486397,0.7444181442260742,950,143
0.3163353500432152,0.1523809523809524,0.2022471910112359,0.6885114312171936,890,197
0.2420830401125967,0.1775898520084566,0.1843771991555242,0.7108453512191772,1106,161
0.2327718223583461,0.1779141104294478,0.1669218989280245,0.7390264868736267,993,135
0.2512562814070352,0.1078360891445003,0.1464465183058148,0.7114880084991455,1109,182
0.2408906882591092,0.1359026369168356,0.131578947368421,0.7163749933242798,749,129
0.3360128617363344,0.1980676328502415,0.2331189710610932,0.734517514705658,872,192
0.2227272727272727,0.1320182094081942,0.1454545454545454,0.7181437611579895,1052,147
0.1371280724450194,0.0544041450777202,0.0853816300129366,0.6637097001075745,1338,133
0.3271111111111111,0.2279608192341941,0.2577777777777778,0.7280868887901306,857,163
0.204054054054054,0.10148849797023,0.1216216216216216,0.691848635673523,1183,155
0.2621722846441948,0.1275797373358349,0.1629213483146067,0.7135224342346191,837,135
0.2684791843670348,0.1157446808510638,0.1512319456244689,0.6900058388710022,926,177
0.2159624413145539,0.0884289746001881,0.1183098591549295,0.7138513326644897,855,126
0.2137998056365403,0.0837390457643622,0.1243926141885325,0.6892271637916565,852,126
0.2307692307692307,0.1083333333333333,0.1455301455301455,0.6917675733566284,795,121
0.3239819004524887,0.1758839528558477,0.1683257918552036,0.7061929106712341,813,172
0.2758620689655173,0.1565040650406504,0.1764705882352941,0.7092649936676025,759,136
0.2777222777222777,0.1321321321321321,0.1598401598401598,0.6777569055557251,743,150
0.3336457357075913,0.2140845070422534,0.2024367385192127,0.73928302526474,824,175
0.1636495293265749,0.0841189267585206,0.1100651701665459,0.7101060748100281,1142,115
0.2810344827586207,0.1623488773747841,0.1862068965517241,0.724799394607544,880,170
0.1799709724238026,0.0784883720930232,0.1001451378809869,0.6875049471855164,1139,135
0.1727515583259127,0.0677966101694915,0.1032947462154942,0.6786117553710938,918,117
0.4206529992406986,0.2874524714828897,0.3416856492027335,0.7456520795822144,889,268
0.2714285714285714,0.1513292433537832,0.1816326530612244,0.7131066918373108,774,131
0.2321428571428571,0.1006711409395973,0.1450892857142857,0.6815314292907715,731,117
0.2450066577896138,0.1386666666666666,0.1810918774966711,0.7019436955451965,1192,183
0.1632911392405063,0.0633713561470215,0.0924050632911392,0.6998973488807678,1334,127
0.2755852842809365,0.1419959812458138,0.168561872909699,0.7029306888580322,1168,211
0.3107721639656816,0.210124164278892,0.215443279313632,0.7601038813591003,800,158
0.209471766848816,0.1204379562043795,0.1056466302367941,0.7216696739196777,862,131
0.2898089171974522,0.1866028708133971,0.2085987261146497,0.7070983648300171,973,175
0.2564102564102564,0.1561264822134387,0.1913214990138067,0.7433661818504333,793,125
0.3359858532272325,0.2072630646589902,0.2051282051282051,0.7208395600318909,844,174
0.1678004535147392,0.0908402725208175,0.0952380952380952,0.7078207731246948,1100,114
0.3008849557522123,0.1684397163120567,0.1911504424778761,0.699725329875946,839,168
0.2504537205081669,0.1127272727272727,0.1379310344827586,0.7181609869003296,851,155
0.2938931297709923,0.1586998087954111,0.1908396946564885,0.7046539187431335,796,149
0.28328611898017,0.1721854304635761,0.2020774315391879,0.693518877029419,800,149
0.2284843869002285,0.0900076277650648,0.1264280274181264,0.6968837380409241,1001,161
0.299601593625498,0.1707901037509976,0.2199203187250996,0.7400450706481934,952,186
0.2480070859167404,0.124223602484472,0.1842338352524357,0.6827582716941833,883,146
0.368968779564806,0.2559241706161137,0.281929990539262,0.7247307896614075,746,191
0.2432179607109448,0.1124648547328959,0.1403180542563143,0.7109450697898865,848,137
0.2539159109645507,0.1337737407101568,0.1582852431986809,0.7410145998001099,982,162
0.2170542635658914,0.0865704772475027,0.1240310077519379,0.6643058657646179,721,122
0.2511556240369799,0.132716049382716,0.1664098613251155,0.7307607531547546,1025,169
0.318349299926308,0.2243542435424354,0.2593957258658806,0.7730348706245422,1051,205
0.1765799256505576,0.0614525139664804,0.0836431226765799,0.6659699082374573,895,102
0.3098995695839311,0.1954022988505747,0.2338593974175036,0.704458475112915,1063,207
0.2264914054600606,0.1276595744680851,0.1314459049544994,0.6933090686798096,812,117
0.2258788332086761,0.1438202247191011,0.1585639491398653,0.7167354226112366,1050,144
0.2288372093023256,0.1379310344827586,0.1432558139534883,0.7568275332450867,820,114
0.2252079334612924,0.1434977578475336,0.1727447216890595,0.7379093170166016,1230,164
0.166015625,0.0684931506849315,0.0976562499999999,0.6923059821128845,848,89
0.1833648393194706,0.0776515151515151,0.10586011342155,0.6729763150215149,866,119
0.160901045856798,0.0773569701853344,0.1061946902654867,0.7102307081222534,1047,112
0.3356047700170357,0.2116040955631399,0.2402044293015332,0.7182623147964478,880,187
0.3301805674978503,0.186046511627907,0.2201203783319002,0.7281659245491028,880,188
0.2294596595114729,0.1126760563380281,0.1435973353071798,0.681831955909729,1127,161
0.1911148365465214,0.1158690176322418,0.1458507963118189,0.7303376197814941,968,99
0.2985074626865671,0.1551401869158878,0.1865671641791045,0.7254558205604553,806,167
0.229020979020979,0.1190893169877408,0.1381118881118881,0.6988610029220581,934,126
0.2153846153846153,0.1089414182939362,0.1394871794871794,0.7040581703186035,772,112
0.241110147441457,0.156385751520417,0.1682567215958369,0.7293354868888855,883,150
0.2460732984293193,0.1468531468531468,0.1762652705061082,0.7636165022850037,870,133
0.1678543151227236,0.0697858842188739,0.1029295328582739,0.6779104471206665,1064,113
0.2086021505376344,0.0603448275862069,0.0967741935483871,0.6790246963500977,770,115
0.2915887850467289,0.1722846441947565,0.1981308411214953,0.7115123271942139,815,156
0.2233502538071066,0.1372881355932203,0.1641285956006768,0.7331481575965881,940,131
0.166796570537802,0.0655737704918032,0.1075604053000779,0.6852139234542847,1047,110
0.2799263351749539,0.1586715867158671,0.14548802946593,0.7273595929145813,840,162
0.2731277533039647,0.1482789055604589,0.1356828193832599,0.7047461271286011,902,160
0.2666666666666666,0.1396761133603239,0.1797979797979798,0.7273157238960266,751,132
0.2363636363636363,0.1255060728744939,0.1555555555555555,0.7309582233428955,770,120
0.2976303317535545,0.2032288698955365,0.2407582938388625,0.7633872032165527,792,155
0.2429467084639498,0.1271585557299843,0.1300940438871473,0.7014529705047607,1018,154
0.2523985239852399,0.1152993348115299,0.1726937269372693,0.6874902248382568,1057,193
0.2971741112123974,0.1990867579908675,0.2078395624430264,0.7310982346534729,810,155
0.3141263940520445,0.1936685288640595,0.2379182156133829,0.7214051485061646,806,187
0.2579617834394904,0.1834130781499202,0.1863057324840764,0.725748598575592,1005,154
0.3402061855670104,0.144516129032258,0.1997422680412371,0.7341038584709167,1142,295
0.3195057369814651,0.1361626878868258,0.1871138570167696,0.6925500631332397,829,201
0.3231046931407942,0.1989150090415913,0.2328519855595667,0.7069470286369324,850,188
0.25,0.1454545454545454,0.1431451612903226,0.6839321851730347,752,125
0.3045337895637297,0.1850899742930591,0.2001710863986313,0.7026954889297485,839,164
0.2926356589147287,0.1553398058252427,0.1802325581395349,0.7188540697097778,772,161
0.227735368956743,0.1681528662420382,0.1730279898218829,0.7450103759765625,1263,180
0.3424657534246575,0.242798353909465,0.2616438356164384,0.7444337606430054,1072,228
0.2781222320637733,0.1384205856255545,0.1594331266607617,0.7052231431007385,838,142
0.2153846153846153,0.1117533718689788,0.1365384615384615,0.7017415761947632,844,112
0.2317784256559766,0.1313868613138686,0.1428571428571428,0.696631669998169,1098,161
0.3212927756653992,0.1866666666666666,0.2205323193916349,0.7276433110237122,789,165
0.4143497757847534,0.2425876010781671,0.2852017937219731,0.7297440767288208,751,211
0.3129707112970711,0.2162615255658005,0.1907949790794979,0.7470312714576721,914,182
0.1730652041438147,0.0817571690054911,0.0987202925045703,0.6776882410049438,1390,146
0.2518853695324284,0.1691842900302115,0.1598793363499245,0.7324382662773132,1031,159
0.3103180760279286,0.2051282051282051,0.2373933281613654,0.7335109114646912,940,191
0.1971252566735113,0.1082933516106922,0.1382614647501711,0.7321780920028687,1186,143
0.3263246425567704,0.227464195450716,0.2539949537426408,0.7579789757728577,898,196
0.2648809523809524,0.1475409836065574,0.1607142857142857,0.7256859540939331,1058,175
0.2484276729559748,0.1307086614173228,0.1556603773584906,0.716555655002594,1010,160
0.1518840579710145,0.1009866511897852,0.1171014492753623,0.7139334082603455,1459,134
0.200925313945803,0.1058901389808074,0.1308658294778585,0.7086940407752991,1257,146
0.2513542795232936,0.1520086862106406,0.1451787648970747,0.7032894492149353,695,115
0.234375,0.1448140900195694,0.185546875,0.7161470055580139,789,116
0.235191637630662,0.1151832460732984,0.1550522648083623,0.7338482737541199,861,130
0.2683982683982684,0.1144839549002601,0.1402597402597402,0.677952766418457,883,165
0.2536170212765957,0.1466325660699062,0.1378723404255319,0.7115290760993958,904,134
0.3046127067014795,0.2197035745422842,0.2106179286335944,0.7412760257720947,867,170
0.2478632478632478,0.1215753424657534,0.1777777777777777,0.6823618412017822,930,151
0.3664383561643835,0.2178387650085763,0.2414383561643835,0.7195160984992981,837,214
0.1967799642218246,0.0878136200716846,0.1144901610017889,0.6706061959266663,852,123
0.1763440860215054,0.1148600143575018,0.1433691756272401,0.7518112063407898,1151,121
0.1654337592468056,0.0956228956228956,0.1237390719569603,0.7059210538864136,1251,116
0.3668122270742358,0.1880466472303207,0.2241630276564774,0.76606684923172,1023,274
0.2677636499626029,0.1378277153558052,0.1585639491398653,0.7307629585266113,1029,184
0.1852551984877126,0.0928030303030303,0.1323251417769376,0.7011206746101379,888,101
0.1840873634945397,0.075,0.1107644305772231,0.6764850616455078,1002,122
0.2403508771929824,0.1757469244288224,0.1929824561403509,0.7492347955703735,865,128
0.2598425196850394,0.1597633136094674,0.1909448818897638,0.7193083763122559,745,121
0.1984,0.1073717948717948,0.1024,0.7017665505409241,1017,130
0.172555464256368,0.1004115226337448,0.115036976170912,0.6706392168998718,969,104
0.2441767068273092,0.1271118262268704,0.1461847389558233,0.6946132183074951,951,145
0.1898355754857996,0.1167664670658682,0.1106128550074738,0.6738702058792114,1095,118
0.4178019981834695,0.2656960873521383,0.3178928247048138,0.7540347576141357,761,227
0.3442622950819672,0.2200328407224959,0.2540983606557377,0.762894868850708,915,188
0.2845927379784101,0.167158308751229,0.1923454367026496,0.7191787362098694,792,146
0.2073394495412844,0.1360294117647058,0.1449541284403669,0.6942014694213867,865,113
0.3390476190476191,0.2326764144945963,0.2526984126984127,0.7154248952865601,1160,247
0.2513812154696133,0.1479944674965421,0.1643646408839779,0.7174142599105835,1125,165
0.3135725429017161,0.1875,0.1950078003120125,0.7117573618888855,938,200
0.2870118074477747,0.1747042766151046,0.1762034514078111,0.7345365285873413,824,144
0.228395061728395,0.0659793814432989,0.1193415637860082,0.6428039073944092,778,150
0.3283783783783784,0.2476319350473613,0.2824324324324325,0.7727238535881042,1117,232
0.3787195671776374,0.2095754290876242,0.2560865644724978,0.7197259664535522,824,222
0.2386831275720164,0.1051546391752577,0.139917695473251,0.6836043000221252,754,134
0.3075615972812234,0.1770212765957446,0.2158028887000849,0.7218726277351379,863,167
0.2086258776328987,0.1206030150753769,0.1143430290872618,0.7240387797355652,776,104
0.2090592334494773,0.0994764397905759,0.1428571428571428,0.7087571024894714,951,138
0.2728146013448607,0.1251203079884504,0.1479346781940441,0.7040632963180542,800,144
0.2487046632124352,0.1453790238836967,0.1740932642487046,0.7265111207962036,755,113
0.202391904323827,0.1032258064516129,0.1232750689972401,0.7025521993637085,842,113
0.2530120481927711,0.1396551724137931,0.1428571428571428,0.72869473695755,905,138
0.1669367909238249,0.0925324675324675,0.1166936790923825,0.6975259184837341,1000,103
0.3527204502814259,0.2349624060150376,0.2532833020637898,0.7157289981842041,765,177
0.2318567389255419,0.109537299338999,0.1394910461828463,0.7216957211494446,845,135
0.1937602627257799,0.1266447368421052,0.1280788177339901,0.6934601068496704,1004,119
0.3658823529411764,0.2402826855123675,0.2929411764705882,0.7753084897994995,1190,283
0.3676595744680851,0.2608695652173913,0.2791489361702128,0.7606265544891357,830,196
0.279383429672447,0.11003861003861,0.1734104046242774,0.6793522834777832,764,164
0.1734458940905602,0.1045349730976172,0.1197237145049885,0.7035333514213562,1057,115
0.2128851540616246,0.1318373071528752,0.1694677871148459,0.7479161620140076,984,144
0.2735507246376811,0.1705989110707804,0.2083333333333333,0.6955772042274475,830,139
0.2945454545454545,0.1366120218579235,0.1763636363636363,0.6698818802833557,826,154
0.3908045977011494,0.2713815789473685,0.2627257799671593,0.7075037360191345,882,229
0.232520325203252,0.1091205211726384,0.1317073170731707,0.6954566836357117,965,147
0.1336336336336336,0.0406015037593984,0.0885885885885885,0.6362719535827637,1127,129
0.2190152801358234,0.1105442176870748,0.1426146010186757,0.7009791731834412,911,134
0.2635135135135135,0.1472081218274111,0.1739864864864864,0.7123556733131409,900,163
0.2549800796812749,0.0877893056664006,0.1402390438247012,0.6673731207847595,998,184
0.2840579710144927,0.1239109390125847,0.166183574879227,0.712871789932251,778,158
0.24853228962818,0.1450980392156863,0.1800391389432485,0.6950346231460571,809,130
0.2985318107667211,0.2058823529411765,0.2120717781402936,0.743815004825592,942,184
0.1820830298616169,0.0758570386579139,0.1165331391114348,0.6917337775230408,1106,142
0.2160077145612343,0.1043478260869565,0.1215043394406943,0.7064169049263,825,118
0.173972602739726,0.1028806584362139,0.1191780821917808,0.7135986685752869,1216,126
0.2295719844357976,0.1403508771929824,0.1400778210116731,0.7244057059288025,835,123
0.3570815450643776,0.2459157351676698,0.2695278969957081,0.7084363102912903,853,203
0.325247079964061,0.198019801980198,0.2066486972147349,0.7255870699882507,851,194
0.212640283520378,0.1206386753400354,0.16066154754873,0.7224342823028564,1327,173
0.1311475409836065,0.0420223243598161,0.0773770491803278,0.6632971167564392,1294,117
0.2895783611774065,0.1418326693227091,0.1750198886237072,0.7029954791069031,944,183
0.2871148459383754,0.1430575035063113,0.1736694677871148,0.6889062523841858,1061,206
0.301775147928994,0.1758893280632411,0.2110453648915187,0.7243081331253052,766,148
0.257286432160804,0.1268882175226586,0.1688442211055276,0.6901782751083374,762,127
0.1621621621621621,0.1094710947109471,0.1228501228501228,0.6854821443557739,1353,136
0.2225475841874084,0.1202346041055718,0.1434846266471449,0.725051999092102,1102,147
0.2241715399610136,0.0957031249999999,0.1306042884990253,0.6930787563323975,808,132
0.1828761429758936,0.1032472939217319,0.1396508728179551,0.7027719616889954,983,112
0.3714710252600297,0.2306547619047619,0.2466567607726597,0.6991344690322876,969,239
0.3327272727272727,0.1839708561020036,0.24,0.7018982768058777,818,185
0.23849643551523,0.1258922777417261,0.1568373298768632,0.7094485759735107,1197,189
0.1840759678597516,0.0965618141916605,0.097881665449233,0.6888203024864197,1154,134
0.233602875112309,0.1206120612061206,0.1563342318059299,0.706802487373352,843,134
0.2170989433237271,0.0615976900866217,0.1248799231508165,0.6657039523124695,830,130
0.1911013858497447,0.1022644265887509,0.1298322392414296,0.6823222041130066,1117,124
0.4071550255536627,0.2372013651877133,0.2879045996592845,0.7120808362960815,842,228
0.1616897305171158,0.0685630926331145,0.1092498179169701,0.6661284565925598,1149,132
0.3482920294708641,0.2642521797451375,0.2799732083054253,0.7027398943901062,1077,241
0.2279693486590038,0.1381957773512476,0.1685823754789272,0.6481242775917053,825,123
0.2414800389483933,0.1092682926829268,0.1577409931840311,0.6660573482513428,801,141
0.209188660801564,0.0999020568070519,0.1192570869990225,0.7087006568908691,808,109
0.1750198886237072,0.0892430278884462,0.1177406523468576,0.7000804543495178,1025,119
0.2525667351129363,0.1275720164609053,0.162217659137577,0.6823153495788574,747,119
0.2886792452830188,0.1455576559546314,0.2018867924528302,0.6856075525283813,808,158
0.3235572374645222,0.1649289099526066,0.1684011352885525,0.7189134955406189,784,168
0.2998405103668261,0.1629392971246006,0.2232854864433811,0.7284441590309143,916,193
0.2302270947533281,0.1066666666666666,0.1534847298355521,0.6916921734809875,1039,147
0.154327424400417,0.0856844305120167,0.1126173096976016,0.7246661186218262,802,81
0.3096646942800789,0.1719367588932806,0.1913214990138066,0.7100499272346497,761,151
0.26095423563778,0.1307317073170731,0.1421616358325219,0.7118082642555237,787,150
0.3219047619047619,0.2061068702290076,0.2419047619047618,0.7218882441520691,779,169
0.251937984496124,0.145631067961165,0.1608527131782945,0.7071354985237122,812,140
0.2128301886792453,0.1315192743764172,0.1373584905660377,0.7271633148193359,1061,146
0.2131303520456707,0.0991420400381315,0.1332064700285442,0.7262654304504395,836,131
0.3464114832535885,0.1802492809204218,0.2411483253588517,0.7360092401504517,796,175
0.2587991718426501,0.1410788381742738,0.1780538302277433,0.7095222473144531,757,131
0.2436687200547569,0.1206305688827964,0.1574264202600958,0.6610127687454224,1150,192
0.3068181818181818,0.1707779886148007,0.1950757575757576,0.732114315032959,772,171
0.2028469750889679,0.0980392156862745,0.1298932384341637,0.7136020064353943,904,118
0.3121852970795569,0.1614530776992936,0.2195367573011077,0.7332531213760376,736,158
0.2455795677799607,0.1338582677165354,0.1237721021611002,0.7036690711975098,774,130
0.324065196548418,0.2209414024975985,0.2550335570469798,0.7425727248191833,754,155
0.2409288824383164,0.1482558139534883,0.1422351233671988,0.7091504335403442,1032,158
0.2203703703703703,0.1261595547309833,0.1481481481481481,0.7395012378692627,868,120
0.3505154639175258,0.2572769953051643,0.2530459231490159,0.7453083395957947,775,174
0.4834968777876895,0.3663985701519213,0.3907225691347011,0.7564992308616638,710,249
0.2976085031000886,0.186335403726708,0.2019486271036315,0.723487913608551,848,165
0.2988966900702106,0.1869346733668341,0.2086258776328987,0.7162286639213562,751,149
0.2657004830917874,0.1387096774193548,0.178743961352657,0.7169643044471741,916,165
0.440251572327044,0.2574257425742574,0.2713387241689128,0.74653160572052,748,234
0.24977856510186,0.1668145519077196,0.16651904340124,0.7354244589805603,907,135
0.2218080149114632,0.1120448179271708,0.1547064305684995,0.7001386880874634,794,118
0.168695652173913,0.0888501742160278,0.12,0.7053719162940979,931,114
0.1728172817281728,0.0757439134355275,0.1026102610261026,0.6909371614456177,928,109
0.2772277227722772,0.1406672678088368,0.1962196219621962,0.7040525078773499,874,149
0.3158813263525305,0.1258741258741259,0.1937172774869109,0.6765400767326355,862,207
0.1927536231884058,0.0870827285921625,0.1217391304347826,0.6933761835098267,1134,137
0.2682926829268293,0.0936863543788187,0.1300813008130081,0.6586720943450928,777,154
0.1578475336322869,0.0682839173405211,0.0986547085201793,0.643846333026886,939,101
0.2522522522522522,0.1462093862815884,0.1603603603603603,0.7319888472557068,856,132
0.2132921174652241,0.0758513931888544,0.106646058732612,0.6642587184906006,1056,166
0.3326885880077369,0.2073643410852713,0.2379110251450677,0.7409468293190002,759,161
0.2438095238095238,0.1393129770992366,0.16,0.7472481727600098,804,128
0.3137614678899082,0.2040441176470588,0.2238532110091743,0.7477968335151672,808,158
0.3801980198019801,0.2658730158730158,0.2415841584158416,0.7260617017745972,726,182
0.3198529411764705,0.141804788213628,0.1930147058823529,0.7133459448814392,794,196
0.2862286228622862,0.1749323715058611,0.2196219621962196,0.7336361408233643,847,167
0.2107765451664025,0.1047619047619047,0.109350237717908,0.7319902181625366,1013,140
0.258893280632411,0.1405940594059405,0.1778656126482213,0.7389386892318726,782,131
0.3191278493557978,0.1747765640516385,0.1724479682854311,0.7419307827949524,770,168
0.2870813397129187,0.1534036433365292,0.1684210526315789,0.7217435836791992,806,164
0.2425373134328358,0.1214953271028037,0.1361940298507462,0.7245797514915466,832,134
0.3355576739752145,0.1852913085004775,0.2268827454718779,0.7231213450431824,760,180
0.15202492211838,0.0736119775421085,0.1171339563862928,0.7006795406341553,1389,130
0.4624472573839662,0.2451394759087066,0.2717299578059071,0.7698097229003906,770,312
0.2977941176470588,0.1565377532228361,0.1746323529411764,0.7190133929252625,826,169
0.2963636363636363,0.1420765027322404,0.1854545454545454,0.7048506736755371,878,169
0.2454361054766734,0.1402439024390244,0.1926977687626775,0.7139167785644531,760,123
0.2398589065255732,0.1042402826855123,0.1569664902998236,0.7037112712860107,915,145
0.2027972027972028,0.1295971978984238,0.1520979020979021,0.6628612279891968,911,111
0.2150776053215077,0.0733333333333333,0.1086474501108647,0.689446210861206,706,110
0.2486828240252897,0.133051742344245,0.1622760800842992,0.7154564261436462,724,125
0.2321083172147002,0.0949612403100775,0.1237911025145067,0.6965917348861694,818,132
0.2789317507418397,0.1605550049554014,0.1701285855588526,0.7253509759902954,791,151
0.2502564102564102,0.1397738951695786,0.1764102564102564,0.6992579102516174,765,121
0.2963689892051031,0.1789577187807276,0.225711481844946,0.7065080404281616,768,141
0.2279469164715066,0.1391712275215011,0.1295862607338017,0.7184829115867615,1014,143
0.218209179834462,0.1190655614167294,0.1203912716328066,0.7107031345367432,1013,148
0.2854406130268199,0.1381957773512476,0.1455938697318007,0.6940711736679077,779,160
0.2782101167315175,0.138401559454191,0.1439688715953307,0.7105176448822021,789,146
0.1850533807829181,0.1105169340463458,0.1405693950177935,0.667354941368103,901,101
0.4789915966386554,0.2659932659932659,0.3378151260504202,0.7825190424919128,801,290
0.2446916076845298,0.1276595744680851,0.1617795753286147,0.6939976215362549,802,123
0.250187265917603,0.118529632408102,0.148314606741573,0.7353137135505676,1054,179
0.2329803328290468,0.1166666666666666,0.1437216338880484,0.7043645977973938,1089,166
0.2010968921389397,0.0989010989010989,0.1425959780621572,0.7085335850715637,894,123
0.2352941176470588,0.1205479452054794,0.1518467852257182,0.6838057041168213,1196,183
0.2520891364902506,0.1338912133891213,0.1518105849582172,0.6986134648323059,1117,190
0.23292469352014,0.087719298245614,0.1225919439579684,0.6718087196350098,890,145
0.2365079365079365,0.0906200317965023,0.1365079365079365,0.68418949842453,953,173
0.1913746630727762,0.1201079622132253,0.1253369272237197,0.7189909219741821,1203,145
0.2774982027318476,0.142548596112311,0.1667864845434939,0.7066407799720764,1072,212
0.211963589076723,0.1328125,0.1573472041612483,0.73023521900177,1197,164
0.3371647509578543,0.2322456813819577,0.2432950191570881,0.738332986831665,758,170
0.2268041237113402,0.1127879269261318,0.1348136399682791,0.6961453557014465,979,150
0.259289843104872,0.1091811414392059,0.1585466556564822,0.6940717697143555,925,193
0.3657657657657658,0.1895306859205776,0.1639639639639639,0.705243706703186,770,223
0.2978177150192554,0.2249357326478148,0.2439024390243902,0.7631691098213196,1218,217
0.2433862433862434,0.1680545041635125,0.1950113378684807,0.733902633190155,1024,148
0.3560209424083769,0.2604895104895105,0.2844677137870855,0.7810108661651611,834,190
0.2625482625482625,0.1624758220502901,0.1891891891891892,0.7337532639503479,783,128
0.1368584758942457,0.0560747663551401,0.0902021772939346,0.6654355525970459,1070,106
0.2530035335689046,0.1047416843595187,0.1554770318021201,0.6764838695526123,1076,189
0.2201405152224824,0.1172791243158717,0.1436377829820452,0.728500247001648,987,133
0.2635529608006672,0.1403508771929824,0.1784820683903252,0.6989461779594421,892,154
0.1941228851291184,0.0785013380909901,0.1104185218165627,0.6771483421325684,923,120
0.2876712328767123,0.1890243902439024,0.187214611872146,0.7442967891693115,1022,188
0.2802436901653611,0.1325196163905841,0.1375108790252393,0.6958014369010925,869,175
0.235734331150608,0.1387066541705717,0.1515434985968194,0.7387783527374268,835,130
0.3051546391752577,0.1693048864418444,0.1965635738831614,0.725143313407898,1129,243
0.3417266187050359,0.218018018018018,0.2589928057553957,0.7247219085693359,808,190
0.2362385321100917,0.1297359357060849,0.1605504587155963,0.7336849570274353,1369,221
0.3435399551904406,0.2258788332086761,0.2628827483196415,0.7296016216278076,954,243
0.2090163934426229,0.121751025991792,0.1325136612021858,0.7111716866493225,1184,153
0.2913385826771654,0.1735700197238658,0.1909448818897637,0.7132981419563293,773,153
0.3587662337662337,0.1707317073170731,0.2029220779220779,0.7229838967323303,892,252
0.3052132701421801,0.1823361823361823,0.195260663507109,0.7231190204620361,807,160
0.2198391420911528,0.0931065353625783,0.1143878462913315,0.6674155592918396,890,142
0.2102973168963016,0.1278140885984023,0.1334300217548948,0.6901975274085999,1129,145
0.2364779874213836,0.1435768261964735,0.1672955974842767,0.7010917067527771,1269,177
0.1660026560424967,0.0957446808510638,0.1208499335989375,0.700768768787384,1226,119
0.2492250464972101,0.1626319056486654,0.1859888406695598,0.722291886806488,1269,192
0.2483130904183535,0.1594594594594594,0.1673414304993252,0.7205939888954163,1174,188
0.1903999999999999,0.1025641025641025,0.1424,0.6914160847663879,1015,126
0.3131115459882583,0.1784313725490196,0.2035225048923679,0.6866510510444641,774,166
0.282,0.188376753507014,0.2299999999999999,0.7100263833999634,758,131
0.3351778656126483,0.171021377672209,0.2055335968379446,0.6742937564849854,916,218
0.2165087956698241,0.1260162601626016,0.1474966170500676,0.7139503359794617,1225,159
0.2391713747645951,0.1264150943396226,0.128060263653484,0.7146514654159546,797,134
0.3502304147465437,0.24,0.2626728110599078,0.7430737614631653,984,223
0.2398843930635838,0.1418234442836468,0.1676300578034681,0.7515591979026794,1096,168
0.3350785340314136,0.2062937062937063,0.2286212914485166,0.7028905153274536,780,181
0.208955223880597,0.0932277924362357,0.1106233538191395,0.6950713396072388,928,140
0.2636439966414778,0.1631623212783852,0.1628883291351805,0.7298529148101807,904,149
0.2737987307343608,0.1544050862851952,0.1795104261106074,0.6981260776519775,867,152
0.1706161137440758,0.0827118644067796,0.0974949221394719,0.6808400750160217,1226,143
0.1975308641975308,0.0922384701912261,0.1279461279461279,0.6772571802139282,728,104
0.1887096774193548,0.1017770597738287,0.1209677419354838,0.7113915085792542,1027,128
0.2271241830065359,0.1129296235679214,0.1176470588235294,0.7315534353256226,977,150
0.2170818505338078,0.1497326203208556,0.1637010676156583,0.7377101182937622,885,122
0.1664611590628853,0.1037037037037037,0.1183723797780517,0.6883264183998108,1332,131
0.1803174603174603,0.1068022886204704,0.1371428571428571,0.7040897011756897,1263,136
0.3058823529411764,0.1740707162284678,0.204524886877828,0.7274320721626282,832,171
0.2197183098591549,0.1128880526810912,0.1502347417840375,0.7313200831413269,847,123
0.2619542619542619,0.1145833333333333,0.1517671517671517,0.7108002305030823,764,139
0.270473328324568,0.1504890895410082,0.1622839969947407,0.6938207745552063,1034,189
0.2678983833718245,0.1480339244410177,0.1493456505003849,0.6947358846664429,1005,170
0.3223443223443223,0.1779816513761467,0.2032967032967033,0.7084821462631226,813,176
0.2542542542542542,0.1183550651955867,0.1361361361361361,0.702426552772522,770,139
0.3024574669187145,0.1969696969696969,0.1984877126654064,0.7451447248458862,810,151
0.3547169811320754,0.2117202268431002,0.2169811320754717,0.6970227956771851,779,203
0.1652459016393442,0.0945502298095863,0.1062295081967213,0.7171210050582886,1257,124
0.1226993865030674,0.0786240786240786,0.0846625766871165,0.7037551403045654,1420,103
0.2537182852143482,0.1489921121822962,0.1294838145231846,0.7358624935150146,893,147
0.1754122938530734,0.1021021021021021,0.1139430284857571,0.6970751285552979,1113,113
0.2673076923076923,0.1695568400770712,0.2019230769230769,0.7342345118522644,774,134
0.2725274725274725,0.1643433602347762,0.1758241758241758,0.7481179237365723,1046,175
0.25,0.1308411214953271,0.1791044776119402,0.7053769826889038,793,137
0.2831379621280433,0.1192411924119241,0.151487826871055,0.684777557849884,856,177
0.2734761120263591,0.1468646864686469,0.1548599670510708,0.7141821384429932,923,160
0.2452554744525547,0.1374269005847953,0.1664233576642335,0.7105936408042908,1071,162
0.2043906131718395,0.1304018195602729,0.1514004542013626,0.7369860410690308,1041,132
0.3565891472868217,0.2467644521138912,0.2566752799310938,0.7494698166847229,822,181
0.2154255319148936,0.1118508655126498,0.1422872340425532,0.6950629353523254,1208,154
0.250258531540848,0.1119170984455958,0.1323681489141675,0.708526074886322,753,132
0.1819425444596443,0.110958904109589,0.1258549931600547,0.7007855772972107,1212,131
0.2563451776649746,0.1728081321473951,0.215736040609137,0.7545382976531982,1231,192
0.267379679144385,0.1693461950696677,0.2203208556149732,0.728300154209137,748,120
0.2164328657314629,0.1484949832775919,0.1482965931863727,0.7074249982833862,1168,159
0.2469982847341337,0.1477663230240549,0.1818181818181818,0.7102349400520325,933,140
0.3959484346224677,0.2656826568265683,0.285451197053407,0.7449659705162048,798,219
0.3604985618408436,0.2439961575408261,0.2454458293384468,0.7357140779495239,771,184
0.2396088019559902,0.0995918367346938,0.1206193969030154,0.7354943752288818,993,153
0.2747440273037542,0.1487179487179487,0.1877133105802048,0.7224137783050537,911,166
0.2268041237113402,0.0895008605851979,0.1168384879725086,0.7065383791923523,908,151
0.25569176882662,0.1105263157894736,0.1243432574430823,0.7189231514930725,887,153
0.1490066225165563,0.0547263681592039,0.0827814569536423,0.6683127284049988,979,108
0.3554169914263445,0.2185792349726776,0.2322681215900233,0.7328770756721497,918,242
0.236248872858431,0.1246612466124661,0.1334535617673579,0.7064196467399597,866,128
0.1803482587064676,0.1046077210460772,0.1305970149253731,0.7401725053787231,1338,146
0.2068273092369478,0.0985915492957746,0.1204819277108433,0.7262877821922302,800,116
0.2094861660079051,0.1069306930693069,0.1363636363636363,0.7016133069992065,825,102
0.2602739726027397,0.1627450980392157,0.1859099804305284,0.7299336194992065,794,138
0.2904624277456648,0.1823444283646888,0.1820809248554913,0.7242108583450317,1082,204
0.258309591642925,0.1845861084681256,0.201329534662868,0.7566198706626892,824,134
0.2985074626865672,0.1561461794019933,0.1724709784411277,0.7240703105926514,897,183
0.30527289546716,0.1797961075069508,0.2183163737280296,0.7256267666816711,805,157
0.2475471698113208,0.1330309901738473,0.1826415094339622,0.730670154094696,1024,166
0.1769911504424778,0.0827586206896551,0.1101278269419862,0.676857054233551,826,99
0.1747456612806702,0.1138406231276213,0.116098144823459,0.7109507322311401,1429,151
0.3018867924528302,0.2079395085066162,0.2150943396226415,0.7343910336494446,817,156
0.2072630646589902,0.1366459627329192,0.141718334809566,0.724907636642456,881,128
0.2146248812915479,0.0799238820171265,0.1025641025641025,0.688948929309845,884,115
0.253384912959381,0.1395348837209302,0.1450676982591876,0.7120147943496704,812,134
0.2757936507936508,0.1650099403578528,0.1825396825396825,0.7438073754310608,789,139
0.184313725490196,0.1073298429319371,0.115032679738562,0.7277171015739441,1240,131
0.2188905547226386,0.1696696696696696,0.1649175412293853,0.7250127792358398,1072,129
0.1955223880597015,0.0956651718983557,0.1208955223880596,0.696487307548523,1104,139
0.2563208369659983,0.1537117903930131,0.1935483870967742,0.7050614356994629,918,166
0.2847736625514403,0.1681780708985985,0.1695473251028806,0.731221079826355,938,180
0.2995670995670996,0.1890719861231569,0.1731601731601731,0.7503510117530823,871,173
0.2268346923647146,0.1380846325167038,0.1719792438843587,0.7360808849334717,1060,149
0.2850393700787401,0.1640378548895898,0.1448818897637795,0.732304036617279,951,189
0.2378976486860304,0.1163434903047091,0.1369294605809128,0.7251396775245667,1117,183
0.2537182852143482,0.1402278702892199,0.1714785651793526,0.7183628678321838,901,146
0.2451499118165784,0.1113074204946996,0.146384479717813,0.7013294100761414,925,142
0.2129032258064516,0.0883620689655172,0.1268817204301075,0.6744966506958008,733,108
0.2455661664392906,0.1243169398907103,0.1391541609822646,0.6900930404663086,1166,184
0.1833473507148864,0.1128896377422072,0.1177460050462573,0.7290893197059631,962,109
0.2748091603053436,0.1512319456244689,0.2069550466497031,0.7261005640029907,911,171
0.1709616593337523,0.0906230333543108,0.13073538654934,0.7223429083824158,1319,136
0.2865329512893983,0.1454545454545454,0.1852913085004775,0.7273015975952148,778,151
0.2504065040650406,0.1221498371335504,0.1577235772357723,0.6816173195838928,962,160
0.4427123928293063,0.2982045277127244,0.3538581449727201,0.7886521220207214,891,278
0.2523809523809524,0.1399046104928457,0.1634920634920634,0.7343263626098633,978,163
0.1625207296849087,0.0980066445182724,0.1160862354892205,0.7121502757072449,984,95
0.2775590551181102,0.1518737672583826,0.1633858267716535,0.70604407787323,787,140
0.2444641275465013,0.1384205856255545,0.1718334809565987,0.6762982606887817,873,139
0.2377389858686616,0.1532056619483763,0.1662510390689941,0.678671658039093,943,138
0.2677165354330709,0.1041009463722397,0.1464566929133858,0.6817372441291809,987,196
0.2149253731343283,0.1121076233183856,0.135820895522388,0.7009572982788086,1120,153
0.245407788390889,0.1221486387049301,0.1425422483468038,0.7223437428474426,873,170
0.1707556427870461,0.0806293018682399,0.0902845927379784,0.6549031138420105,831,98
0.3434535104364326,0.150190114068441,0.2163187855787476,0.698369026184082,768,192
0.2441150828247602,0.108296943231441,0.1604184829991281,0.6914423108100891,926,146
0.2686832740213523,0.1408199643493761,0.1761565836298932,0.7089553475379944,908,152
0.3464052287581699,0.1963993453355155,0.2026143790849672,0.6999361515045166,898,220
0.2865440464666021,0.1842870999030068,0.1936108422071636,0.7231064438819885,805,147
0.2621664050235479,0.1415094339622641,0.1821036106750392,0.6930583715438843,1021,156
0.2495201535508637,0.1115384615384615,0.1573896353166986,0.6677172183990479,822,161
0.2691007437457741,0.1800947867298578,0.1987829614604462,0.7218486070632935,1157,186
0.1941544885177453,0.0564853556485355,0.0960334029227557,0.6322136521339417,790,122
0.2295964125560538,0.1527403414195867,0.1829596412556053,0.7396883964538574,895,121
0.1957928802588996,0.0777957860615883,0.1181229773462783,0.6952531933784485,996,152
0.2038567493112948,0.0993560257589696,0.1028466483011937,0.6670888066291809,899,118
0.2378277153558053,0.1407129455909943,0.1704119850187266,0.7036767601966858,838,126
0.1792452830188679,0.0677165354330708,0.1037735849056603,0.6892417669296265,1062,134
0.2871883061049011,0.1223083548664944,0.1547721410146173,0.687760055065155,853,164
0.2873453853472883,0.1239275500476644,0.154138915318744,0.7152813673019409,807,172
0.1958295557570262,0.0962761126248864,0.1305530371713508,0.7029548287391663,873,116
0.2431941923774954,0.1363636363636363,0.1415607985480943,0.7179616689682007,867,139
0.1461377870563674,0.097560975609756,0.1071677105080027,0.7417030334472656,1175,95
0.3183897529734675,0.1668194317140238,0.2049405306495883,0.7313170433044434,820,177
0.2174189446916719,0.1311266709102482,0.147488874761602,0.7434812784194946,1286,177
0.2901353965183752,0.1763565891472868,0.1992263056092843,0.7209171652793884,788,159
0.2925989672977624,0.1706896551724138,0.1686746987951807,0.7057002782821655,897,165
0.2413793103448276,0.0890909090909091,0.1143375680580762,0.6826518177986145,888,152
0.2803347280334728,0.1236897274633123,0.1401673640167364,0.6958172917366028,757,143
0.2241379310344828,0.1362763915547025,0.1455938697318007,0.7133954763412476,820,115
0.2148916116870876,0.1114258734655335,0.1489161168708765,0.6860963106155396,877,109
0.2791111111111111,0.151380231522707,0.1706666666666666,0.6921033263206482,868,157
0.2464929859719439,0.1044176706827309,0.1402805611222445,0.6839691400527954,803,130
0.2476354256233877,0.082687338501292,0.1220980223559759,0.6722947955131531,931,158
0.2022772940388479,0.101945003353454,0.1232417950435365,0.6762452125549316,1226,159
0.2003081664098613,0.0802469135802469,0.1078582434514637,0.6781625151634216,1076,144
0.188295165394402,0.0696686491079014,0.0966921119592875,0.6828019618988037,972,125
0.3798756359525155,0.2059988681380871,0.2249858677218767,0.7399159669876099,1315,354
0.2139917695473251,0.1030927835051546,0.1378600823045267,0.6836909651756287,796,124
0.2280542986425339,0.1087941976427923,0.1375565610859728,0.7063099145889282,868,138
0.3345656192236599,0.1648148148148148,0.1922365988909427,0.7072531580924988,803,189
0.2813102119460501,0.1216216216216216,0.1541425818882466,0.6892272233963013,833,155
0.244314489928525,0.1080026024723487,0.1351526965562053,0.6809222102165222,1238,201
0.1658692185007974,0.0718849840255591,0.1084529505582137,0.6843420267105103,1051,104
0.1884816753926701,0.127129750982962,0.1204188481675392,0.7252068519592285,1239,131
0.2558746736292428,0.1238012205754141,0.1618798955613577,0.6863582134246826,858,155
0.2888888888888889,0.1639676113360324,0.1898989898989899,0.7142253518104553,758,158
0.1833180568285976,0.0844811753902663,0.1063244729605866,0.6692062616348267,904,114
0.2699619771863117,0.1504761904761904,0.1615969581749049,0.7281243205070496,807,157
0.2251082251082251,0.1352992194275802,0.116017316017316,0.6952667832374573,911,127
0.3326996197718631,0.2019047619047619,0.1901140684410646,0.72818523645401,793,171
0.2158490566037735,0.0997732426303854,0.110188679245283,0.6854943633079529,1088,154
0.2097902097902097,0.073555166374781,0.1171328671328671,0.6857904195785522,943,138
0.2207885304659498,0.1191672648959081,0.1591397849462365,0.6839888691902161,1108,170
0.1703422053231939,0.067022086824067,0.1171102661596958,0.6714693307876587,1144,126
0.2300380228136882,0.1352380952380952,0.150190114068441,0.7176521420478821,827,132
0.2766151046405823,0.1640838650865998,0.194722474977252,0.6937074661254883,849,148
0.2530459231490159,0.1220657276995305,0.1330834114339268,0.7097333073616028,853,139
0.212338593974175,0.1135057471264367,0.1549497847919655,0.7013960480690002,1115,142
0.3221110100090992,0.1659070191431176,0.2147406733393994,0.699364423751831,831,182
0.2174657534246575,0.0891938250428816,0.1147260273972602,0.6589245200157166,957,136
0.2935928629359286,0.1787164906580016,0.1930251419302514,0.7034292817115784,949,182
0.1396478445658773,0.0547112462006079,0.0777170613236187,0.6353285312652588,1424,136
0.2208029197080291,0.1206581352833638,0.1624087591240876,0.6967005133628845,880,127
0.1999999999999999,0.1129326047358834,0.12,0.7161052227020264,882,104
0.2018518518518518,0.1094619666048237,0.1296296296296296,0.7019739747047424,887,108
0.2336065573770491,0.1314168377823408,0.151639344262295,0.6760250329971313,785,110
0.1987179487179487,0.0898876404494382,0.1266025641025641,0.699873685836792,996,127
0.2223962411902897,0.1019607843137254,0.1456538762725137,0.6813810467720032,1051,147
0.2715627668659265,0.1488451668092386,0.192997438087105,0.6737897396087646,925,158
0.25,0.1562867215041128,0.1490610328638497,0.7270569205284119,1368,211
0.2677322677322677,0.1481481481481481,0.1658341658341658,0.7174544930458069,751,135
0.2868447082096934,0.1665014866204162,0.1760633036597428,0.7353264093399048,773,146
0.2326530612244897,0.1554192229038855,0.1653061224489796,0.7298054695129395,772,119
0.2857142857142857,0.175715695952616,0.1990147783251231,0.7171831130981445,765,149
0.2516940948693127,0.1144519883608147,0.1413359148112294,0.6793491840362549,788,141
0.2236951118475559,0.1112033195020747,0.1292460646230323,0.714518129825592,972,148
0.3181818181818182,0.1821631878557874,0.2329545454545454,0.7266469597816467,778,169
0.2446167097329888,0.091458153580673,0.1291989664082687,0.6547932624816895,924,163
0.2479474548440065,0.1447368421052631,0.1658456486042692,0.6992437839508057,949,154
0.2709090909090909,0.1311475409836065,0.1618181818181818,0.7063595056533813,873,147
0.3246167718665464,0.1752484191508581,0.2019837691614067,0.6893996000289917,816,174
0.3445149592021758,0.1834695731153496,0.1867633726201269,0.7338640689849854,805,215
0.2438732815301853,0.1555954518252543,0.1829049611476389,0.7316902279853821,1302,200
0.2963671128107074,0.136015325670498,0.1816443594646271,0.6757150888442993,814,171
0.2528735632183908,0.1447368421052631,0.1937602627257799,0.7023181319236755,953,161
0.3811802232854864,0.2699680511182108,0.2902711323763955,0.7516478896141052,861,224
0.2674516400336417,0.1364785172704296,0.1732548359966358,0.7199008464813232,913,168
0.2862488306828812,0.1518275538894095,0.1665107577174929,0.7111214399337769,814,161
0.172434729811779,0.0887537993920972,0.1214329083181542,0.7373150587081909,1360,143
0.2763037511436413,0.1393217231897341,0.1610247026532479,0.7095873355865479,845,151
0.2109826589595375,0.109985528219971,0.1416184971098266,0.695320188999176,1131,171
0.1478183437221727,0.0499553969669937,0.0819234194122885,0.6495541930198669,949,104
0.3070942662779398,0.1986368062317429,0.2099125364431487,0.7474193572998047,782,155
0.2656249999999999,0.1234782608695652,0.1701388888888888,0.7035443186759949,843,145
0.2864816472694718,0.1632286995515695,0.189794091316025,0.7257290482521057,855,165
0.2650205761316872,0.1368507831821929,0.1761316872427983,0.694792628288269,948,170
0.1552373775433308,0.0498113207547169,0.0919366993217784,0.6820124983787537,1084,120
0.3140218303946264,0.1867115222876366,0.2334172963895885,0.7357417345046997,871,187
0.2797731568998109,0.1553030303030303,0.1701323251417769,0.7170294523239136,788,148
0.2755203171456888,0.1290963257199603,0.1407333994053518,0.6897119879722595,767,151
0.3033006244424621,0.1251117068811438,0.1909009812667261,0.6771951913833618,814,192
0.2870905587668593,0.1447876447876448,0.1907514450867052,0.7125635147094727,776,162
0.2479508196721311,0.1519507186858316,0.1864754098360656,0.7418879270553589,769,119
0.2712550607287449,0.1621621621621621,0.1565452091767881,0.7117475867271423,1109,184
0.2539098436062557,0.1142857142857142,0.1343146274149034,0.7377752065658569,833,149
0.2427843803056027,0.141156462585034,0.1494057724957555,0.6971622109413147,914,133
0.251685393258427,0.1500375093773443,0.1558052434456928,0.7278925180435181,1055,174
0.2435643564356436,0.1567460317460317,0.1564356435643564,0.7409705519676208,816,118
0.2617021276595744,0.1343283582089552,0.1425531914893617,0.7178627848625183,733,123
0.2586206896551724,0.1343570057581573,0.1455938697318007,0.7113812565803528,813,145
0.2171945701357466,0.0861027190332326,0.119155354449472,0.6895864605903625,1053,155
0.2312703583061889,0.1158238172920065,0.1351791530944625,0.6995124816894531,999,140
0.1232492997198879,0.0687237026647966,0.0854341736694678,0.6607795357704163,1252,90
0.3220675944333996,0.197211155378486,0.2027833001988071,0.7613324522972107,781,163
0.2952101661779081,0.1743388834476004,0.2052785923753665,0.7313321828842163,789,158
0.1675874769797421,0.059040590405904,0.0865561694290976,0.6786403059959412,899,112
0.238095238095238,0.1007067137809187,0.1234567901234568,0.6843567490577698,879,136
0.3181169757489301,0.1928571428571428,0.2368045649072753,0.717843770980835,1077,233
0.2098890010090817,0.0970677451971688,0.1231079717457113,0.7028270363807678,772,102
0.2532663316582914,0.1047331319234642,0.1567839195979899,0.7021632194519043,762,138
0.3402646502835539,0.2045454545454545,0.2268431001890359,0.7154418230056763,759,179
0.3169082125603865,0.1510164569215876,0.1835748792270531,0.7187150120735168,765,176
0.2772073921971252,0.1358024691358024,0.1478439425051335,0.7084179520606995,764,138
0.1714285714285714,0.0729613733905579,0.1171428571428571,0.7150284051895142,1161,119
0.2791461412151067,0.1825657894736841,0.1954022988505747,0.7440710067749023,958,158
0.2412868632707774,0.1396598030438675,0.1680071492403932,0.7156591415405273,902,141
0.190562613430127,0.1036363636363636,0.1361161524500907,0.6890482306480408,888,113
0.3122977346278317,0.1977309562398703,0.2184466019417476,0.7007818222045898,912,176
0.3719412724306688,0.1797385620915032,0.2381729200652528,0.7031523585319519,926,238
0.1952085181898846,0.1102222222222222,0.1135758651286601,0.706092357635498,888,111
0.2404692082111436,0.1077375122428991,0.1603128054740958,0.6858794093132019,818,124
0.2147525676937441,0.0991580916744621,0.1139122315592904,0.6961677074432373,870,129
0.2414131501472031,0.0943952802359882,0.1059862610402355,0.6879068613052368,827,131
0.2745608327911515,0.1889250814332247,0.1964866623292127,0.7281387448310852,1111,188
0.2782101167315174,0.1598440545808967,0.1712062256809338,0.7299171090126038,774,145
0.2552415679124886,0.1442922374429223,0.1567912488605287,0.7019122242927551,838,143
0.208780487804878,0.1407624633431085,0.113170731707317,0.7383008003234863,852,101
0.2575452716297786,0.1491935483870967,0.1428571428571428,0.7152443528175354,772,130
0.2419186652763295,0.1316614420062695,0.1418143899895725,0.7005084156990051,749,117
0.2967359050445103,0.2021803766105054,0.1780415430267062,0.7150582075119019,775,137
0.2520891364902506,0.1589958158995816,0.181058495821727,0.7157355546951294,1140,185
0.2005623242736644,0.1314553990610328,0.1312089971883786,0.7225903272628784,861,107
0.2143790849673202,0.1282722513089005,0.1620915032679738,0.7165062427520752,1248,160
0.1999999999999999,0.1161048689138576,0.1327102803738317,0.7089065909385681,870,109
0.2553556126820908,0.1407725321888412,0.1765209940017137,0.7155243158340454,932,161
0.2977099236641221,0.1816443594646271,0.1984732824427481,0.7277280688285828,793,160
0.2565055762081784,0.1359404096834264,0.1617100371747211,0.6997237205505371,812,137
0.2605288932419197,0.1472031403336604,0.1802154750244858,0.7249370813369751,814,138
0.3554216867469879,0.1930618401206636,0.2123493975903614,0.6954728364944458,970,234
0.2307692307692307,0.1040462427745664,0.1423076923076923,0.7058031558990479,806,124
0.2912442396313364,0.1975992613111726,0.2175115207373271,0.7236374020576477,835,155
0.1814780168381665,0.0974695407685098,0.0972871842843779,0.6948646306991577,870,96
0.3175487465181058,0.1972093023255814,0.2116991643454039,0.7312813401222229,799,181
0.2575187969924812,0.1544256120527307,0.1616541353383458,0.6927970051765442,840,142
0.2832764505119454,0.1521367521367521,0.1740614334470989,0.7347845435142517,908,171
0.2908242612752721,0.1697819314641744,0.2317262830482114,0.7427077889442444,992,190
0.2381818181818182,0.1238615664845173,0.1599999999999999,0.6994709372520447,853,129
0.2434042553191489,0.1193520886615515,0.1548936170212766,0.6957919001579285,918,152
0.1944264419961114,0.0921479558728098,0.1036941023979261,0.71742844581604,1254,136
0.3261432269197584,0.1901469317199653,0.1967213114754098,0.6921296715736389,864,195
0.3566760037348273,0.2039289055191768,0.2390289449112978,0.7288687825202942,793,213
0.3087885985748218,0.1744647105471847,0.2011084718923198,0.7245922088623047,921,194
0.2345454545454545,0.1202185792349726,0.1218181818181818,0.6856154203414917,902,132
0.1942857142857142,0.0768601798855273,0.1191836734693877,0.654704749584198,1035,132
0.2842639593908629,0.1892166836215666,0.2375634517766497,0.7115707993507385,756,135
0.1856866537717601,0.1356589147286822,0.0947775628626692,0.7371361255645752,828,87
0.2104509663564781,0.093189964157706,0.1288475304223335,0.6756753921508789,1158,154
0.2637759710930443,0.0923076923076923,0.1373080397470641,0.6894062161445618,851,166
0.2916129032258064,0.1731266149870801,0.1974193548387096,0.6932936310768127,1166,228
0.2696245733788395,0.1316239316239316,0.1484641638225255,0.7169529795646667,920,178
0.2205882352941176,0.1399631675874769,0.1764705882352941,0.7296352982521057,861,122
0.1797451374916163,0.0899932840832773,0.0979208584842387,0.6870442628860474,1184,131
0.2124352331606217,0.115916955017301,0.1157167530224525,0.6962769031524658,953,128
0.219702338766832,0.0965223562810504,0.1233167965981573,0.7032375335693359,1142,156
0.1972602739726027,0.0750228728270814,0.1187214611872146,0.698078453540802,868,116
0.2032884902840059,0.1032934131736526,0.1210762331838565,0.692625105381012,1090,144
0.2698191933240612,0.1406685236768802,0.1780250347705146,0.7110960483551025,1128,192
0.2401700318809777,0.1022364217252396,0.1253985122210414,0.7212237119674683,736,118
0.2618110236220473,0.1479289940828402,0.1496062992125984,0.7367199659347534,785,138
0.2297551789077213,0.1407919547454431,0.1506591337099811,0.715492844581604,1244,185
0.2112436115843271,0.1058020477815699,0.1482112436115843,0.6997390389442444,953,127
0.2417582417582417,0.1082568807339449,0.1446886446886446,0.6831042170524597,868,148
0.253731343283582,0.1364485981308411,0.1641791044776119,0.6867798566818237,847,139
0.2485207100591715,0.1403162055335968,0.1932938856015779,0.6910474300384521,791,123
0.3906103286384976,0.1881467544684854,0.2384976525821596,0.7087540030479431,746,211
0.2751219512195122,0.158357771260997,0.1892682926829268,0.723759114742279,763,137
0.295760082730093,0.1678756476683938,0.1882109617373319,0.7286532521247864,752,131
0.2526132404181184,0.094240837696335,0.1550522648083624,0.6914692521095276,910,161
0.1872265966754155,0.0876424189307625,0.1102362204724409,0.7059342861175537,938,112
0.2603742880390561,0.1271393643031784,0.1611065907241659,0.6853129863739014,945,151
0.1855036855036855,0.0836408364083641,0.1216216216216216,0.6992377638816833,1376,174
0.2367972742759795,0.1296928327645051,0.1550255536626916,0.6878911852836609,938,144
0.2290969899665552,0.0938023450586264,0.1270903010033444,0.7035903334617615,964,154
0.2659758203799655,0.1522491349480969,0.1848013816925734,0.7402840256690979,866,157
0.2399267399267399,0.1339449541284403,0.1611721611721611,0.7208506464958191,860,135
0.174383644016837,0.1059602649006622,0.1274804570054119,0.7351647019386292,1353,141
0.2616822429906542,0.156595744680851,0.1835174171622769,0.7168240547180176,900,162
0.3343343343343343,0.1705115346038114,0.2022022022022022,0.7235454320907593,714,176
0.1436893203883495,0.0622164614387556,0.0957928802588996,0.6597268581390381,1328,128
0.2960992907801418,0.172291296625222,0.2198581560283688,0.7416197657585144,847,159
0.2222222222222222,0.1192660550458715,0.13631156930126,0.6970013380050659,1419,194
0.2474418604651162,0.1062441752096924,0.1302325581395349,0.6975584626197815,860,145
0.2012847965738758,0.0815450643776824,0.1156316916488222,0.6796935200691223,727,89
0.2383512544802867,0.1059245960502693,0.1344086021505376,0.7156250476837158,855,135
0.3616636528028933,0.1847826086956522,0.2169981916817359,0.6750785112380981,813,206
0.2247838616714697,0.1135707410972088,0.1440922190201729,0.7107105851173401,829,128
0.196104768300873,0.1022192333557498,0.1262592343854936,0.7106600403785706,1221,162
0.2564491654021245,0.1246200607902735,0.1593323216995447,0.6939671635627747,1050,164
0.2459016393442623,0.1386861313868613,0.1766848816029143,0.7458396553993225,863,135
0.3431472081218275,0.1810783316378433,0.2416243654822335,0.6995595097541809,720,179
0.2438162544169611,0.1292035398230088,0.1749116607773851,0.7002403140068054,827,138
0.1570680628272251,0.0773263433813892,0.0942408376963351,0.6714348793029785,1297,133
0.2641509433962263,0.171017101710171,0.1761006289308176,0.7220040559768677,877,144
0.2244389027431421,0.13488759367194,0.1280133000831255,0.7041608095169067,982,135
0.2967032967032967,0.1431192660550458,0.1703296703296703,0.6702768206596375,846,144
0.2213114754098361,0.1149425287356321,0.140983606557377,0.703309953212738,1005,143
0.2413793103448276,0.109090909090909,0.161524500907441,0.6791167259216309,829,146
0.2957746478873239,0.1523272214386459,0.1816901408450704,0.685836911201477,1089,236
0.2055641421947449,0.0804953560371517,0.106646058732612,0.7046987414360046,1060,137
0.1809045226130653,0.0822147651006711,0.100502512562814,0.6955081820487976,959,120
0.2066276803118908,0.0859375,0.1189083820662768,0.7125962972640991,826,113
0.2484848484848484,0.1113360323886639,0.1616161616161616,0.6817821264266968,785,130
0.249554367201426,0.1196428571428571,0.1336898395721925,0.689985990524292,890,143
0.3085299455535389,0.1854545454545454,0.2177858439201452,0.6797506809234619,819,176
0.1507009345794392,0.0760233918128654,0.1016355140186915,0.6991507411003113,1351,125
0.2286482851378614,0.1063973063973064,0.1466039004707464,0.6489782929420471,1143,172
0.3092573753814853,0.1753312945973496,0.2258392675483214,0.684940755367279,719,151
0.3339253996447602,0.1725978647686832,0.241563055062167,0.6941408514976501,850,184
0.2534562211981567,0.1276923076923077,0.1566820276497696,0.7040325999259949,1020,164
0.2258726899383983,0.1111111111111111,0.1540041067761807,0.7021887302398682,767,121
0.1973766396002498,0.1138211382113821,0.1036851967520299,0.7191721200942993,1316,154
0.2046511627906976,0.1118359739049394,0.1190697674418604,0.7203693985939026,859,114
0.2086843810758263,0.1012329656067488,0.1218405703175632,0.6807494163513184,1239,167
0.2348336594911937,0.1274509803921568,0.1409001956947162,0.722671627998352,778,120
0.200956937799043,0.1245722108145106,0.1353383458646616,0.7509787082672119,1194,150
0.2484795829713292,0.1583986074847693,0.1859252823631624,0.7472904324531555,901,138
0.2064056939501779,0.0837789661319073,0.1156583629893238,0.6868278384208679,918,128
0.2561837455830388,0.1805309734513274,0.1731448763250883,0.7557551264762878,890,137
0.2404580152671755,0.1453154875717017,0.1354961832061068,0.7030805945396423,812,122
0.2207977207977208,0.1241084165477889,0.1652421652421652,0.7081418037414551,1114,168
0.3204747774480712,0.176412289395441,0.1839762611275964,0.6930531859397888,746,160
0.2388451443569553,0.1432325886990801,0.1601049868766404,0.716541051864624,1203,185
0.3072870939420544,0.1759014951627089,0.2036874451273047,0.7327370047569275,879,172
0.2362362362362362,0.0962888665997994,0.1421421421421421,0.67343670129776,770,146
0.2662835249042146,0.1151631477927063,0.160919540229885,0.67247074842453,818,145
0.1839213418160786,0.0984365952518818,0.1110468478889531,0.6981213688850403,1405,169
0.2584615384615384,0.1336073997944501,0.1538461538461538,0.7055839896202087,755,143
0.2524461839530332,0.1431372549019608,0.1585127201565557,0.7146201133728027,781,138
0.3734290843806104,0.3183453237410071,0.3213644524236984,0.7921199798583984,801,192
0.2913117546848382,0.1450511945392491,0.1925042589437819,0.717619776725769,882,183
0.1753086419753086,0.0803461063040791,0.1222222222222222,0.6980904340744019,1359,149
0.271062271062271,0.0880733944954128,0.152014652014652,0.6898735761642456,825,159
0.2414928649835345,0.0902090209020902,0.1229418221734357,0.6827403903007507,730,129
0.2137404580152671,0.141036533559898,0.1577608142493639,0.722732424736023,929,105
0.3000898472596585,0.1422142214221422,0.1958670260557053,0.6924537420272827,821,178
0.1835811247575953,0.1048543689320388,0.140917905623788,0.6975760459899902,1292,152
0.171238570241064,0.0965861781848459,0.1296758104738154,0.6639168858528137,1009,107
0.2679788039364118,0.1713419257012888,0.1695685087055261,0.7359346151351929,1006,175
0.2465078060805259,0.139917695473251,0.1446179129005751,0.7051096558570862,948,153
0.1811989100817438,0.0723055934515689,0.0994550408719346,0.6665065884590149,1232,145
0.2340425531914893,0.137844611528822,0.1426783479349186,0.6905673146247864,1259,174
0.2466442953020134,0.0941176470588235,0.1258389261744966,0.7089166641235352,952,167
0.1981818181818181,0.0710382513661202,0.1163636363636363,0.6717701554298401,883,137
0.2574430823117338,0.1175438596491228,0.1471103327495621,0.7102811932563782,893,165
0.2451512800620636,0.1351981351981352,0.1644685802948021,0.684978187084198,1003,157
0.2970671712393566,0.1630331753554502,0.1721854304635761,0.7310830950737,790,157
0.1904080171796707,0.086021505376344,0.1202576950608446,0.6732887029647827,1170,149
0.1786561264822134,0.0997624703087886,0.1075098814229249,0.7051113247871399,1055,119
0.3215898825654922,0.204524886877828,0.2402890695573622,0.7075759768486023,838,181
0.268733850129199,0.1259706643658326,0.1843238587424634,0.7116806507110596,885,157
0.2941903584672435,0.1757425742574257,0.1841779975278121,0.7271739840507507,1251,238
0.1466227347611202,0.0808580858085808,0.0790774299835255,0.689476728439331,1053,91
0.1809128630705394,0.0947630922693266,0.1195020746887967,0.7010465860366821,981,121
0.4716805942432683,0.3683720930232558,0.3862581244196843,0.7538809776306152,742,243
0.2613458528951486,0.1379310344827586,0.1752738654147105,0.7105039954185486,988,168
0.2435362802335279,0.1219715956558061,0.1551292743953294,0.6993744373321533,956,152
0.2252922422954304,0.121405750798722,0.1594048884165781,0.7170708775520325,750,103
0.2465753424657534,0.1457975986277873,0.172945205479452,0.7339368462562561,931,153
0.1904761904761904,0.0987447698744769,0.1420217209690894,0.6720672249794006,1003,121
0.1839708561020036,0.1222627737226277,0.1111111111111111,0.7559943795204163,895,95
0.2833787465940054,0.2056414922656961,0.2434150772025431,0.7533829212188721,865,151
0.2184873949579831,0.0863712843522153,0.1142857142857142,0.6737595200538635,1468,192
0.2087099424815119,0.1300411522633744,0.1298274445357436,0.764089822769165,981,128
0.2615384615384615,0.1541425818882466,0.1884615384615384,0.7532670497894287,814,139
0.198019801980198,0.1370604147880973,0.117011701170117,0.7141626477241516,914,107
0.2540322580645161,0.1212121212121212,0.1330645161290322,0.7150418758392334,777,143
0.2306201550387596,0.0912621359223301,0.12984496124031,0.6817290186882019,806,135
0.1816707218167072,0.0812347684809098,0.1151662611516626,0.6783848404884338,1020,120
0.3008849557522123,0.1399014778325123,0.1769911504424778,0.6882675290107727,791,156
0.1926053310404127,0.1309216192937123,0.1530524505588994,0.7027355432510376,970,108
0.2627118644067797,0.1137521222410865,0.1423728813559322,0.691170871257782,916,163
0.2857142857142857,0.1611492816989381,0.1859014348097317,0.712051510810852,1265,233
0.2301216089803554,0.0993439550140581,0.1253507951356408,0.6884598731994629,895,136
0.2404809619238476,0.1364548494983277,0.1496325985303941,0.7169064879417419,1167,172
0.1736170212765957,0.0937766410912191,0.1123404255319149,0.6780398488044739,952,103
0.2388289676425269,0.1188271604938271,0.1325115562403698,0.71322101354599,1054,172
0.4056525353283458,0.2597835137385511,0.2643391521197007,0.7048724293708801,844,246
0.2052785923753665,0.1395007342143906,0.1730205278592375,0.7309165596961975,1113,128
0.1578947368421052,0.0922570016474464,0.09375,0.6897360682487488,951,91
0.2928176795580111,0.1900369003690037,0.2117863720073665,0.7252790331840515,796,158
0.187090739008419,0.0562324273664479,0.1066417212347988,0.6775749921798706,853,114
0.2634508348794063,0.0985130111524163,0.137291280148423,0.6953330636024475,828,167
0.2010997643362136,0.088119590873328,0.1162608012568735,0.6944544315338135,1028,134
0.2807308970099668,0.1747088186356073,0.2109634551495016,0.7747955918312073,930,166
0.1379310344827586,0.0676795580110497,0.0951724137931034,0.6906362175941467,1204,104
0.3218390804597701,0.1753764393268379,0.2139699381078691,0.7401259541511536,844,177
0.3031640912435614,0.1739130434782608,0.2060338484179543,0.7168009281158447,1048,213
0.3397548161120841,0.1964912280701754,0.2259194395796847,0.7333933115005493,843,187
0.285472972972973,0.1692047377326565,0.2027027027027027,0.7361525893211365,872,178
0.3115207373271889,0.1698984302862419,0.1898617511520737,0.7067010402679443,813,173
0.3432715551974215,0.2130750605326876,0.2385173247381144,0.7090999484062195,892,200
0.2187499999999999,0.1130434782608695,0.1371527777777777,0.7124505043029785,919,126
0.2263374485596708,0.1381443298969072,0.1728395061728395,0.6736733317375183,777,128
0.2454935622317596,0.1358555460017196,0.1785407725321888,0.718051016330719,911,137
0.2550091074681238,0.1368613138686131,0.1821493624772313,0.6749277114868164,840,141
0.3168940188877229,0.1850683491062039,0.2224554039874082,0.682780385017395,715,155
0.2566191446028513,0.1653061224489795,0.185336048879837,0.7264671921730042,729,124
0.1484662576687116,0.0823095823095823,0.1006134969325153,0.6714027523994446,1340,134
0.2215568862275449,0.116,0.1417165668662674,0.6937471628189087,822,121
0.1574468085106382,0.096590909090909,0.1148936170212766,0.680816650390625,1161,105
0.2694775435380385,0.1542699724517906,0.1649862511457378,0.7195801138877869,794,141
0.2390497401633259,0.1293680297397769,0.1588715664439495,0.7188839316368103,1116,173
0.2508759635599158,0.1333333333333333,0.1471618780658724,0.7134743928909302,1164,195
0.3395522388059701,0.1850467289719626,0.1847014925373134,0.7152436971664429,797,185
0.3121951219512194,0.1642228739002932,0.1951219512195122,0.7142300009727478,761,155
0.2963473466574776,0.1518288474810214,0.2012405237767057,0.7180114984512329,1095,233
0.2361546499477534,0.1298429319371727,0.154649947753396,0.7292301654815674,757,115
0.360078277886497,0.2156862745098039,0.2524461839530332,0.701602041721344,758,187
0.2395209580838323,0.102,0.1337325349301397,0.6975259184837341,780,125
0.2612163509471585,0.1498501498501498,0.1694915254237288,0.7085230350494385,776,134
0.2469927826784282,0.1156626506024096,0.1619887730553328,0.6950820684432983,1010,159
0.2405832320777642,0.1240875912408759,0.1543134872417983,0.7107576131820679,1281,186
0.3678977272727273,0.2489331436699857,0.2826704545454545,0.7430731058120728,1037,252
0.258252427184466,0.1420233463035019,0.1902912621359223,0.675696849822998,792,146
0.2828828828828829,0.1335740072202166,0.1873873873873873,0.6990905404090881,837,156
0.2308457711442786,0.1216350947158524,0.145273631840796,0.711483895778656,804,128
0.2408702408702409,0.1400778210116731,0.1507381507381507,0.7423389554023743,1000,150
0.3179142136248948,0.2038753159224937,0.2102607232968881,0.740677535533905,839,181
0.2753195673549656,0.1458128078817734,0.1710914454277286,0.7266542315483093,772,155
0.2711538461538461,0.1290944123314065,0.1423076923076922,0.7162436246871948,787,145
0.3481836874571624,0.2621825669183253,0.3029472241261138,0.7729735374450684,988,231
0.3009972801450589,0.1925522252497729,0.2212148685403445,0.7263480424880981,785,153
0.3164918970448045,0.1967526265520534,0.213536701620591,0.7227762341499329,747,152
0.2971428571428571,0.2224039247751431,0.2351020408163265,0.7638499736785889,886,147
0.3533906399235912,0.2086124401913875,0.2559694364851957,0.7168341875076294,766,190
0.3388189738625363,0.2017458777885548,0.2342691190706679,0.732138991355896,766,182
0.2407407407407407,0.1465677179962894,0.1314814814814814,0.7342274785041809,832,135
0.1780943900267141,0.0660124888492417,0.0926090828138913,0.6747389435768127,925,107
0.1932443047918303,0.092840283241542,0.1398271798900235,0.7223230600357056,1001,110
0.2205128205128205,0.1523972602739726,0.1316239316239316,0.7158718705177307,901,122
0.2466960352422907,0.1200353045013239,0.13215859030837,0.7080373167991638,872,157
0.289090909090909,0.1384335154826958,0.1672727272727272,0.6876437067985535,852,170
0.3435047951176983,0.2270742358078602,0.2197035745422842,0.7391176819801331,818,183
0.3016983016983017,0.1221221221221221,0.1458541458541458,0.6862576603889465,770,169
0.2404092071611253,0.1110162254483347,0.1125319693094629,0.6981057524681091,935,155
0.2230483271375464,0.100558659217877,0.1449814126394052,0.6920150518417358,886,130
0.1939014855355746,0.0892717306186374,0.1282251759186864,0.7017313838005066,1030,137
0.2146507666098807,0.1228668941979522,0.131175468483816,0.7126747965812683,909,122
0.3199300699300699,0.1751313485113835,0.208041958041958,0.7233791351318359,861,189
0.1810344827586207,0.1035758323057953,0.1194581280788177,0.7223312854766846,1332,167
0.2036238136324417,0.0985306828003457,0.1190681622088006,0.7035989761352539,953,129
0.2164674634794157,0.125,0.1208499335989376,0.7134654521942139,1148,149
0.3733133433283357,0.2237237237237237,0.2623688155922039,0.7433886528015137,954,246
0.2440737489025461,0.1020228671943711,0.1439859525899912,0.6876040697097778,920,152
0.2155038759689922,0.1506211180124223,0.1565891472868217,0.7492323517799377,1045,132
0.3693693693693693,0.2148014440433213,0.2486486486486486,0.69852215051651,788,202
0.3591979075850043,0.193886462882096,0.1813426329555361,0.7357641458511353,829,206
0.2615803814713897,0.1164695177434031,0.1598546775658492,0.7202370762825012,866,147
0.3096646942800789,0.1699604743083003,0.2327416173570019,0.7003172636032104,756,153
0.2602291325695581,0.1704918032786885,0.188216039279869,0.7442728281021118,961,159
0.2076124567474048,0.1126516464471404,0.1418685121107266,0.6613261699676514,973,128
0.2572283150548354,0.0879120879120879,0.1335992023928215,0.6785348057746887,787,134
0.2224247948951686,0.1004566210045662,0.129443938012762,0.7100045084953308,889,147
0.2200873362445414,0.0962379702537182,0.1397379912663755,0.6620383858680725,938,147
0.2736660929432014,0.1551724137931034,0.1583476764199655,0.7186244130134583,909,160
0.2673469387755102,0.1370143149284253,0.1448979591836734,0.6963139772415161,744,130
0.2981366459627329,0.1576763485477178,0.1904761904761904,0.7161699533462524,719,147
0.2126729788783685,0.1035740335521517,0.1238164603058994,0.7087969183921814,1120,161
0.2426470588235294,0.1178637200736648,0.1360294117647059,0.7192509174346924,852,130
0.2178606476938174,0.119960668633235,0.1432777232580961,0.6849596500396729,816,114
0.2052091554853986,0.11699604743083,0.1310181531176006,0.7461224794387817,1038,129
0.1972049689440994,0.1213063763608087,0.1304347826086956,0.7473700642585754,1056,117
0.2932551319648093,0.178256611165524,0.2072336265884653,0.7462899684906006,795,153
0.3959390862944162,0.3033898305084745,0.338409475465313,0.7582507729530334,851,224
0.2269592476489028,0.1255492780916509,0.1579937304075235,0.7280587553977966,1273,171
0.2708520179372197,0.1725067385444744,0.1775784753363228,0.7011642456054688,863,161
0.2250489236790606,0.0627450980392156,0.1056751467710371,0.6767289638519287,818,134
0.2233820459290188,0.100418410041841,0.1461377870563674,0.69788658618927,794,122
0.2425531914893616,0.0874200426439232,0.1425531914893616,0.6682525873184204,720,136
0.2382671480144404,0.0723327305605786,0.1353790613718411,0.6897331476211548,828,163
0.2729970326409495,0.1110009910802775,0.162215628090999,0.6851467490196228,792,162
0.2619769557307459,0.1250758955676988,0.1588841722255912,0.6923510432243347,1310,226
0.2578740157480315,0.0966469428007889,0.1476377952755905,0.6830522418022156,768,156
0.3357933579335793,0.1626617375231054,0.2232472324723247,0.7090619206428528,812,191
0.273105745212323,0.1668056713928273,0.1848459616985845,0.696847140789032,972,168
0.2299999999999999,0.0781563126252505,0.124,0.6766212582588196,806,139
0.2355212355212355,0.0986460348162475,0.1274131274131274,0.7232308387756348,835,135
0.2262996941896024,0.1393568147013782,0.1391437308868501,0.7331238389015198,1037,140
0.2206095791001451,0.1104651162790697,0.1335268505079825,0.6898049116134644,1102,159
0.2649006622516557,0.1592039800995024,0.1903973509933774,0.736338198184967,938,157
0.2115384615384615,0.1078998073217726,0.1173076923076923,0.7123993635177612,816,111
0.303972366148532,0.1799307958477509,0.2072538860103626,0.7432445883750916,817,157
0.2776349614395886,0.1665236051502146,0.1799485861182519,0.7449600100517273,853,159
0.3382480485689505,0.2397914856646394,0.2445793581960103,0.7542265057563782,854,187
0.2152542372881356,0.1120543293718166,0.1203389830508474,0.7107410430908203,934,127
0.2952029520295203,0.1682070240295748,0.1955719557195571,0.7092124223709106,808,165
0.3301526717557252,0.1969407265774378,0.2041984732824427,0.75054532289505,781,167
0.2103746397694524,0.1341991341991341,0.1570605187319884,0.7227599024772644,1121,147
0.2594681708299758,0.1872477804681194,0.2191780821917808,0.7375412583351135,937,148
0.2231204527081648,0.1246963562753036,0.1487469684721099,0.7273518443107605,1011,143
0.3246753246753247,0.191449814126394,0.2263450834879406,0.7369415760040283,803,168
0.2589928057553956,0.1400617919670443,0.1706063720452209,0.7584127187728882,769,131
0.2337042925278219,0.1385350318471337,0.1589825119236884,0.7075872421264648,1019,157
0.2118863049095607,0.1121656600517687,0.136089577950043,0.7365656495094299,942,131
0.302928870292887,0.1994970662196144,0.2175732217573221,0.7583174109458923,932,172
0.4338521400778209,0.2826510721247564,0.2898832684824903,0.7427473664283752,712,221
0.2261538461538461,0.1093990755007704,0.1276923076923077,0.7164543867111206,985,157
0.305699481865285,0.1678200692041522,0.2089810017271157,0.6969810724258423,850,177
0.2101740294511379,0.131367292225201,0.1258366800535475,0.7024382948875427,1199,152
0.2547235829251225,0.1527680448493342,0.1889433170048985,0.7070795893669128,1141,179
0.2065217391304347,0.1181959564541213,0.1490683229813664,0.7244758605957031,1041,132
0.2917082917082917,0.1501501501501501,0.1918081918081918,0.7071249485015869,786,139
0.2083936324167872,0.0956521739130434,0.1215629522431259,0.6890718936920166,1113,144
0.3297297297297298,0.1606498194945848,0.1945945945945946,0.692785382270813,768,191
0.255597014925373,0.1364485981308411,0.169776119402985,0.7177805304527283,848,144
0.2497308934337997,0.1272923408845739,0.1851453175457481,0.6980631351470947,754,132
0.2977941176470588,0.1233885819521178,0.1875,0.6712074875831604,865,182
0.2072434607645875,0.0745967741935483,0.1146881287726358,0.6986116766929626,817,118
0.1951219512195122,0.079940784603997,0.1330376940133038,0.6771723031997681,1147,157
0.2101910828025477,0.1435406698564593,0.1305732484076433,0.7683279514312744,1006,121
0.241897233201581,0.1045130641330166,0.1454545454545454,0.7153618335723877,981,165
0.3202846975088968,0.2174688057040998,0.195729537366548,0.7360782027244568,832,180
0.2576064908722109,0.1382113821138211,0.1643002028397566,0.7289798855781555,760,132
0.3140495867768595,0.175983436853002,0.2004132231404958,0.7233700156211853,735,150
0.2313787638668779,0.1412698412698412,0.1458003169572107,0.7400985956192017,976,140
0.1530272787757817,0.0639573617588274,0.0984697272122421,0.715916633605957,1244,124
0.2272727272727272,0.1129326047358834,0.1581818181818181,0.683133065700531,872,131
0.2082616179001721,0.1120689655172413,0.1239242685025817,0.7087172865867615,956,123
0.2335115864527629,0.1267857142857142,0.1301247771836007,0.6878334879875183,903,123
0.1436925647451963,0.0502092050209205,0.0985797827903091,0.6682507991790771,1036,100
0.2315175097276264,0.1325536062378167,0.1575875486381323,0.6896175146102905,828,120
0.2023121387283236,0.1023166023166023,0.1368015414258189,0.6718047857284546,810,114
0.1827560795873249,0.0929889298892989,0.1134856300663227,0.7139778733253479,1081,122
0.2921810699588477,0.2020618556701031,0.2366255144032922,0.7503479719161987,728,129
0.242051282051282,0.1068859198355601,0.123076923076923,0.6975371241569519,751,133
0.2547425474254742,0.1538461538461538,0.1644083107497742,0.7120151519775391,852,147
0.2754158964879852,0.1703703703703703,0.1737523105360443,0.7277674674987793,807,139
0.4172932330827067,0.2956685499058381,0.3627819548872181,0.7591265439987183,756,211
0.2193158953722334,0.1169354838709677,0.1468812877263581,0.7223109006881714,761,121
0.3042198233562316,0.1533923303834808,0.1923454367026496,0.7032925486564636,757,152
0.15508412582297,0.0776556776556776,0.105340160936357,0.6969301700592041,1094,115
0.2160278745644599,0.1343804537521815,0.132404181184669,0.7552816867828369,947,119
0.1808176100628931,0.0992125984251968,0.1242138364779874,0.7098506689071655,1025,117
0.322992700729927,0.2029250457038391,0.2226277372262773,0.7201139330863953,784,176
0.3011152416356877,0.1936685288640595,0.1802973977695167,0.7110623121261597,804,156
0.3258536585365854,0.1876832844574779,0.2165853658536585,0.7314513325691223,750,183
0.1655716162943495,0.0736842105263157,0.1090670170827858,0.6565347909927368,1286,144
0.2883064516129032,0.1353535353535353,0.1612903225806451,0.7156547904014587,777,149
0.1650045330915684,0.0526793823796548,0.0924750679963735,0.6523236632347107,919,97
0.1560468140442132,0.0794270833333333,0.1027308192457737,0.6842817068099976,1247,121
0.1473684210526316,0.0551500405515004,0.0923076923076923,0.6641086935997009,1026,106
0.3639575971731449,0.2123893805309734,0.2632508833922262,0.7248339653015137,791,192
0.1781659388646288,0.0769903762029746,0.0978165938864628,0.6795144081115723,955,112
0.3756521739130434,0.2491289198606271,0.297391304347826,0.7479341626167297,830,212
0.2621035058430718,0.1622073578595317,0.1268781302170283,0.7258379459381104,931,165
0.2720694645441389,0.1420289855072463,0.1606367583212735,0.7078676819801331,1100,189
0.2577854671280277,0.1906412478336221,0.1833910034602076,0.7351465821266174,891,137
0.1985815602836879,0.1337278106508875,0.1312056737588652,0.6988452672958374,1366,161
0.189419795221843,0.105982905982906,0.1040955631399317,0.7243443131446838,955,111
0.2413087934560327,0.1598360655737705,0.1595092024539877,0.7418373823165894,761,111
0.2831379621280432,0.1607949412827461,0.169522091974752,0.718651533126831,827,159
0.1793416572077185,0.1045454545454545,0.1271282633371169,0.6979888677597046,1472,154
0.2459349593495935,0.164969450101833,0.1707317073170731,0.7517396211624146,782,111
0.2341137123745819,0.1105527638190954,0.1521739130434782,0.6851943135261536,955,145
0.2914923291492329,0.1494413407821229,0.1952580195258019,0.6992238163948059,1096,208
0.2883379247015611,0.1324747010119595,0.1652892561983471,0.6837221384048462,840,174
0.3302180685358255,0.1602497398543184,0.2201453790238837,0.6862351298332214,685,163
0.1722345953971789,0.0907063197026022,0.1039346696362286,0.6922388672828674,1140,123
0.2307692307692307,0.1299093655589123,0.1628959276018099,0.6520086526870728,1079,145
0.245696400625978,0.0971786833855799,0.1251956181533646,0.6924591064453125,1009,167
0.2482142857142857,0.1431127012522361,0.1482142857142857,0.7071661949157715,844,131
0.2527363184079602,0.0917248255234297,0.1512437810945273,0.6929587125778198,799,149
0.2412818096135721,0.109537299338999,0.1470311027332705,0.6654785871505737,808,118
0.2332326283987915,0.1548699334543254,0.1667673716012084,0.7425589561462402,1377,187
0.2145033516148689,0.1293471629042099,0.1438147471054235,0.7112247347831726,1358,182
0.2410958904109589,0.1220850480109739,0.1547945205479452,0.691670298576355,1145,189
0.3890532544378698,0.2192592592592592,0.2736686390532544,0.7135574817657471,992,257
0.229940119760479,0.1103117505995203,0.1293413173652694,0.6691731810569763,1338,196
0.2560975609756097,0.1404580152671755,0.1707317073170731,0.6939454078674316,989,168
0.2937198067632851,0.1897386253630203,0.1816425120772947,0.7462968230247498,774,140
0.2045454545454545,0.1244309559939302,0.1227272727272727,0.7216945886611938,1100,141
0.1973180076628352,0.0652591170825336,0.10727969348659,0.6932650208473206,854,117
0.3751937984496123,0.2422360248447204,0.2775193798449612,0.7348553538322449,952,236
0.2776801405975395,0.1848591549295774,0.2144112478031634,0.7195308208465576,887,155
0.3792517006802721,0.2674616695059625,0.2976190476190476,0.7321593761444092,850,219
0.3162705667276051,0.1721611721611721,0.1919561243144424,0.7162066102027893,832,181
0.3156966490299823,0.1996466431095406,0.218694885361552,0.7708294987678528,844,181
0.137620578778135,0.0682549903412749,0.0887459807073954,0.6693457961082458,1338,116
0.2704837117472852,0.1384767556874381,0.1638696939782823,0.6724424362182617,795,135
0.2010869565217391,0.1034482758620689,0.1249999999999999,0.7118983864784241,911,124
0.155367231638418,0.0707213578500707,0.0847457627118644,0.6649282574653625,1185,122
0.2512171372930866,0.1307317073170731,0.1635832521908471,0.6997656226158142,823,132
0.1954976303317535,0.0782918149466192,0.1220379146919431,0.6442674398422241,1367,191
0.1866251944012441,0.0778816199376947,0.1181959564541213,0.7120839953422546,1048,133
0.2125775022143489,0.118899733806566,0.1346324180690877,0.7003449201583862,913,121
0.2607879924953095,0.1578947368421052,0.1857410881801125,0.6881459355354309,839,136
0.1915641476274165,0.0739436619718309,0.1195079086115993,0.6694941520690918,962,132
0.2284011916583912,0.0875621890547263,0.1191658391261171,0.6706526279449463,792,132
0.1642399534071054,0.0618075801749271,0.0896913220733838,0.6453322172164917,1448,151
0.2351778656126482,0.0811881188118811,0.1225296442687747,0.6812532544136047,792,136
0.2358674463937621,0.115234375,0.1500974658869395,0.7149274349212646,802,119
0.2073529411764706,0.1001472754050073,0.1308823529411764,0.7006047964096069,1101,139
0.1844559585492227,0.0934579439252336,0.1036269430051813,0.7248592376708984,806,94
0.2858934169278996,0.1318267419962335,0.1592476489028213,0.7077964544296265,1256,235
0.2468513853904282,0.1093355761143818,0.1511335012594458,0.6950424313545227,926,159
0.2663358147229114,0.1557580778790389,0.2001654259718776,0.7296648025512695,952,158
0.2955465587044534,0.2170385395537525,0.2186234817813765,0.758820116519928,767,134
0.1944954128440367,0.0845588235294117,0.1211009174311926,0.6773095726966858,879,113
0.2099737532808399,0.1034180543382997,0.1399825021872266,0.6940768361091614,923,129
0.1693548387096774,0.0707070707070707,0.1068548387096774,0.6665264964103699,834,103
0.3021032504780114,0.1168582375478927,0.1434034416826003,0.6945591568946838,805,167
0.2776203966005665,0.1362346263008514,0.1737488196411709,0.7226535081863403,841,150
0.3051519154557463,0.2129629629629629,0.2602377807133421,0.7581374049186707,1148,218
0.2432432432432432,0.1392649903288201,0.1525096525096525,0.7095707058906555,818,134
0.1732484076433121,0.0803571428571428,0.0929936305732484,0.709875762462616,1257,135
0.3007209062821833,0.1878224974200206,0.2409886714727085,0.7460001707077026,738,155
0.2368240930869267,0.1494174091843728,0.1560574948665297,0.7139246463775635,1169,166
0.2373540856031128,0.1013645224171539,0.1361867704280155,0.7140170931816101,820,130
0.3840520748576078,0.2363488182559087,0.2457282343368592,0.7244874238967896,829,212
0.2730923694779116,0.1207243460764587,0.178714859437751,0.686974287033081,781,151
0.237885462555066,0.1182700794351279,0.1515418502202643,0.6990147829055786,911,142
0.1998114985862394,0.1038715769593956,0.1413760603204523,0.6909109354019165,873,104
0.3478260869565218,0.2186165670367207,0.257459505541347,0.6777065396308899,889,197
0.2266435986159169,0.1230502599653379,0.1557093425605536,0.6340171098709106,916,140
0.1923583662714097,0.0976253298153034,0.1212121212121212,0.6998648643493652,1216,157
0.2470506592643997,0.1056289089645587,0.1401804302567661,0.667980432510376,1127,178
0.2253787878787878,0.0986717267552182,0.1287878787878787,0.6585521697998047,839,140
0.288354898336414,0.1222222222222222,0.1608133086876155,0.6834141612052917,839,170
0.2473012757605495,0.151425762045231,0.1452404317958783,0.7271690964698792,842,127
0.2887139107611549,0.1419807186678352,0.1679790026246719,0.6488231420516968,835,185
0.2355289421157684,0.094,0.1077844311377245,0.6940106749534607,803,141
0.2249297094657919,0.1164319248826291,0.1443298969072164,0.6787484288215637,854,133
0.3141891891891891,0.1928934010152284,0.1908783783783783,0.7222986221313477,848,186
0.232741617357002,0.1482213438735178,0.1715976331360947,0.715431272983551,802,120
0.2028218694885361,0.097173144876325,0.1216931216931217,0.6685858964920044,920,119
0.2295652173913043,0.1149825783972125,0.1599999999999999,0.6968182325363159,917,153
0.2292051756007393,0.1018518518518518,0.1460258780036968,0.7054859399795532,852,138
0.1714659685863874,0.0720838794233289,0.0903141361256544,0.6867197751998901,1289,147
0.1786833855799373,0.097331240188383,0.1206896551724137,0.70849609375,1080,124
0.2736220472440944,0.116370808678501,0.1574803149606299,0.7124201655387878,810,156
0.2916291629162916,0.1226330027051397,0.1746174617461746,0.6801687479019165,879,167
0.1490294301815904,0.0727272727272727,0.0939261114589856,0.7115798592567444,1377,125
0.1861908456167571,0.0979020979020979,0.1163692785104732,0.7119324207305908,1069,125
0.2824858757062147,0.1566037735849056,0.2071563088512241,0.7204907536506653,812,162
0.2716049382716049,0.1766784452296819,0.218694885361552,0.7393467426300049,824,140
0.2493461203138622,0.1048034934497816,0.1272885789014821,0.6739769577980042,882,145
0.2188961646398503,0.1293345829428303,0.1758652946679139,0.7064264416694641,848,126
0.2867513611615245,0.1581818181818181,0.190562613430127,0.7065080404281616,839,158
0.2285174693106704,0.1229895931882686,0.1435316336166194,0.6868061423301697,849,115
0.2876318312559923,0.1364073006724303,0.1936720997123681,0.6896472573280334,787,156
0.2846371347785109,0.1775259678942398,0.2073515551366635,0.7006428837776184,827,147
0.2444310656231186,0.1326100060277275,0.1589403973509933,0.7059359550476074,1347,204
0.2563729060451566,0.1502552881108679,0.2010196649672251,0.72607421875,1037,171
0.1484570475396163,0.0517961570593149,0.0750625521267723,0.6689906716346741,995,113
0.2241215574548908,0.0837297811607992,0.1101614434947768,0.6966625452041626,828,141
0.2812192723697148,0.1556650246305418,0.1533923303834808,0.7042989730834961,784,140
0.1871345029239766,0.1121338912133891,0.150375939849624,0.6958225965499878,922,114
0.2311827956989247,0.0897666068222621,0.1397849462365591,0.7024575471878052,902,142
0.2461122379986477,0.1557210561949898,0.1730899256254226,0.7353253960609436,1155,175
0.212874442319949,0.1225271218889598,0.1402166985340981,0.7301243543624878,1264,169
0.2125435540069686,0.0837696335078534,0.1289198606271777,0.68117755651474,945,130
0.3311258278145695,0.1956882255389718,0.2201986754966887,0.7310150861740112,895,192
0.2661448140900195,0.1411764705882353,0.1937377690802348,0.7229746580123901,776,126
0.2565400843881856,0.1555367709213863,0.1856540084388185,0.7437904477119446,918,147
0.2675276752767528,0.1386321626617375,0.1715867158671586,0.7193084955215454,828,155
0.306390977443609,0.1770244821092278,0.1917293233082706,0.7241811156272888,801,166
0.3940959409594097,0.2409460458240946,0.2774907749077491,0.7704213261604309,938,268
0.2334322453016815,0.1506442021803766,0.1186943620178041,0.7093811631202698,836,114
0.2368655387355298,0.1570026761819803,0.1816562778272484,0.7366974353790283,856,135
0.2309058614564831,0.0800711743772241,0.1367673179396092,0.7012491226196289,929,143
0.3720106288751107,0.2253771073646849,0.2533215234720992,0.7547395825386047,804,214
0.1837928153717627,0.0920502092050209,0.1303258145363408,0.7529219388961792,970,113
0.3197026022304833,0.1731843575418994,0.1895910780669144,0.7163706421852112,827,184
0.2077294685990338,0.1032258064516129,0.1352657004830917,0.7010117769241333,1006,140
0.2536764705882353,0.1049723756906077,0.1525735294117647,0.685629665851593,842,153
0.1865284974093264,0.1163032191069574,0.1430051813471502,0.6826847195625305,812,93
0.2131147540983606,0.0930656934306569,0.1147540983606557,0.6504002213478088,904,117
0.1734939759036144,0.077232502011263,0.1156626506024096,0.6856671571731567,1004,122
0.2952898550724637,0.176043557168784,0.2300724637681159,0.7196453809738159,853,177
0.1654357459379616,0.0769230769230769,0.0960118168389955,0.7013489007949829,1134,119
0.2025658338960162,0.1352265043948614,0.1323430114787306,0.7423149347305298,1173,158
0.2474226804123711,0.1403991741225051,0.1539518900343642,0.7115745544433594,1116,184
0.2387820512820512,0.1332263242375601,0.1522435897435897,0.7328153848648071,968,135
0.3075435203094777,0.1375968992248062,0.1760154738878143,0.6867769956588745,756,182
0.1984365604329524,0.1143889223359422,0.1190619362597714,0.6920754313468933,1356,159
0.1983594332587621,0.1359223300970873,0.1491424310216256,0.7382160425186157,1082,125
0.3054545454545454,0.1948998178506375,0.1890909090909091,0.728440523147583,822,160
0.2782608695652174,0.1374636979670861,0.1893719806763285,0.7104693651199341,791,155
0.2251759186864738,0.1519185591229443,0.1469898358092259,0.7138909697532654,1014,143
0.2003058103975535,0.1255742725880551,0.1192660550458715,0.6908140182495117,1086,133
0.217357310398749,0.1158966327329679,0.1548084440969507,0.6949611902236938,992,158
0.1701570680628272,0.0760157273918741,0.1007853403141361,0.7018985152244568,1281,148
0.4220338983050847,0.2699490662139219,0.3050847457627119,0.7232762575149536,793,231
0.2549019607843137,0.1464285714285714,0.1746880570409982,0.7393208742141724,844,144
0.22001982160555,0.1271102284011916,0.1228939544103072,0.7305128574371338,814,113
0.1827875095201828,0.083905415713196,0.1142421934501142,0.6848899126052856,1065,126
0.3157894736842105,0.185546875,0.2202729044834308,0.7319990992546082,750,158
0.3018534863195057,0.1927497789566755,0.1800529567519858,0.7339466214179993,862,164
0.3035542747358309,0.1867179980750722,0.1959654178674351,0.7207958102226257,797,163
0.2793296089385474,0.1305970149253731,0.1657355679702048,0.6805873513221741,806,158
0.3207207207207207,0.1768953068592057,0.2198198198198198,0.72021484375,837,172
0.239766081871345,0.1273792093704246,0.1608187134502924,0.7187299132347107,1088,164
0.2102376599634369,0.097069597069597,0.1188299817184643,0.6977583169937134,898,132
0.3024118738404452,0.1784386617100372,0.209647495361781,0.7524389028549194,817,146
0.2467532467532467,0.1468401486988847,0.1354359925788497,0.7328416109085083,826,142
0.2644135188866799,0.1553784860557769,0.198807157057654,0.7150955200195312,773,123
0.1679284239504473,0.0744314266023432,0.1211286992429456,0.6750509738922119,1227,136
0.2577132486388385,0.1545454545454545,0.1742286751361161,0.7214762568473816,883,158
0.2796610169491525,0.1125265392781316,0.1525423728813559,0.7220390439033508,732,140
0.2985074626865672,0.1850467289719626,0.2220149253731343,0.738595187664032,830,157
0.2228739002932551,0.1218795888399412,0.1378299120234604,0.7137044072151184,1109,150
0.2953125,0.1298904538341158,0.1859375,0.7133045792579651,958,221
0.2201834862385321,0.1348314606741573,0.1610601427115188,0.717058002948761,787,105
0.2948593598448109,0.1690962099125364,0.2230843840931134,0.6933925151824951,812,158
0.4976377952755906,0.2854889589905363,0.3291338582677164,0.7768120169639587,830,307
0.2914285714285713,0.1774809160305343,0.2057142857142857,0.6794446110725403,799,153
0.2740676496097138,0.1320590790616854,0.1734605377276669,0.6722985506057739,900,162
0.4104410441044104,0.205590622182146,0.2628262826282628,0.7045887112617493,787,239
0.2840800762631077,0.1470869149952244,0.1773117254528122,0.6981081962585449,792,150
0.2255506607929515,0.1518093556928508,0.1374449339207048,0.7171874046325684,912,129
0.2452173913043478,0.1114982578397212,0.1617391304347826,0.6759032607078552,900,153
0.3240506329113923,0.2349957734573119,0.2430379746835443,0.7328478097915649,886,182
0.1590720795360397,0.0813278008298755,0.1209610604805302,0.6746433973312378,968,106
0.3685741998060136,0.2371234207968902,0.2483026188166828,0.7499394416809082,754,177
0.2417244033872209,0.1511179645335389,0.1401077752117013,0.725276529788971,1029,148
0.1699544764795144,0.0744680851063829,0.1107738998482549,0.6940180659294128,1090,124
0.3999999999999999,0.2184006878761822,0.2437768240343347,0.7000729441642761,795,237
0.3003875968992248,0.1941747572815534,0.2054263565891472,0.7357075810432434,797,154
0.2317073170731707,0.1694656488549618,0.1722560975609756,0.7355013489723206,1034,139
0.2279888785912882,0.1151346332404828,0.1501390176088971,0.6929267644882202,858,128
0.3712686567164179,0.2523364485981308,0.2723880597014925,0.7570667862892151,770,192
0.2372881355932203,0.1164106709781729,0.1307506053268765,0.7079394459724426,970,146
0.3561872909698996,0.2127303182579564,0.2608695652173913,0.7551286816596985,890,210
0.2386831275720164,0.1175257731958763,0.139917695473251,0.7143158912658691,760,120
0.2519964507542147,0.1333333333333333,0.1650399290150843,0.7006277441978455,854,143
0.2659758203799655,0.1332179930795848,0.1709844559585492,0.6841293573379517,895,164
0.2668890742285238,0.1804511278195488,0.1934945788156797,0.7561280131340027,881,154
0.2776392352452203,0.1548709408825978,0.1845386533665835,0.7052480578422546,909,161
0.3380530973451328,0.1790780141843971,0.231858407079646,0.696038544178009,815,199
0.1409352978859705,0.0718409236690186,0.1037796284433055,0.7005402445793152,1352,112
0.2456461961503208,0.1157024793388429,0.1374885426214482,0.6845473051071167,880,145
0.2264529058116232,0.1345381526104417,0.1202404809619238,0.7268565893173218,781,100
0.1964097148891235,0.0677248677248677,0.1055966209081309,0.6752719283103943,771,107
0.2183020948180815,0.1193370165745856,0.1852260198456449,0.7271973490715027,705,101
0.1180285343709468,0.0532467532467532,0.0830090791180285,0.677355945110321,1295,102
0.2073778664007976,0.1158841158841158,0.1415752741774676,0.7071216106414795,785,108
0.2399314481576692,0.1012875536480686,0.1371036846615252,0.701430082321167,915,149
0.2602996254681648,0.1557223264540337,0.1610486891385767,0.7203490734100342,825,132
0.4532188841201716,0.3164230438521066,0.3502145922746781,0.7530565857887268,811,252
0.25,0.1518026565464895,0.1628787878787879,0.715807318687439,827,125
0.2061855670103092,0.1015490533562822,0.1443298969072164,0.7180923223495483,973,134
0.2281746031746032,0.073558648111332,0.1031746031746031,0.6704947352409363,838,141
0.2992,0.2339743589743589,0.2448,0.7628688812255859,896,169
0.3272727272727273,0.2486144101346001,0.2703557312252965,0.7727459073066711,897,197
0.1441441441441441,0.0554123711340206,0.0836550836550836,0.6748971939086914,1322,127
0.2129436325678496,0.0794425087108013,0.1294363256784968,0.6530438661575317,1160,166
0.1436541143654114,0.0768156424581005,0.0864714086471408,0.6939112544059753,1222,110
0.1897233201581027,0.0949868073878627,0.1277997364953886,0.7155525088310242,1212,138
0.152431011826544,0.0894736842105263,0.0985545335085413,0.7248942852020264,1250,103
0.1738261738261738,0.076076076076076,0.1238761238761238,0.7067289352416992,820,99
0.1962077493816982,0.097440132122213,0.1286067600989282,0.7157206535339355,958,125
0.1556997219647822,0.085422469823584,0.1037998146431881,0.7076712250709534,893,81
0.1662551440329218,0.0610057708161582,0.0987654320987654,0.693743109703064,987,103
0.2301790281329923,0.1332194705380017,0.1534526854219948,0.7137266397476196,928,139
0.2183658712942878,0.1303403330919623,0.1402747650036153,0.705902636051178,1091,158
0.2196307094266277,0.1090555014605647,0.1341107871720116,0.7037898302078247,823,104
0.1382371591629676,0.0825396825396825,0.0963855421686746,0.7105211019515991,1240,114
0.2240437158469945,0.1258549931600547,0.1448087431693989,0.7273175120353699,1190,172
0.2418682235195996,0.1470342522974102,0.1834862385321101,0.7420867085456848,920,143
0.3115656963021243,0.1843971631205673,0.2171518489378442,0.7259392738342285,985,203
0.306435137895812,0.1699078812691914,0.2063329928498468,0.734516978263855,749,153
0.3528319405756731,0.2232558139534883,0.2674094707520891,0.7607619762420654,781,189
0.2198581560283688,0.1107954545454545,0.1404255319148936,0.7054526209831238,1095,157
0.2701030927835051,0.1714876033057851,0.2020618556701031,0.718693196773529,748,125
0.2593984962406015,0.1789077212806026,0.1748120300751879,0.7484975457191467,838,140
0.288946910356832,0.1569311246730601,0.1514360313315927,0.7039331197738647,859,158
0.3844797178130511,0.2243816254416961,0.271604938271605,0.7293029427528381,810,227
0.2210338680926916,0.1196428571428571,0.1158645276292335,0.706635057926178,874,138
0.1624007060900265,0.0689655172413793,0.0970873786407767,0.6734011769294739,957,104
0.3040723981900453,0.1722574796010879,0.2190045248868778,0.7366487979888916,811,173
0.2059058260175578,0.0943245403677058,0.1181165203511572,0.6745687127113342,1015,138
0.3114391143911439,0.1847745750184774,0.2125461254612546,0.735113263130188,1001,203
0.1954590325765054,0.1008902077151335,0.1184600197433366,0.6895691156387329,825,91
0.2808988764044943,0.1444652908067542,0.1779026217228464,0.6877603530883789,825,138
0.2286198137171888,0.0932994062765055,0.1185436071126164,0.6893448829650879,948,145
0.3345008756567426,0.1912280701754386,0.1996497373029772,0.7003331780433655,839,186
0.2150943396226415,0.1209829867674858,0.120754716981132,0.6989336013793945,835,113
0.1916932907348242,0.0896478121664887,0.1150159744408945,0.7289865612983704,761,91
0.2674139311449159,0.1443464314354451,0.1921537229783827,0.7213281393051147,953,173
0.3363309352517985,0.1729729729729729,0.2212230215827338,0.7132775783538818,815,204
0.2407407407407407,0.151468315301391,0.1512345679012345,0.6999351382255554,1007,154
0.2443729903536977,0.0966702470461869,0.1243301178992497,0.6827219724655151,739,131
0.1590330788804071,0.0675159235668789,0.0954198473282442,0.6873095035552979,1329,136
0.3123336291038154,0.2275555555555555,0.2307009760425909,0.7249345779418945,862,170
0.1682758620689655,0.085635359116022,0.1144827586206896,0.6658031344413757,1211,125
0.1981981981981981,0.0703971119133574,0.1261261261261261,0.6618354916572571,931,126
0.2424242424242424,0.130057803468208,0.1544011544011544,0.6988390684127808,1119,190
0.1925133689839572,0.0921757770632368,0.1368983957219251,0.6896169781684875,758,94
0.2282608695652174,0.110204081632653,0.1277173913043478,0.7148860096931458,1182,177
0.1963369963369963,0.0939104915627292,0.1054945054945055,0.7158625721931458,1105,128
0.2117117117117117,0.1007518796992481,0.1291291291291291,0.6885524392127991,1036,142
0.2407766990291262,0.0972762645914396,0.1475728155339805,0.6897923946380615,794,147
0.2378089512358049,0.1123745819397993,0.1482965931863727,0.6935214996337891,1148,182
0.1368653421633554,0.0751658069270449,0.0927152317880794,0.6643576622009277,1101,95
0.2351623740201567,0.1414141414141414,0.1455767077267637,0.6768332719802856,662,104
0.209731543624161,0.1058823529411764,0.1560402684563758,0.7146875262260437,943,122
0.3147605083088954,0.1958863858961802,0.2072336265884653,0.7434636354446411,770,164
0.1107491856677524,0.0587084148727984,0.0781758957654723,0.6883967518806458,1337,97
0.2788203753351206,0.1504028648164727,0.1769436997319035,0.7024678587913513,854,157
0.1947955390334572,0.0819061801935964,0.120446096654275,0.6961031556129456,1112,142
0.2001654259718776,0.1060480530240265,0.140612076095947,0.6704234480857849,983,119
0.2128935532233883,0.1216216216216216,0.136431784107946,0.710879385471344,1069,143
0.1904761904761905,0.0778967867575462,0.1166180758017492,0.6881136894226074,856,109
0.2555970149253732,0.1364485981308411,0.1847014925373134,0.7094464898109436,816,137
0.1869867340492735,0.0759013282732447,0.1061276058117498,0.6684951186180115,1279,160
0.2083720930232558,0.0913327120223671,0.1302325581395349,0.694687008857727,852,125
0.2759643916913947,0.1292719167904903,0.1869436201780415,0.7049357295036316,1035,186
0.1580645161290322,0.0533117932148626,0.0806451612903225,0.6386095881462097,1045,124
0.3180487804878049,0.2130987292277615,0.2107317073170731,0.7672053575515747,789,158
0.2599388379204893,0.119448698315467,0.1834862385321101,0.692855715751648,1036,190
0.1988636363636363,0.0721062618595825,0.1079545454545454,0.6633681654930115,826,126
0.3183568677792041,0.1786632390745501,0.2079589216944801,0.7013884782791138,1187,253
0.2857142857142857,0.2016201620162016,0.2084456424079065,0.7433726787567139,846,152
0.2138084632516703,0.1115241635687732,0.1158129175946548,0.7020039558410645,1100,148
0.2446982055464926,0.1454248366013072,0.1353996737357259,0.6974899172782898,945,145
0.1680440771349862,0.096551724137931,0.1115702479338842,0.6922550797462463,1173,131
0.1330049261083743,0.0739827373612823,0.0911330049261083,0.6726853847503662,1416,111
0.2378167641325536,0.111328125,0.138401559454191,0.6955080628395081,837,135
0.3123236124176858,0.1847313854853911,0.2031984948259642,0.7459139823913574,794,164
0.2570422535211267,0.1199294532627866,0.1725352112676056,0.7059502601623535,876,153
0.2082585278276481,0.0737410071942446,0.0915619389587073,0.6826561689376831,906,133
0.2851885924563018,0.1216589861751152,0.1637534498620055,0.7058276534080505,855,161
0.2047101449275362,0.0961887477313974,0.1394927536231884,0.6977543830871582,906,121
0.1646191646191646,0.1057810578105781,0.1031941031941031,0.7366999983787537,1411,133
0.155860349127182,0.0848938826466916,0.0922693266832917,0.7042710185050964,1384,136
0.2710363153232949,0.1632653061224489,0.2037201062887511,0.7317742705345154,853,145
0.1821138211382113,0.0700325732899022,0.1138211382113821,0.6925941109657288,1041,144
0.2288077188146106,0.1076604554865424,0.1157822191592005,0.7043401598930359,1215,186
0.2076707202993451,0.0862230552952202,0.1234798877455565,0.6599261164665222,888,122
0.2964352720450281,0.1334586466165413,0.1932457786116323,0.7023272514343262,818,168
0.2784140969162996,0.1341571050308914,0.1744493392070484,0.7129493951797485,913,174
0.2671232876712329,0.1269296740994854,0.1643835616438356,0.6776930689811707,944,168
0.2745098039215686,0.166510757717493,0.199813258636788,0.7127781510353088,836,152
0.2732919254658385,0.119751166407465,0.1444099378881987,0.7065948247909546,1006,183
0.3058608058608059,0.1798165137614679,0.2106227106227106,0.7425249218940735,836,172
0.3376383763837638,0.2051756007393715,0.2343173431734317,0.732610285282135,829,175
0.2097625329815303,0.1321003963011889,0.1451187335092348,0.7310160398483276,1190,151
0.1568904593639576,0.0962491153573956,0.1088339222614841,0.7254589200019836,1154,105
0.2887864823348694,0.2153846153846154,0.2242703533026113,0.719496488571167,1026,178
0.2418772563176895,0.0922242314647378,0.131768953068592,0.6987713575363159,892,138
0.2884784520668425,0.2132158590308369,0.2357080035180299,0.7755479216575623,826,146
0.2697814619442351,0.140377358490566,0.1567445365486059,0.6934818029403687,1012,188
0.1584342963653308,0.0578898225957049,0.0950605778191985,0.6535259485244751,904,105
0.1535714285714285,0.0846245530393325,0.1130952380952381,0.6794463992118835,1418,136
0.2452554744525547,0.1140350877192982,0.1284671532846715,0.7094006538391113,1083,181
0.2812755519215045,0.1605241605241605,0.1864268192968111,0.7099851965904236,917,180
0.3017408123791102,0.1976744186046511,0.1914893617021276,0.7400590181350708,727,129
0.2362934362934363,0.1376643464810518,0.1451737451737451,0.6654242277145386,1022,160
0.3076923076923077,0.1883268482490272,0.2237762237762237,0.7098268866539001,991,200
0.207639569049951,0.0981354268891069,0.1606268364348677,0.6798306703567505,832,119
0.1670673076923077,0.0673886883273164,0.0913461538461538,0.6681368947029114,1414,149
0.3147605083088954,0.1625857002938295,0.1759530791788856,0.6867262721061707,770,164
0.199821587867975,0.1018766756032171,0.0999107939339875,0.6632843613624573,922,115
0.2398489140698772,0.0832544938505203,0.1152030217186024,0.6559036374092102,843,153
0.2174358974358974,0.1294964028776978,0.16,0.6890825033187866,796,105
0.2593295382669197,0.1646611779607346,0.1568627450980392,0.7203906774520874,1245,185
0.2665066026410564,0.1778846153846154,0.1956782713085234,0.693580687046051,1261,204
0.1851132686084142,0.0959170447180816,0.1074433656957929,0.7152933478355408,1287,154
0.3186968838526912,0.1999999999999999,0.2053824362606232,0.6800037622451782,1071,229
0.3083969465648855,0.2308868501529052,0.2442748091603053,0.7531378269195557,971,177
0.3364140480591497,0.2277777777777778,0.2402957486136783,0.7757160663604736,795,163
0.3397849462365591,0.2239770279971284,0.2580645161290323,0.7599061131477356,1007,216
0.380327868852459,0.2586999343401182,0.2819672131147541,0.7811347246170044,1124,277
0.3623445825932504,0.2348754448398576,0.2522202486678508,0.7379086017608643,833,207
0.3238754325259516,0.2079002079002078,0.202076124567474,0.7158510684967041,1051,225
0.1880674448767834,0.1,0.1011673151750972,0.6775369048118591,1177,140
0.2220095693779904,0.1131351869606903,0.1282296650717703,0.6868540048599243,846,115
0.1994750656167979,0.0999123575810692,0.1382327209098862,0.707457423210144,890,128
0.1475029036004645,0.0627906976744186,0.0940766550522648,0.6474618911743164,1444,148
0.2395437262357414,0.0838095238095238,0.1463878326996197,0.6782946586608887,839,129
0.2470506592643997,0.1362056984016678,0.1596113809854268,0.6872973442077637,1148,187
0.234887737478411,0.102076124567474,0.1502590673575129,0.6781766414642334,897,152
0.1723862729449321,0.0591526778577138,0.1005586592178771,0.677897036075592,1064,110
0.2984189723320158,0.1168316831683168,0.1699604743083004,0.6845569014549255,768,178
0.1891304347826087,0.1045751633986928,0.1413043478260869,0.6883413791656494,725,97
0.296164139161463,0.1376228775692582,0.199821587867975,0.7146375179290771,859,195
0.1848574237954769,0.0866995073891625,0.127826941986234,0.7000142335891724,845,102
0.2102766798418972,0.121931908155186,0.1217391304347826,0.7151267528533936,1025,143
0.2781456953642384,0.1459715639810426,0.1684011352885525,0.706383228302002,807,152
0.249269717624148,0.1151219512195122,0.1207400194741966,0.6808724403381348,775,134
0.2846580406654344,0.1277777777777777,0.144177449168207,0.7084219455718994,855,158
0.2844272844272844,0.1185567010309278,0.148005148005148,0.6787633895874023,1202,240
0.2783505154639175,0.1549586776859504,0.2268041237113402,0.7124534249305725,741,144
0.1991279069767441,0.0727802037845706,0.1119186046511627,0.6843323111534119,1135,158
0.2962226640159045,0.1414342629482071,0.2007952286282306,0.720390796661377,777,157
0.3611383709519136,0.2438544739429695,0.2374877330716388,0.714289665222168,737,166
0.1828665568369027,0.0858085808580858,0.1103789126853377,0.6729731559753418,997,118
0.2220166512488436,0.0852641334569045,0.122109158186864,0.6757573485374451,837,132
0.2391904323827047,0.1069124423963133,0.139834406623735,0.7258844971656799,878,136
0.2230215827338129,0.1207207207207207,0.1618705035971223,0.6974266171455383,887,130
0.2218203737191079,0.1472540736270368,0.1446654611211573,0.7034718990325928,1333,171
0.2294072363356427,0.0894371626831148,0.1200923787528868,0.6520755887031555,1040,177
0.2052238805970149,0.1252336448598131,0.1380597014925373,0.7224660515785217,871,111
0.375886524822695,0.2664298401420959,0.2907801418439716,0.7491533756256104,819,198
0.2583333333333333,0.1210855949895616,0.15625,0.7064781785011292,718,134
0.2507403751233958,0.1266073194856578,0.1559723593287265,0.707908570766449,742,129
0.19079386257505,0.117568470273881,0.1200800533689126,0.7389620542526245,1215,139
0.2044728434504792,0.1241202815099168,0.131629392971246,0.6955662965774536,1278,158
0.2743614001892148,0.1251184834123223,0.1456953642384106,0.6888932585716248,797,157
0.3226433430515063,0.1304771178188899,0.1807580174927113,0.6894038319587708,776,173
0.2024820378837361,0.1098757357750163,0.1188765512736773,0.6880334615707397,1160,168
0.1636363636363636,0.0819423368740515,0.1075757575757575,0.6747656464576721,1080,104
0.2664233576642335,0.1188299817184643,0.1496350364963503,0.702594518661499,812,144
0.2537815126050419,0.1346801346801346,0.1495798319327731,0.7051218152046204,890,140
0.2885375494071146,0.1782178217821782,0.191699604743083,0.7209450006484985,786,147
0.2558558558558558,0.1425992779783393,0.1603603603603604,0.7333381175994873,875,147
0.2577181208053691,0.1330645161290322,0.159731543624161,0.7365983128547668,1175,187
0.330194601381042,0.1697045883092394,0.2360326428123038,0.7317892909049988,1112,311
0.3025540275049115,0.1692913385826771,0.1768172888015717,0.7041207551956177,759,160
0.1517158338350391,0.0880048221820373,0.0999397953040337,0.7072637677192688,1373,124
0.2473347547974414,0.1409252669039146,0.1691542288557214,0.7003962397575378,1085,168
0.2146031746031745,0.1144310235219326,0.1434920634920635,0.6954981684684753,1254,161
0.4177949709864603,0.249193027759845,0.291424887169568,0.7642145752906799,1118,309
0.3086312118570183,0.1729257641921397,0.2144725370531822,0.74287348985672,873,191
0.151371807000946,0.0834123222748815,0.1229895931882686,0.7268856763839722,880,91
0.2226148409893993,0.1292035398230088,0.1749116607773851,0.7532224059104919,907,128
0.1727791361043194,0.0848979591836734,0.1238793806030969,0.7234098315238953,1016,115
0.266046511627907,0.1547064305684995,0.1804651162790697,0.7382369041442871,840,144
0.2073813708260105,0.0915492957746478,0.1388400702987698,0.6784334182739258,850,128
0.2657992565055762,0.1284916201117318,0.1710037174721189,0.6963681578636169,850,149
0.2776255707762557,0.1610247026532479,0.1789954337899543,0.7192345857620239,796,148
0.3507805325987144,0.1950321987120515,0.2130394857667585,0.6991904377937317,786,180
0.2930056710775047,0.168560606060606,0.1795841209829868,0.7128127217292786,782,151
0.2633333333333333,0.1502504173622704,0.1733333333333333,0.7093226909637451,913,155
0.3147826086956521,0.1672473867595818,0.2034782608695652,0.6989210247993469,864,188
0.2537182852143482,0.1507449605609114,0.1749781277340332,0.717536211013794,880,153
0.2470449172576832,0.1621301775147929,0.1524822695035461,0.7372717261314392,1331,200
0.3066439522998296,0.2030716723549488,0.1976149914821124,0.7463878393173218,837,150
0.2839072382290935,0.1548205489092188,0.2037947997189037,0.6795661449432373,1100,208
0.252129471890971,0.083617747440273,0.1448040885860307,0.6755755543708801,901,165
0.2854640980735551,0.1701754385964912,0.1961471103327495,0.71760094165802,876,160
0.3268892794376098,0.1707746478873239,0.2038664323374341,0.7195464968681335,815,184
0.2321937321937322,0.1184022824536376,0.1353276353276353,0.683242917060852,1092,163
0.2494042891183479,0.1368337311058075,0.1667990468625893,0.7337909936904907,970,163
0.233712512926577,0.0891191709844559,0.1137538779731127,0.6874786615371704,749,137
0.2495667244367417,0.1163194444444444,0.1143847487001733,0.7109713554382324,898,152
0.2264728385615914,0.1302681992337165,0.1331293037490435,0.7149668335914612,1042,139
0.2028740490278951,0.0914479254868755,0.1234150464919695,0.705839991569519,961,122
0.1724793912492073,0.0736507936507936,0.102726696258719,0.6721122860908508,1338,148
0.1730103806228373,0.072790294627383,0.102076124567474,0.6785688996315002,968,116
0.3671668137687555,0.187444739168877,0.2241835834068843,0.7135692238807678,844,227
0.2150403977625854,0.1169881767268201,0.1504039776258545,0.7211126089096069,1298,162
0.2174556213017751,0.1229629629629629,0.113905325443787,0.7257236242294312,1092,147
0.2281219272369714,0.1064039408866995,0.1455260570304818,0.7032555937767029,783,123
0.2283464566929133,0.1246056782334384,0.1480314960629921,0.7245212197303772,1015,147
0.2696365767878077,0.1713615023474178,0.1477139507620164,0.7481340169906616,1304,215
0.3549295774647887,0.19379115710254,0.2178403755868544,0.7167710661888123,774,168
0.3252525252525252,0.1821862348178137,0.2181818181818181,0.7386695146560669,771,164
0.2906764168190128,0.1666666666666666,0.1919561243144424,0.7194265127182007,827,160
0.2214221422142214,0.1370604147880973,0.1674167416741674,0.7315614819526672,894,120
0.263063063063063,0.1425992779783393,0.1621621621621621,0.701885461807251,886,147
0.335414808206958,0.194816800714924,0.2319357716324709,0.7541349530220032,811,181
0.2376543209876543,0.1097372488408037,0.1574074074074073,0.6661224365234375,1033,153
0.2548837209302325,0.113699906803355,0.1469767441860465,0.6905699968338013,817,143
0.3675213675213675,0.2688356164383561,0.2803418803418803,0.7410631775856018,831,196
0.2231821454283657,0.1182408074981975,0.1195104391648668,0.7009184956550598,1105,148
0.2900505902192242,0.2027027027027027,0.2006745362563237,0.7340774536132812,917,155
0.2635944700460829,0.1532779316712834,0.1658986175115207,0.7437185645103455,847,143
0.2617152961980548,0.1629760850310009,0.1927497789566755,0.7339317202568054,872,136
0.2011935208866155,0.0922288642186165,0.1193520886615515,0.6887220144271851,978,126
0.2332506203473945,0.115527950310559,0.1426799007444168,0.7094827890396118,1289,194
0.2488809310653536,0.1112107623318385,0.1253357206803939,0.6984736919403076,895,145
0.2048698572628043,0.0790580319596299,0.107472712006717,0.6798247694969177,972,136
0.2641860465116279,0.0913327120223672,0.1395348837209302,0.670442521572113,836,184
0.2146077547339946,0.077687443541102,0.1280432822362489,0.6895480155944824,903,132
0.3064220183486238,0.1801470588235294,0.2146788990825688,0.7198883891105652,811,173
0.257761053621825,0.1866163996229972,0.2050799623706491,0.7439100742340088,837,133
0.2552342971086739,0.1418581418581418,0.1615154536390827,0.7243948578834534,718,121
0.2068328716528162,0.0999074930619796,0.1477377654662973,0.7307145595550537,877,117
0.2986175115207373,0.1809787626962142,0.2175115207373271,0.7459933757781982,827,154
0.3657230298393266,0.2252873563218391,0.2402448355011476,0.7313254475593567,970,243
0.3129548762736536,0.2011661807580174,0.2343522561863173,0.7273584604263306,1024,204
0.2555317630264097,0.1429592566118656,0.1470378301213419,0.6887037754058838,1032,188
0.2265193370165746,0.1236162361623616,0.141804788213628,0.7215922474861145,846,130
0.2367713004484304,0.132973944294699,0.1632286995515695,0.7004556655883789,865,125
0.2198731501057082,0.1213832039520112,0.1437632135306553,0.7279725670814514,1151,158
0.299047619047619,0.1870229007633587,0.2304761904761904,0.718117892742157,804,149
0.3645161290322581,0.234248788368336,0.2693548387096774,0.7403119206428528,946,218
0.4750000000000001,0.278164116828929,0.3194444444444445,0.7789603471755981,962,361
0.2425952045133991,0.1200564971751412,0.153737658674189,0.6657355427742004,1129,178
0.2056359482102056,0.1098398169336384,0.1386138613861386,0.707736611366272,1040,135
0.2074074074074074,0.0923330585325638,0.1168724279835391,0.685327410697937,980,134
0.2610587382160986,0.1873638344226579,0.2117476432197244,0.7379992604255676,1106,163
0.2597402597402597,0.120817843866171,0.1410018552875695,0.712043046951294,834,145
0.3330598851517637,0.1791290057518488,0.224774405250205,0.7279987931251526,899,195
0.2336769759450171,0.1018582243633861,0.1443298969072164,0.7189619541168213,1178,172
0.271043771043771,0.1349072512647554,0.1750841750841751,0.7449333667755127,908,175
0.2459983150800337,0.0995780590717299,0.1550126368997472,0.6735275387763977,923,153
0.3151408450704225,0.181657848324515,0.1830985915492957,0.7316597700119019,851,179
0.3039851714550509,0.1987000928505106,0.2094531974050046,0.7583742737770081,819,155
0.3718505647263249,0.2210617928633594,0.2675933970460469,0.7180490493774414,844,211
0.1541528239202657,0.1037924151696606,0.108970099667774,0.7263433933258057,1248,120
0.1975903614457831,0.1110217216411906,0.1461847389558233,0.7431333065032959,997,126
0.2289803220035778,0.1111111111111111,0.1270125223613595,0.7249102592468262,887,133
0.1919282511210762,0.1221922731356693,0.1255605381165919,0.741385817527771,910,102
0.2479030754892824,0.1605975723622782,0.1863932898415657,0.7360464334487915,852,136
0.3293515358361775,0.1829059829059829,0.2030716723549488,0.7310048937797546,858,199
0.3023443815683104,0.17165991902834,0.2037186742118027,0.7256882786750793,965,183
0.1756756756756756,0.0790067720090293,0.0945945945945945,0.7292075753211975,721,87
0.3175965665236051,0.1771281169389509,0.2060085836909871,0.6725362539291382,890,196
0.1763046544428773,0.0875706214689265,0.1043723554301833,0.7301241755485535,1154,132
0.2210796915167094,0.1248391248391248,0.1516709511568123,0.6744709610939026,1217,180
0.2852233676975945,0.1635111876075731,0.2061855670103093,0.7195290327072144,881,165
0.1936619718309859,0.0828924162257495,0.0968309859154929,0.6940921545028687,953,117
0.2439393939393939,0.1320182094081942,0.1287878787878787,0.6925945281982422,1036,165
0.3475046210720887,0.2166666666666666,0.2569316081330868,0.7325156331062317,787,188
0.1507293354943273,0.0746753246753246,0.0972447325769854,0.6744672060012817,1048,95
0.423728813559322,0.2792452830188679,0.3314500941619586,0.7465381026268005,740,220
0.1863743148003132,0.108235294117647,0.1221613155833985,0.7116530537605286,1040,116
0.2476868327402135,0.1397006414825374,0.1850533807829181,0.7091989517211914,1126,164
0.2547584187408492,0.1304985337243401,0.1449487554904831,0.6629657745361328,1079,186
0.2096317280453258,0.1456953642384106,0.1359773371104815,0.6983845233917236,802,108
0.2672897196261682,0.1348314606741573,0.1607476635514018,0.701393723487854,839,137
0.1725554642563681,0.1053497942386831,0.1199671322925225,0.6979506015777588,984,105
0.3071364046973803,0.1502262443438914,0.1824751580849141,0.6781306862831116,845,166
0.135593220338983,0.0404699738903394,0.0730117340286831,0.6588155031204224,1309,123
0.3480662983425414,0.2103321033210332,0.2044198895027624,0.7211838364601135,791,200
0.2909460834181079,0.1549439347604485,0.1505595116988809,0.7040182948112488,756,145
0.4422673198040587,0.2088297126839523,0.2281315605318404,0.7316708564758301,961,342
0.3756786102062975,0.2141304347826086,0.258414766558089,0.7231226563453674,1356,346
0.2356164383561644,0.1372369624885635,0.1552511415525114,0.7144639492034912,866,132
0.2832369942196532,0.164092664092664,0.1811175337186898,0.7200523018836975,794,145
0.2048192771084337,0.1275862068965517,0.1342512908777969,0.6886094808578491,952,106
0.1829145728643216,0.066465256797583,0.0984924623115578,0.6736456155776978,831,107
0.2017673048600884,0.1061946902654867,0.1207658321060382,0.7063455581665039,1104,138
0.2730030333670374,0.1418439716312056,0.1820020222446916,0.7047829627990723,792,140
0.2650253439536567,0.1667875271936185,0.169442433019551,0.7132709622383118,1088,172
0.2617554858934169,0.1821036106750392,0.1943573667711598,0.7331526875495911,991,157
0.2737642585551331,0.1257142857142857,0.155893536121673,0.6780645847320557,780,153
0.2917082917082917,0.1981981981981981,0.2137862137862138,0.7193295955657959,705,143
0.2471516213847502,0.1422300263388937,0.1770376862401402,0.6945474147796631,913,139
0.2397914856646394,0.0992167101827676,0.1164205039096437,0.6709892153739929,872,141
0.2332214765100671,0.1277310924369747,0.1543624161073825,0.6936210989952087,888,141
0.2414860681114551,0.1096173733195449,0.1486068111455108,0.7076452970504761,760,135
0.2066929133858267,0.0710059171597633,0.1023622047244094,0.6681472063064575,841,121
0.2613636363636363,0.1300813008130081,0.1477272727272727,0.661563515663147,948,162
0.2747138397502601,0.154327424400417,0.1810613943808532,0.6938570737838745,741,145
0.1754636233951498,0.0857142857142857,0.1112696148359486,0.7073302865028381,1109,117
0.1949025487256371,0.1021021021021021,0.1229385307346326,0.6995707154273987,1087,141
0.2142298670836591,0.1018010963194988,0.1297888975762314,0.7131156325340271,1036,143
0.2736842105263158,0.1862917398945518,0.1578947368421052,0.7323716282844543,887,154
0.2762237762237762,0.1576182136602452,0.1555944055944056,0.7015642523765564,864,159
0.3053722902921771,0.1605288007554296,0.1941564561734213,0.6996217370033264,785,174
0.2364341085271318,0.0932038834951456,0.125968992248062,0.6737081408500671,782,137
0.2228739002932551,0.0705190989226248,0.1270772238514174,0.6708784699440002,804,142
0.2366666666666666,0.1101836393989983,0.1599999999999999,0.7144140601158142,943,151
0.2673893405600723,0.1592760180995475,0.1860885275519422,0.7097985148429871,845,138
0.2117202268431002,0.1003787878787878,0.1247637051039697,0.6845180988311768,842,119
0.2621359223300971,0.1342412451361867,0.1786407766990291,0.7147460579872131,796,133
0.3298429319371728,0.2237762237762238,0.2408376963350785,0.7319802641868591,862,183
0.2292490118577075,0.1140142517814726,0.1422924901185771,0.7060402631759644,989,159
0.2815734989648032,0.1846473029045643,0.1842650103519668,0.7313686013221741,754,139
0.2577075098814229,0.1155977830562153,0.1628458498023715,0.7064715623855591,999,172
0.1992619926199262,0.0868761552680221,0.114391143911439,0.6732222437858582,893,110
0.2826086956521739,0.1796733212341197,0.1702898550724638,0.753895103931427,834,144
0.2596425211665099,0.1526861451460885,0.1693320790216368,0.7060580849647522,852,134
0.1876247504990019,0.096,0.1097804391217564,0.7131903171539307,825,103
0.2171361502347417,0.1292596944770858,0.1525821596244131,0.6848699450492859,1401,175
0.1499548328816621,0.0669683257918552,0.095754290876242,0.6893206238746643,942,91
0.2362790697674418,0.0969245107176141,0.1283720930232558,0.7064700722694397,860,132
0.2293333333333333,0.1317898486197685,0.1368888888888889,0.7333548665046692,903,125
0.1896974652493867,0.0982800982800982,0.1308258381030253,0.6943645477294922,1027,117
0.1726354453627181,0.0662373505059797,0.1046831955922865,0.6758205890655518,915,104
0.328996282527881,0.2420856610800745,0.2620817843866171,0.74205482006073,795,172
0.2061005770816158,0.1387283236994219,0.1368507831821929,0.7092996835708618,1011,124
0.1558768070395977,0.0679672750157331,0.0879949717159019,0.6761104464530945,1303,134
0.2330246913580246,0.1020092735703245,0.1358024691358024,0.6750066876411438,1025,173
0.2585365853658536,0.1514657980456026,0.1658536585365853,0.7098698019981384,939,159
0.2400906002265005,0.1133786848072562,0.146092865232163,0.709408164024353,1390,229
0.2563580874872838,0.1427115188583078,0.1688708036622584,0.7499409317970276,784,128
0.3221110100090992,0.1604375569735642,0.2220200181983621,0.7064086198806763,821,194
0.241635687732342,0.1135940409683426,0.1486988847583643,0.7107908725738525,845,125
0.2220367278797996,0.1137123745819397,0.1419031719532554,0.6869131922721863,969,142
0.2472848788638262,0.1221757322175732,0.1152882205513784,0.6907424926757812,942,139
0.2640449438202247,0.1819887429643527,0.1779026217228464,0.7324624061584473,818,126
0.2785065590312815,0.1456016177957533,0.165489404641776,0.6962886452674866,738,149
0.378037803780378,0.2146077547339946,0.2466246624662466,0.7195937037467957,762,212
0.3851717902350813,0.2119565217391304,0.2658227848101265,0.7086765766143799,775,214
0.1827586206896551,0.1036269430051813,0.1189655172413793,0.6858059167861938,952,122
0.2606965174129353,0.1734795613160518,0.1552238805970149,0.7089740037918091,780,121
0.2728971962616822,0.1629213483146067,0.2074766355140186,0.705501139163971,848,144
0.2085235920852359,0.1082317073170731,0.106544901065449,0.7218052744865417,1073,133
0.2658517952635599,0.1499617444529457,0.1925133689839572,0.7173788547515869,1025,167
0.2028708133971292,0.084372003835091,0.1224880382775119,0.673692524433136,863,123
0.277511961722488,0.1169702780441035,0.185645933014354,0.6849923133850098,785,160
0.212206572769953,0.1034807149576669,0.1370892018779342,0.7236726880073547,866,118
0.3071729957805907,0.165680473372781,0.1552742616033755,0.7143815755844116,865,181
0.2502424830261881,0.1438289601554908,0.1707080504364694,0.6927290558815002,799,131
0.2256596906278435,0.1112123974475843,0.1364877161055505,0.7109689116477966,858,123
0.2624505928853755,0.1741884402216943,0.2023715415019762,0.755910336971283,948,155
0.1877691645133505,0.0759275237273511,0.1171403962101636,0.6894350647926331,977,124
0.2563619227144203,0.1718602455146364,0.1753063147973609,0.7568147778511047,808,131
0.3129251700680272,0.186952288218111,0.2293488824101069,0.7074298858642578,758,147
0.3113207547169811,0.1720226843100189,0.1981132075471698,0.7112188339233398,808,173
0.2702702702702702,0.1895306859205776,0.2144144144144144,0.7027903199195862,843,134
0.1607717041800642,0.070891514500537,0.1093247588424437,0.6928956508636475,800,75
0.2841726618705036,0.1531531531531531,0.1780575539568345,0.7230682969093323,843,165
0.2382271468144044,0.122109158186864,0.1809787626962142,0.7278188467025757,860,136
0.2246256239600665,0.1266666666666666,0.1414309484193011,0.7134484648704529,969,148
0.272,0.1282565130260521,0.1679999999999999,0.7057181596755981,786,143
0.2416396979503775,0.1383783783783783,0.1359223300970874,0.694456934928894,749,120
0.2172797262617622,0.1285347043701799,0.1351582549187339,0.7285719513893127,887,124
0.3102803738317757,0.196629213483146,0.1943925233644859,0.7408738136291504,806,177
0.2473633748801534,0.1575408261287223,0.1840843720038351,0.7306156158447266,818,124
0.17875,0.0901126408010012,0.1225,0.6711982488632202,1300,155
0.2455845248107653,0.1128896377422072,0.1362489486963835,0.6791560053825378,948,145
0.2438118811881188,0.1821561338289963,0.1596534653465346,0.7771744132041931,1285,185
0.21628664495114,0.1187214611872146,0.114657980456026,0.7098397612571716,1237,157
0.3465346534653465,0.1825396825396825,0.2178217821782178,0.7401335835456848,738,193
0.2975369458128079,0.1934846989141165,0.1832512315270936,0.7184625864028931,771,145
0.1916666666666666,0.0784641068447412,0.1,0.6751762628555298,1005,110
0.2302904564315352,0.133056133056133,0.1597510373443983,0.7298169136047363,741,103
0.3309466984884646,0.1848605577689243,0.1957040572792362,0.7181994318962097,914,213
0.149908592321755,0.0586080586080586,0.0804387568555758,0.6784895062446594,922,95
0.2222222222222222,0.1037735849056603,0.0998116760828625,0.7091869115829468,829,131
0.3003003003003003,0.2006018054162487,0.1721721721721721,0.7566191554069519,779,166
0.2253787878787878,0.0910815939278937,0.1325757575757575,0.7033936977386475,846,130
0.2158684774839171,0.1216893342877594,0.1415296640457469,0.7242239117622375,1113,149
0.2099697885196374,0.1089258698940998,0.1253776435045317,0.7025848031044006,1065,146
0.3823279524214104,0.2485106382978723,0.2803738317757009,0.7615882754325867,859,223
0.25,0.1704312114989733,0.1967213114754098,0.7256802916526794,782,121
0.3087478559176672,0.1993127147766323,0.2109777015437392,0.7484707236289978,850,161
0.2453531598513011,0.1699751861042183,0.1833952912019826,0.7347660660743713,1248,184
0.2253032928942807,0.1128472222222222,0.1369150779896014,0.6836354732513428,941,135
0.2279693486590038,0.1036468330134357,0.1340996168582375,0.6999734044075012,846,134
0.154280338664158,0.0565504241281809,0.0790216368767638,0.6771323084831238,898,93
0.2909441233140655,0.1544401544401544,0.1791907514450867,0.6773539185523987,784,154
0.2005519779208831,0.0958525345622119,0.1416743330266789,0.698051393032074,891,126
0.1693268563497571,0.0736622654621264,0.0971547536433032,0.6537002325057983,1191,140
0.2001836547291093,0.1103955841766329,0.1377410468319559,0.7099419832229614,867,106
0.2759295499021526,0.1313725490196078,0.1800391389432485,0.7010059356689453,780,138
0.2147859922178988,0.0966484801247077,0.1245136186770428,0.6799519062042236,1009,151
0.2436363636363636,0.1056466302367941,0.1563636363636363,0.6636946797370911,864,138
0.2338461538461538,0.0708782742681047,0.1353846153846153,0.6553230285644531,1042,161
0.2925225965488907,0.1563786008230452,0.1857025472473294,0.7015045881271362,930,192
0.3548102383053839,0.2316534040671971,0.2789055604589585,0.706798791885376,844,200
0.2315227070347283,0.119536128456735,0.1495992876224399,0.7000027298927307,896,141
0.3000914913083257,0.1429880843263061,0.1756633119853614,0.7118851542472839,804,190
0.2790262172284644,0.0919324577861163,0.149812734082397,0.6828694939613342,809,165
0.2812785388127853,0.1408966148215919,0.182648401826484,0.6979791522026062,818,176
0.1873327386262265,0.0768543342269884,0.1070472792149866,0.6893918514251709,914,112
0.3546511627906976,0.2019417475728155,0.2325581395348837,0.7174354791641235,756,205
0.3114119922630561,0.1627906976744186,0.2088974854932301,0.7347200512886047,762,165
0.2449339207048458,0.1200353045013239,0.1709251101321586,0.7145581841468811,868,135
0.205607476635514,0.0853277835587929,0.1183800623052959,0.6916133165359497,789,110
0.1975308641975308,0.0894386298763082,0.1291547958214625,0.6746022701263428,848,108
0.2298084929225645,0.0817347789824854,0.1232306411323896,0.6676265597343445,929,167
0.2744014732965009,0.1512915129151291,0.152854511970534,0.7038403153419495,802,160
0.2090395480225989,0.0867924528301886,0.1299435028248587,0.690060019493103,842,126
0.1939564300773014,0.1140042223786066,0.1349262122276879,0.6922972202301025,1176,135
0.2524101665205959,0.1264266900790167,0.1717791411042944,0.6862582564353943,863,155
0.1708706265256306,0.0977995110024449,0.1008950366151342,0.7139210104942322,1029,105
0.2453290008123477,0.1236777868185516,0.165718927701056,0.7004004120826721,915,150
0.2945013979496738,0.1736694677871148,0.18452935694315,0.7248348593711853,790,164
0.2307692307692307,0.1078998073217726,0.1384615384615384,0.6698229312896729,833,140
0.2488888888888888,0.1371326803205699,0.1528888888888888,0.7340652346611023,900,148
0.1827830188679245,0.0873671782762691,0.0919811320754717,0.7076423764228821,1383,155
0.2915951972555746,0.1580756013745704,0.1749571183533447,0.7181177139282227,877,174
0.1797268152408339,0.0806335493160547,0.109273903666427,0.7255542278289795,1137,134
0.2321056289089645,0.0988169798190675,0.1375955524669909,0.6731212139129639,1143,181
0.1836925960637301,0.0619718309859154,0.1143392689784442,0.6577730178833008,864,127
0.2913533834586466,0.1563088512241054,0.1635338345864661,0.7261818647384644,808,159
0.3117948717948717,0.1767728674203494,0.1887179487179487,0.717773973941803,757,158
0.3154417836498761,0.1770057899090157,0.2080924855491329,0.7237080335617065,896,188
0.2427281845536609,0.1105527638190955,0.1303911735205616,0.7054309844970703,798,123
0.2602739726027397,0.1578044596912521,0.172945205479452,0.7257973551750183,937,147
0.3738156761412575,0.2053494391716998,0.2756244616709733,0.7128731608390808,819,212
0.1867145421903052,0.0611510791366906,0.0951526032315978,0.6852630376815796,922,114
0.250576479631053,0.1524249422632794,0.1829362029208301,0.7506346702575684,1009,155
0.2040816326530612,0.1197080291970802,0.1341107871720116,0.7269320487976074,1091,138
0.2711864406779661,0.1748726655348047,0.1779661016949152,0.7323739528656006,880,148
0.2622478386167147,0.1053391053391053,0.1498559077809798,0.6883959770202637,1099,212
0.2532078699743371,0.1199657240788346,0.1659538066723695,0.7108235955238342,936,171
0.1779026217228464,0.0769230769230769,0.1123595505617977,0.6786389946937561,901,108
0.21875,0.0998043052837573,0.12890625,0.6619320511817932,833,128
0.2577777777777778,0.1398601398601398,0.1574603174603174,0.7080186605453491,1261,216
0.2442847811887654,0.1347285807717462,0.1254082299150881,0.7500850558280945,1148,165
0.2407531943510423,0.1117845117845117,0.1358439811701412,0.7092806696891785,1162,182
0.1905579399141631,0.1014617368873602,0.1012875536480686,0.6841551661491394,906,110
0.2861562258313998,0.1998450813323005,0.2258313998453209,0.7324343323707581,1000,179
0.2454106280193236,0.0968054211035818,0.1410628019323671,0.6972562074661255,846,139
0.2293577981651376,0.116385911179173,0.1452599388379205,0.681320309638977,1041,159
0.2385964912280702,0.0896309314586994,0.1192982456140351,0.6744594573974609,899,141
0.3557522123893805,0.1861702127659574,0.2265486725663716,0.7149467468261719,788,204
0.2739273927392739,0.1471074380165289,0.2013201320132013,0.6806847453117371,901,172
0.2887788778877888,0.143801652892562,0.1815181518151815,0.703557550907135,921,197
0.3903508771929824,0.2298682284040995,0.2383040935672514,0.7523820996284485,974,277
0.2756598240469208,0.1586679725759059,0.1759530791788856,0.7325320243835449,775,144
0.2415254237288135,0.1669024045261669,0.1525423728813559,0.7494354248046875,1074,167
0.2976501305483028,0.1970357454228422,0.2262837249782419,0.7434017062187195,889,175
0.178030303030303,0.0809102402022756,0.1098484848484848,0.6923321485519409,1330,151
0.2687673772011121,0.159702878365831,0.1964782205746061,0.6949042677879333,819,139
0.1726495726495726,0.0839041095890411,0.1264957264957265,0.6887361407279968,951,111
0.1150895140664961,0.0422535211267605,0.0754475703324808,0.6837586760520935,1324,105
0.202020202020202,0.093836246550138,0.1414141414141414,0.6819292306900024,905,118
0.2493175614194722,0.1403828623518687,0.1674249317561419,0.7147616744041443,859,133
0.254,0.0841683366733467,0.122,0.6706828474998474,790,142
0.2025565388397247,0.070935960591133,0.1179941002949852,0.6804735064506531,854,112
0.1788756388415673,0.0938566552901024,0.1039182282793867,0.6782539486885071,941,113
0.2903533906399236,0.1626794258373206,0.1852913085004775,0.7001661658287048,800,149
0.2587064676616915,0.1874376869391824,0.2069651741293532,0.7501869797706604,798,127
0.2037797863599014,0.1432098765432098,0.1166803615447822,0.7400968670845032,1002,124
0.2563025210084033,0.1473684210526315,0.1365546218487394,0.7211714386940002,742,122
0.2684766214177979,0.1419939577039274,0.1825037707390648,0.7211789488792419,1049,190
0.2707070707070707,0.145748987854251,0.1636363636363636,0.7331186532974243,778,131
0.2263374485596707,0.1051546391752577,0.1563786008230452,0.6779192090034485,777,124
0.311023622047244,0.1873767258382642,0.2165354330708661,0.7407481074333191,774,155
0.199630314232902,0.0759259259259259,0.1053604436229205,0.6655885577201843,887,120
0.2838827838827839,0.1376146788990825,0.1666666666666666,0.699387788772583,847,179
0.3224334600760456,0.2208682406702208,0.2448669201520912,0.7285770773887634,914,200
0.2854271356783919,0.1711983887210473,0.192964824120603,0.7013562321662903,803,145
0.2589285714285714,0.1281669150521609,0.1517857142857143,0.6898664832115173,1072,177
0.2793522267206478,0.1561866125760649,0.1740890688259109,0.7188863754272461,768,144
0.2270381836945304,0.1013443640124095,0.1279669762641898,0.6637739539146423,789,126
0.3869801084990958,0.2788171394085696,0.323086196503918,0.7551113963127136,1153,303
0.3154929577464788,0.2088428974600188,0.2028169014084507,0.7503350377082825,809,154
0.2418745275888132,0.1725965177895533,0.1904761904761904,0.7182567715644836,1071,162
0.3051771117166212,0.1747042766151046,0.1943687556766575,0.6936995983123779,855,154
0.255666364460562,0.1289736603088102,0.1668177697189483,0.730972945690155,844,142
0.2336991607488702,0.1512605042016806,0.1717236927049709,0.7456954121589661,1199,160
0.1777777777777777,0.085343228200371,0.1092592592592592,0.692378044128418,916,97
0.274582560296846,0.1505576208178438,0.1651205936920222,0.7164425849914551,836,149
0.3083859332732191,0.1969286359530261,0.2001803426510369,0.746313750743866,854,173
0.3757371524852569,0.2464135021097046,0.2695871946082561,0.7152911424636841,841,220
0.3014537107880642,0.1900383141762452,0.2172915072685539,0.7175822854042053,957,187
0.3792592592592592,0.2522255192878338,0.2918518518518518,0.6848864555358887,940,243
0.3493377483443708,0.2437810945273631,0.2682119205298013,0.7034462690353394,868,197
0.3860627177700348,0.2260990928122819,0.2912891986062718,0.7285297513008118,996,265
0.467005076142132,0.311864406779661,0.3688663282571912,0.7365268468856812,770,275
0.3677979479084451,0.2324110671936758,0.2525651144435674,0.699704110622406,881,229
0.2510390689941811,0.1332223147377185,0.1512884455527847,0.6850528120994568,951,150
0.2354014598540146,0.1334552102376599,0.1514598540145985,0.6872521042823792,865,133
0.2012987012987012,0.1144343302990897,0.1493506493506493,0.7266472578048706,1234,164
0.4501718213058419,0.29776247848537,0.2955326460481099,0.7281044125556946,774,231
0.4955320877335499,0.3466232709519934,0.3623070674248578,0.7650179266929626,793,281
0.516872427983539,0.3429513602638088,0.3736625514403292,0.7470704913139343,776,283
0.1142322097378277,0.0619136960600375,0.0805243445692883,0.7100487947463989,878,59
0.3095652173913044,0.1933797909407665,0.2121739130434782,0.6858990788459778,837,173
0.3210702341137124,0.2211055276381909,0.2642140468227424,0.7214733958244324,864,179
0.2203389830508474,0.1080246913580246,0.1155624036979969,0.6853575706481934,1017,140
0.3120689655172414,0.1744386873920552,0.1999999999999999,0.741261899471283,867,188
0.1761761761761762,0.0902708124373119,0.1161161161161161,0.7088600397109985,838,87
0.3032558139534884,0.1714818266542404,0.2027906976744186,0.7364140152931213,795,151
0.2388993120700437,0.1302442078897933,0.1450906816760475,0.6795918345451355,1262,193
0.3540824575586095,0.2105263157894736,0.2635408245755861,0.7065097093582153,942,219
0.1812564366632338,0.0825593395252838,0.1318228630278063,0.6888722777366638,816,99
0.3210332103321033,0.1497227356746765,0.2103321033210332,0.7228187918663025,829,190
0.340160284951024,0.2140945584299732,0.2065894924309884,0.7369186282157898,858,189
0.2854166666666667,0.162839248434238,0.1249999999999999,0.7160123586654663,735,134
0.270223752151463,0.1810344827586206,0.180722891566265,0.7453711032867432,897,148
0.2690405539070227,0.1565906838453914,0.1543026706231454,0.7326812148094177,778,136
0.1603238866396761,0.0600162206001622,0.1004048582995951,0.685178816318512,1007,109
0.1656891495601173,0.0748898678414096,0.1026392961876832,0.6661714315414429,1135,118
0.1648351648351648,0.0687757909215956,0.0934065934065934,0.696968674659729,1213,124
0.2767175572519084,0.1586998087954111,0.148854961832061,0.7384102940559387,811,141
0.3215311004784689,0.2166826462128475,0.2832535885167463,0.7397225499153137,771,146
0.2179487179487179,0.0752293577981651,0.1043956043956044,0.6785616874694824,895,128
0.23240589198036,0.1147540983606557,0.1358428805237315,0.689603865146637,982,149
0.224283305227656,0.1469594594594594,0.1669477234401349,0.7137676477432251,922,126
0.1983471074380165,0.10351966873706,0.1301652892561983,0.6916372776031494,772,103
0.2218430034129692,0.1504273504273504,0.1655290102389078,0.7122024297714233,932,126
0.3141186299081036,0.207531380753138,0.2322472848788638,0.7353368997573853,883,176
0.1881804043545878,0.0903426791277258,0.1119751166407465,0.7020550966262817,1049,119
0.2230347349177331,0.1147040878584502,0.1304082876294942,0.7307471632957458,1312,179
0.3392504930966469,0.2114624505928853,0.2386587771203155,0.7345722317695618,747,174
0.2003968253968254,0.0894632206759443,0.1329365079365079,0.6789461374282837,790,112
0.3342128408091469,0.1867841409691629,0.2269129287598944,0.7227064371109009,836,179
0.2548638132295719,0.1189083820662768,0.1750972762645914,0.7121288776397705,788,128
0.4583690987124464,0.2785898538263112,0.334763948497854,0.7506466507911682,730,250
0.28544061302682,0.1477927063339731,0.1704980842911877,0.7526872158050537,823,146
0.2136064374542794,0.1391941391941392,0.1536210680321872,0.7105476260185242,1099,141
0.3197026022304832,0.1955307262569832,0.2230483271375464,0.7258919477462769,803,177
0.2395437262357414,0.12,0.1653992395437262,0.7187840938568115,778,129
0.1627118644067796,0.0855397148676171,0.1030508474576271,0.6869074702262878,1225,126
0.2245989304812834,0.0875,0.1087344028520499,0.6907299160957336,922,140
0.2407407407407407,0.1187384044526901,0.1703703703703703,0.6883372664451599,865,132
0.2594752186588921,0.1313868613138686,0.1311953352769679,0.6982179284095764,1052,197
0.2424242424242424,0.1054313099041533,0.1578947368421052,0.6624346971511841,974,166
0.1692420897718911,0.0530582166543846,0.1000735835172921,0.6770894527435303,1156,133
0.1996672212978369,0.0749999999999999,0.108153078202995,0.6701402068138123,964,123
0.3510917030567685,0.2029746281714785,0.2165938864628821,0.6901328563690186,831,192
0.1759570181329751,0.0874243443174176,0.1101410342511752,0.680972158908844,1253,136
0.2309090909090909,0.1311475409836065,0.1472727272727272,0.7153242230415344,873,139
0.2225097024579559,0.1424870466321243,0.1630012936610608,0.6986058950424194,1250,167
0.2521489971346705,0.1282296650717703,0.1337153772683858,0.6977982521057129,839,146
0.2,0.1020793950850661,0.1433962264150943,0.7054377794265747,859,104
0.2194690265486725,0.1241134751773049,0.1415929203539823,0.6755356788635254,891,139
0.3224043715846994,0.1952554744525547,0.2112932604735883,0.7165017127990723,830,172
0.3019891500904159,0.1956521739130434,0.2350813743218806,0.7374923825263977,865,169
0.1955745895788722,0.1015010721944245,0.1341898643825838,0.7189478874206543,1110,138
0.190567853705486,0.0848601735776277,0.1058710298363811,0.7107091546058655,840,96
0.2933160285528877,0.1806367771280052,0.1972744970798183,0.7454147934913635,1184,215
0.1795555555555555,0.0730186999109528,0.1084444444444444,0.6764270663261414,920,110
0.2941720629047178,0.1408711770157553,0.1794634597594819,0.6941341161727905,832,176
0.1697203471552555,0.0792270531400966,0.1080038572806171,0.7113097310066223,836,96
0.292352371732817,0.1726479146459748,0.2168441432720232,0.7187480926513672,726,131
0.2274975272007913,0.1268582755203171,0.1562809099901088,0.7057779431343079,793,115
0.3249607535321821,0.2028301886792453,0.2291993720565149,0.7263277173042297,940,207
0.2833638025594149,0.1501831501831501,0.2029250457038391,0.7117825150489807,808,155
0.2330275229357798,0.1066176470588235,0.1412844036697247,0.7123522758483887,883,123
0.3042212518195051,0.1793002915451895,0.222707423580786,0.7297677397727966,1014,202
0.2230843840931134,0.0952380952380952,0.1125121241513094,0.6968538761138916,801,137
0.315625,0.1643192488262911,0.203125,0.7133567333221436,960,222
0.1573398215733982,0.0812347684809098,0.0859691808596918,0.6888229250907898,1049,107
0.2426900584795321,0.1024890190336749,0.1505847953216374,0.6707256436347961,1088,174
0.2911485003657644,0.1611721611721611,0.1697147037307974,0.6977493166923523,1028,195
0.2483781278962001,0.1429897864438254,0.1797961075069508,0.6859907507896423,846,142
0.221163012392755,0.1012416427889207,0.1182078169685414,0.709924042224884,844,122
0.1810699588477366,0.0927835051546391,0.1234567901234568,0.6945326328277588,800,92
0.1649616368286445,0.0806658130601792,0.0946291560102301,0.7364281415939331,1301,124
0.2854230377166157,0.1675178753830439,0.1916411824668705,0.7229411602020264,746,147
0.2106109324758842,0.1046698872785829,0.1270096463022508,0.6928859353065491,994,138
0.2310960067969413,0.1276595744680851,0.1512319456244689,0.7063900828361511,943,145
0.2892199824715162,0.1668129938542581,0.1945661700262927,0.6842103600502014,869,176
0.2570921985815603,0.103019538188277,0.1312056737588652,0.6836838722229004,891,152
0.2536170212765957,0.1278772378516624,0.1634042553191489,0.7167984247207642,911,142
0.2036316472114137,0.0675324675324675,0.0972762645914396,0.659339189529419,1249,157
0.2211981566820276,0.0988793671720501,0.1237656352863725,0.6897780299186707,1200,169
0.2002881844380403,0.1168831168831168,0.1412103746397694,0.7359667420387268,1106,145
0.2162985529322163,0.1510297482837528,0.1706016755521706,0.7522723078727722,1045,134
0.2922448979591837,0.178250204415372,0.1959183673469387,0.7259141206741333,936,180
0.2940038684719536,0.125968992248062,0.1856866537717601,0.7060319185256958,768,162
0.1821561338289963,0.0912476722532588,0.1245353159851301,0.6984893083572388,828,111
0.2670454545454545,0.1555977229601517,0.1515151515151515,0.7162547707557678,798,135
0.4081967213114754,0.2807881773399014,0.3098360655737705,0.7300271391868591,845,237
0.2053307008884501,0.1008902077151335,0.138203356367226,0.7046651840209961,833,119
0.2027134876296887,0.105515587529976,0.1229050279329609,0.7181662917137146,1016,137
0.2355415352260778,0.1264488935721812,0.1850683491062039,0.7151667475700378,770,120
0.2363112391930835,0.1174205967276227,0.1364073006724303,0.7252727746963501,830,130
0.1921965317919075,0.0998552821997105,0.1228323699421965,0.700890302658081,1074,141
0.1438965238480194,0.0728744939271255,0.095392077607114,0.6949372291564941,1058,96
0.2455445544554455,0.117063492063492,0.1584158415841584,0.6786479949951172,764,142
0.2355371900826446,0.072463768115942,0.128099173553719,0.668341338634491,784,130
0.2431259044862518,0.1057971014492753,0.1374819102749638,0.6929932236671448,1084,185
0.3426443202979516,0.1828358208955223,0.2271880819366853,0.6934252977371216,779,177
0.2532051282051282,0.1171749598715891,0.1634615384615384,0.6980527639389038,968,186
0.2176079734219269,0.1414309484193011,0.1478405315614618,0.7369258403778076,949,128
0.1853888452474469,0.1132966168371361,0.1413982717989002,0.7183709144592285,1063,115
0.224,0.1442885771543086,0.158,0.7242515087127686,796,112
0.3532513181019332,0.2112676056338028,0.2601054481546573,0.7279192209243774,827,204
0.2813891362422083,0.1641391614629795,0.2119323241317898,0.7441962361335754,864,156
0.2388535031847134,0.1291866028708133,0.1592356687898089,0.7043904066085815,1023,157
0.240650406504065,0.1058631921824104,0.1414634146341463,0.6995192170143127,934,176
0.2462087421944692,0.1108132260947274,0.1445138269402319,0.7376742362976074,875,135
0.2669138090824838,0.1411327762302693,0.1835032437442076,0.7110933065414429,809,140
0.2408376963350785,0.1503496503496503,0.1727748691099476,0.7239118814468384,904,140
0.2951420714940422,0.18732782369146,0.2199816681943171,0.7316197752952576,833,146
0.1869281045751633,0.0719895287958115,0.1071895424836601,0.6844704151153564,1237,148
0.2525597269624573,0.1367521367521367,0.1638225255972696,0.7131727337837219,922,157
0.1906653426017875,0.0776119402985074,0.1132075471698113,0.6422586441040039,825,127
0.2662993572084481,0.1471941122355105,0.1763085399449036,0.701979398727417,845,136
0.1927927927927928,0.1046931407942238,0.1207207207207207,0.6685939431190491,908,111
0.1819941916747338,0.1066925315227934,0.1239109390125847,0.6875461339950562,839,85
0.2062283737024221,0.0845460845460845,0.119031141868512,0.6990443468093872,1170,157
0.2157598499061913,0.1109022556390977,0.1594746716697936,0.7072031497955322,839,111
0.2615101289134438,0.1420664206642066,0.1786372007366482,0.7104483842849731,848,154
0.2130177514792899,0.1007407407407407,0.1272189349112426,0.637786865234375,1082,163
0.2148409893992932,0.1047416843595187,0.1102473498233215,0.680433452129364,1151,166
0.1958967571144937,0.0848243870112657,0.1336863004632693,0.7075018882751465,1219,158
0.1462765957446808,0.0745672436750998,0.1023936170212766,0.692587673664093,1282,111
0.1504142766093053,0.0740268028079132,0.0841300191204589,0.6923285722732544,1338,114
0.1579804560260586,0.065252854812398,0.0798045602605863,0.6652989387512207,1051,105
0.2563619227144203,0.141643059490085,0.1545711592836946,0.7197527289390564,808,138
0.255793991416309,0.1822871883061049,0.175107296137339,0.7328998446464539,882,145
0.213511259382819,0.1052631578947368,0.1367806505421184,0.7086380124092102,971,131
0.2459677419354838,0.105050505050505,0.1451612903225806,0.6699000597000122,787,134
0.2755775577557756,0.08099173553719,0.1468646864686468,0.6902478337287903,923,202
0.2631077216396568,0.1375358166189111,0.1849380362249761,0.7089390158653259,805,141
0.2242833052276559,0.089527027027027,0.1231028667790893,0.6942675709724426,960,148
0.3107511045655375,0.140117994100295,0.1899852724594992,0.6660494208335876,1022,211
0.3073359073359073,0.1268368136117556,0.1791505791505791,0.676716148853302,978,212
0.2210526315789473,0.0720562390158172,0.1122807017543859,0.6891791224479675,920,149
0.3244897959183673,0.2147239263803681,0.2346938775510204,0.7283520698547363,742,150
0.2469490308686288,0.1552839683680805,0.1608040201005025,0.7225186228752136,1113,179
0.2601279317697227,0.1608540925266904,0.1947405828002842,0.7302631735801697,1113,193
0.3256212510711225,0.2437768240343348,0.2622107969151671,0.7307369112968445,883,184
0.3682310469314079,0.2332730560578661,0.243682310469314,0.7243010997772217,804,213
0.2134038800705467,0.0865724381625441,0.128747795414462,0.6718674302101135,920,141
0.2332463011314186,0.1203138622493461,0.1427328111401218,0.6760139465332031,912,135
0.2279484638255699,0.1112214498510427,0.128840436075322,0.707635760307312,813,117
0.2523961661341853,0.1376,0.1661341853035144,0.7162841558456421,995,158
0.2186878727634194,0.1374501992031872,0.172962226640159,0.682156503200531,816,103
0.2880658436213992,0.1876288659793814,0.2201646090534979,0.7064242362976074,734,131
0.2676181980374665,0.1554959785522788,0.1944692239072257,0.7152610421180725,858,143
0.2366548042704626,0.1461675579322638,0.1565836298932384,0.6921072006225586,921,129
0.2227342549923195,0.1476923076923076,0.1674347158218126,0.7459197640419006,1039,139
0.2279693486590038,0.109404990403071,0.1685823754789272,0.6736273765563965,841,133
0.2117437722419928,0.0588235294117647,0.096085409252669,0.6835105419158936,910,139
0.2632612966601179,0.1417322834645669,0.1944990176817288,0.7215941548347473,767,133
0.1862745098039215,0.1100196463654224,0.1392156862745098,0.6725152730941772,800,105
0.3950850661625709,0.2727272727272727,0.2892249527410208,0.7462837100028992,741,195
0.3315789473684211,0.2021089630931458,0.2192982456140351,0.7530555129051208,831,165
0.327485380116959,0.2070312499999999,0.2339181286549707,0.7590973973274231,718,157
0.2167300380228137,0.1009523809523809,0.1368821292775665,0.6964547634124756,840,121
0.2367194780987885,0.1251167133520075,0.1491146318732525,0.7255070805549622,855,131
0.213903743315508,0.1261154074955383,0.148544266191325,0.6743943095207214,1298,174
0.3229308005427408,0.2160326086956521,0.208955223880597,0.7243273854255676,1088,221
0.2091152815013404,0.1235452103849597,0.13047363717605,0.7392227053642273,901,113
0.1660692951015531,0.0681818181818181,0.094384707287933,0.686972439289093,1433,147
0.3119266055045872,0.1403508771929824,0.2151793160967473,0.6914337873458862,874,185
0.2767787333854574,0.1597494126859827,0.1579358874120406,0.7289319634437561,947,165
0.3431635388739946,0.2023276633840644,0.2520107238605898,0.7595213651657104,829,191
0.2537593984962406,0.1242937853107344,0.1560150375939849,0.6744809150695801,830,147
0.2906641000962464,0.1716489874638379,0.2021174205967276,0.7409422993659973,779,151
0.2055442866801893,0.1381178063642519,0.1460446247464503,0.7078141570091248,1239,143
0.2626441881100266,0.1208888888888888,0.1614906832298137,0.6596769690513611,890,169
0.1378917378917379,0.0718767826583,0.0854700854700854,0.6948841214179993,1486,115
0.3398926654740609,0.2025089605734767,0.2021466905187835,0.7027112245559692,823,196
0.1682567215958369,0.0677671589921807,0.0971379011274934,0.666428804397583,970,109
0.2339999999999999,0.0681362725450901,0.124,0.6810117959976196,796,124
0.2769485903814261,0.1196013289036544,0.1724709784411277,0.6944989562034607,935,171
0.2070675759454432,0.1142147734326505,0.1450712957222567,0.6866176128387451,1333,169
0.1883495145631068,0.0953307392996108,0.1262135922330097,0.702195942401886,827,109
0.2784810126582278,0.1538461538461538,0.1383966244725738,0.7324727177619934,905,160
0.251349267540478,0.1637065637065637,0.1927525057825752,0.7414759993553162,1005,165
0.1842256764536557,0.0864553314121037,0.1208981001727115,0.6598896384239197,1465,169
0.2648752399232245,0.1134615384615384,0.1305182341650671,0.7009210586547852,804,145
0.1904761904761904,0.1422594142259414,0.12531328320802,0.7157179117202759,979,101
0.2684684684684684,0.1859205776173285,0.2252252252252252,0.7594388127326965,847,147
0.2735674676524954,0.1444444444444444,0.1756007393715342,0.7275261878967285,814,165
0.3519706691109074,0.2350780532598714,0.2328139321723189,0.7414597272872925,773,181
0.2140634723086497,0.140809968847352,0.1754822650902302,0.7482811808586121,1272,165
0.232488822652757,0.0880597014925373,0.1445603576751118,0.651287317276001,1083,170
0.228617106314948,0.1297037630104083,0.1470823341326938,0.7036833167076111,979,140
0.2537593984962406,0.1111111111111111,0.1578947368421052,0.7098050713539124,804,128
0.2847222222222222,0.1530434782608696,0.171875,0.6829885840415955,891,166
0.2567215958369471,0.158123370981755,0.1873373807458803,0.7219041585922241,904,152
0.1829375549692172,0.079295154185022,0.1143359718557607,0.6902205944061279,960,99
0.2584333905088622,0.1350887235260446,0.1692395654659805,0.6931630969047546,1397,215
0.1944641589779986,0.0810234541577825,0.1121362668559262,0.6639952659606934,1167,151
0.2380506091846297,0.1258215962441314,0.1518275538894095,0.7104009389877319,878,133
0.2355105795768169,0.1179723502304147,0.139834406623735,0.7258865833282471,857,124
0.2202643171806167,0.1182700794351279,0.1303964757709251,0.69953852891922,910,134
0.3328690807799442,0.207810320781032,0.235376044568245,0.7283235192298889,1038,227
0.2961608775137111,0.2344322344322344,0.2522851919561243,0.7670930027961731,830,142
0.2514071294559099,0.1447368421052631,0.1782363977485928,0.7224538326263428,816,130
0.2674199623352166,0.1226415094339622,0.135593220338983,0.7013886570930481,798,155
0.1876106194690265,0.1099290780141844,0.1256637168141593,0.7108903527259827,915,107
0.295049504950495,0.1468253968253968,0.1722772277227722,0.6770440936088562,784,162
0.18830242510699,0.0914285714285714,0.115549215406562,0.7170473337173462,1139,132
0.2597402597402597,0.1341341341341341,0.1598401598401598,0.7150706648826599,758,139
0.2434488588334742,0.1354784081287045,0.1487743026204565,0.7015583515167236,938,147
0.3384338433843384,0.1821460775473399,0.2178217821782178,0.7035169005393982,802,201
0.2179732313575526,0.10727969348659,0.1166347992351816,0.7219752669334412,855,121
0.2039525691699605,0.1155977830562153,0.1391304347826087,0.708807647228241,1035,130
0.1733430444282593,0.0729394602479941,0.1048798252002913,0.6954442262649536,1145,133
0.223728813559322,0.130346232179226,0.1491525423728813,0.7020847201347351,1178,168
0.2506063055780114,0.1198380566801619,0.1568310428455941,0.7084116339683533,986,169
0.2230843840931134,0.0952380952380952,0.11639185257032,0.7041006088256836,840,118
0.2423112767940354,0.1251167133520075,0.178937558247903,0.703626811504364,849,130
0.2602365787079163,0.1422060164083865,0.1601455868971792,0.7197198271751404,877,158
0.2359050445103857,0.1396731054977711,0.158753709198813,0.7036154866218567,1066,151
0.321483771251932,0.2291021671826625,0.2503863987635239,0.7661156058311462,940,174
0.2820037105751391,0.1579925650557621,0.1855287569573283,0.7243990302085876,841,157
0.2303571428571428,0.1305903398926654,0.1589285714285714,0.7412464022636414,881,120
0.2074425969912906,0.0872323552735923,0.1203483768804433,0.6967536807060242,928,130
0.2209842154131847,0.0967441860465116,0.1002785515320334,0.7085245251655579,805,125
0.3134502923976607,0.1500586166471278,0.1660818713450292,0.6991537809371948,608,137
0.2198581560283687,0.1172291296625221,0.1400709219858155,0.6901236176490784,903,132
0.2644787644787644,0.1392649903288201,0.1872586872586872,0.6878232955932617,793,138
0.2605809128630705,0.1246882793017456,0.1360995850622406,0.7036132216453552,957,169
0.2792321116928447,0.1486013986013986,0.1780104712041884,0.7212929129600525,870,172
0.1854838709677419,0.1292059219380888,0.1223118279569892,0.7622042894363403,1230,136
0.2859903381642512,0.1606969990319458,0.1739130434782608,0.701442539691925,799,147
0.2533659730722154,0.1384803921568627,0.1750305997552019,0.7064219117164612,1284,206
0.1309655937846837,0.0677777777777777,0.099889012208657,0.6686912775039673,1516,127
0.1891891891891891,0.1007518796992481,0.1246246246246246,0.7003121376037598,1085,134
0.2195121951219512,0.1131105398457583,0.1296534017971758,0.6894735097885132,1217,191
0.1729729729729729,0.0884476534296028,0.0990990990990991,0.7011173367500305,919,108
0.1985157699443413,0.1003717472118959,0.1428571428571428,0.7195147275924683,869,102
0.2300224047796863,0.1226626776364996,0.1553398058252427,0.6861631870269775,1115,152
0.2593619972260749,0.1402777777777777,0.1803051317614424,0.6787182688713074,1053,200
0.2169141381536475,0.1176470588235294,0.1601032924467398,0.6679418087005615,1176,179
0.2318623784592371,0.146816479400749,0.1780104712041884,0.7052375674247742,1037,152
0.4035812672176309,0.2524137931034483,0.3126721763085399,0.7074787020683289,1043,294
0.2841530054644808,0.1405109489051095,0.1329690346083788,0.7134488224983215,885,167
0.3214285714285714,0.1699463327370304,0.2125,0.7109262943267822,816,170
0.3584558823529412,0.2615101289134438,0.3161764705882353,0.7210150361061096,767,193
0.2085521380345086,0.1096919609316303,0.1470367591897974,0.7194103598594666,1102,140
0.2413793103448276,0.1226252158894645,0.1534482758620689,0.6943500638008118,908,151
0.256701868399675,0.1122864117168429,0.1413484971567831,0.6844255328178406,997,164
0.238627889634601,0.1418969380134428,0.1610738255033557,0.7264928221702576,1071,158
0.3250230840258541,0.1942645698427382,0.1883656509695291,0.6872842311859131,828,170
0.2288329519450801,0.1512605042016806,0.1800152555301296,0.7202587127685547,1022,141
0.3031358885017421,0.150087260034904,0.1846689895470383,0.7365929484367371,881,169
0.3374175306314796,0.1794145420207743,0.1998114985862393,0.717650830745697,796,195
0.2732166890982503,0.1819407008086253,0.2005383580080753,0.7734929323196411,1113,197
0.2797202797202797,0.1401401401401401,0.1478521478521478,0.727203905582428,759,147
0.2474226804123711,0.135972461273666,0.1615120274914089,0.7278484106063843,875,146
0.2088772845953002,0.1133391455972101,0.1201044386422976,0.7163774371147156,881,119
0.2955665024630542,0.1678183613030602,0.2009852216748768,0.7318477034568787,749,149
0.223076923076923,0.1233140655105973,0.1519230769230769,0.7069590091705322,797,118
0.3094405594405594,0.2084063047285464,0.2062937062937062,0.7558969259262085,842,166
0.221205186880244,0.1436210847975554,0.1632341723874904,0.7428113222122192,1094,155
0.2432432432432432,0.0895833333333333,0.1330561330561331,0.6752952337265015,769,129
0.263627353815659,0.0993048659384309,0.130822596630327,0.6855705976486206,770,149
0.2885844748858447,0.1628545288197621,0.1881278538812785,0.7294782996177673,859,155
0.2686131386861314,0.1783625730994152,0.1956204379562043,0.7400869727134705,1084,192
0.1649214659685864,0.0878112712975098,0.1151832460732984,0.7095374464988708,1300,130
0.1881720430107527,0.0969044414535666,0.1384408602150537,0.6899416446685791,1172,122
0.1967479674796748,0.0863192182410423,0.1203252032520325,0.6780745983123779,967,122
0.2529832935560859,0.1158900836320191,0.130071599045346,0.6917575001716614,1317,231
0.3279352226720647,0.2089249492900608,0.2024291497975709,0.7596050500869751,741,152
0.2897196261682243,0.1910112359550561,0.1831775700934579,0.737530529499054,823,161
0.218284904323175,0.1192334989354151,0.1516654854712969,0.697064995765686,1145,161
0.2095625635808748,0.0958205912334352,0.1424211597151576,0.6908082962036133,809,105
0.2198100407055631,0.1304347826086956,0.1533242876526458,0.6897810697555542,1161,149
0.2769857433808554,0.1408163265306122,0.175152749490835,0.7068959474563599,781,135
0.2454090150250417,0.1020066889632107,0.1402337228714524,0.6751047372817993,974,157
0.2064180398959237,0.0799304952215464,0.1266261925411968,0.6866496801376343,957,144
0.1754601226993865,0.0749385749385749,0.0907975460122699,0.6840184330940247,1362,166
0.212890625,0.1017612524461839,0.140625,0.7109315991401672,834,111
0.2248803827751196,0.1134185303514377,0.1323763955342902,0.6922256946563721,981,149
0.2400738688827331,0.0980573543015726,0.1311172668513388,0.7129050493240356,826,141
0.1927899686520376,0.1036106750392464,0.1316614420062695,0.7191317677497864,1047,138
0.1784820683903253,0.0768588137009189,0.1050875729774812,0.6860670447349548,991,123
0.2347107438016528,0.1324503311258278,0.1586776859504132,0.6946989893913269,980,163
0.1907261592300962,0.0876424189307625,0.1119860017497812,0.6875203847885132,957,118
0.3033102386451116,0.1742482652274479,0.1770592763664357,0.7260676622390747,984,200
0.1977818853974121,0.0962962962962963,0.1090573012939001,0.6869050860404968,889,112
0.1895861148197596,0.1203208556149732,0.1335113484646194,0.7218382954597473,1208,131
0.279707495429616,0.1703296703296703,0.1736745886654478,0.7397956848144531,841,148
0.2975352112676056,0.1763668430335097,0.2095070422535211,0.7353257536888123,841,171
0.2945736434108527,0.1864077669902912,0.2248062015503875,0.7310814261436462,798,155
0.2659574468085106,0.1580817051509769,0.1790780141843971,0.6966666579246521,896,154
0.3280224929709466,0.1877934272300469,0.239925023430178,0.6929193735122681,772,187
0.2932254802831143,0.1479229989868287,0.1840242669362993,0.7257770895957947,728,148
0.1920326864147088,0.0716479017400204,0.1021450459652706,0.7012529373168945,786,115
0.2992623814541623,0.1731784582893347,0.2002107481559536,0.7409330010414124,717,142
0.189519023689878,0.126527677929547,0.1392677674084709,0.7298975586891174,1165,132
0.1765601217656012,0.0960365853658536,0.1019786910197869,0.7202606797218323,1065,115
0.2320441988950276,0.1549815498154981,0.1215469613259668,0.721610963344574,859,123
0.2875939849624059,0.1525423728813559,0.1353383458646616,0.7154307961463928,794,145
0.2565079365079365,0.1665607120152575,0.2044444444444444,0.744042694568634,1224,195
0.3151390319258496,0.1919504643962848,0.2265705458290422,0.7278987765312195,716,148
0.2265193370165746,0.092250922509225,0.1252302025782688,0.7016590237617493,872,142
0.1855249745158002,0.0980592441266598,0.1019367991845056,0.664795458316803,799,103
0.1797410510281797,0.1006864988558352,0.1035795887281035,0.72613924741745,1078,122
0.247383444338725,0.1563393708293612,0.1731684110371075,0.7165428400039673,833,128
0.1396598030438675,0.0484304932735426,0.0859444941808415,0.6576180458068848,963,103
0.2068292682926829,0.0899315738025415,0.1326829268292683,0.6552143692970276,854,113
0.1372434017595308,0.0587199060481503,0.0856304985337243,0.6938127875328064,1492,139
0.1721854304635761,0.0649867374005305,0.1033112582781456,0.6767854690551758,1274,145
0.2797074954296161,0.1501831501831501,0.1535648994515539,0.6934125423431396,833,158
0.3322368421052631,0.2339373970345963,0.2763157894736842,0.7603827714920044,918,188
0.3794212218649517,0.2045088566827697,0.2524115755627009,0.7740740180015564,865,230
0.2634730538922156,0.1784107946026986,0.18562874251497,0.7141778469085693,1024,176
0.1960132890365448,0.103161397670549,0.1295681063122923,0.6902080178260803,984,141
0.2618816682832202,0.1496598639455782,0.1765276430649854,0.7077377438545227,777,134
0.2401402278702891,0.1685689201053555,0.1735319894829097,0.6937059164047241,887,134
0.2178387650085763,0.1305841924398625,0.144082332761578,0.7080032825469971,949,128
0.3968804159445407,0.2708333333333333,0.2876949740034662,0.7537747025489807,831,215
0.259322033898305,0.132427843803056,0.1508474576271186,0.6915278434753418,951,157
0.165550821667681,0.085313833028641,0.0973828362751065,0.6834345459938049,1356,141
0.2185380557648832,0.120754716981132,0.1356443104747551,0.6983482837677002,1066,129
0.2563600782778865,0.1509803921568627,0.1682974559686888,0.6916466355323792,772,132
0.1895604395604395,0.0962861072902338,0.1373626373626373,0.6930637359619141,1198,132
0.2990325417766051,0.160352422907489,0.1512752858399296,0.7199789881706238,864,170
0.2344139650872818,0.1215653621981682,0.1346633416458852,0.6791244745254517,990,131
0.2275449101796407,0.108,0.1337325349301397,0.725927472114563,797,108
0.2732673267326733,0.1448412698412698,0.1861386138613861,0.7290244698524475,779,146
0.2822655524605385,0.1730232558139534,0.2005571030640668,0.7104041576385498,790,152
0.2770330652368186,0.1611459265890779,0.1787310098302055,0.701762318611145,844,152
0.2029664324746292,0.1094605160281469,0.126463700234192,0.7004818320274353,1016,119
0.2234123947972456,0.1272030651340996,0.1713848508033665,0.7136889100074768,1042,149
0.2647058823529412,0.1355599214145383,0.184313725490196,0.7048434019088745,791,143
0.3428011753183154,0.1864573110893032,0.1919686581782566,0.7231184840202332,753,184
0.2421383647798742,0.1559055118110236,0.1635220125786163,0.7393421530723572,952,146
0.231203007518797,0.1054613935969868,0.1390977443609022,0.6877202987670898,844,128
0.3493889288281812,0.2634989200863931,0.2703091301222142,0.7733926773071289,975,229
0.2191332788225674,0.1097461097461097,0.1210139002452984,0.7163629531860352,958,142
0.2776203966005665,0.1489361702127659,0.2011331444759206,0.7159785628318787,1077,190
0.21,0.1344778254649499,0.1371428571428571,0.7170447707176208,1098,151
0.2732049036777583,0.1578947368421052,0.1663747810858143,0.6967841982841492,843,152
0.2112787926926131,0.1097852028639618,0.1223193010325655,0.6595491170883179,1016,127
0.2954356846473029,0.1745635910224439,0.1941908713692945,0.6845619082450867,901,176
0.3877038895859472,0.2512562814070351,0.2785445420326223,0.7851304411888123,1153,305
0.2313483915126625,0.1439342015078821,0.1711156741957563,0.7237342596054077,1165,163
0.3235772357723577,0.1905537459283387,0.2081300813008129,0.6955980062484741,894,188
0.2904347826086956,0.1602787456445993,0.1860869565217391,0.7193222045898438,889,177
0.2313060817547357,0.1558441558441558,0.19740777666999,0.7380772829055786,769,111
0.3146274149034039,0.248847926267281,0.2520699172033118,0.7771823406219482,798,152
0.2982731554160125,0.2248427672955975,0.2260596546310832,0.7598556280136108,981,173
0.2736030828516377,0.1447876447876447,0.1522157996146435,0.7235386967658997,764,147
0.2202643171806167,0.138235294117647,0.145374449339207,0.6735653877258301,1116,155
0.2126789366053169,0.1187713310580204,0.1336059986366735,0.7051430940628052,1182,173
0.2735562310030395,0.1502538071065989,0.1762917933130699,0.7288901805877686,781,133
0.2252328535139712,0.1034775233248515,0.1337849280270956,0.6784726977348328,957,151
0.2693602693602694,0.178752107925801,0.2087542087542087,0.7552709579467773,875,154
0.2526881720430107,0.1400359066427288,0.1505376344086021,0.7271981239318848,857,138
0.2588235294117647,0.1631912964641885,0.1864253393665158,0.7209964394569397,843,138
0.1835518474374255,0.1050119331742243,0.1120381406436233,0.6996248364448547,1352,158
0.225,0.1059730250481695,0.1269230769230769,0.7008175849914551,817,128
0.2542222222222222,0.1424755120213713,0.1991111111111111,0.7174649834632874,899,141
0.2660098522167488,0.1447368421052631,0.1773399014778325,0.6754055619239807,955,162
0.1704918032786885,0.0509031198686371,0.1032786885245901,0.6500899195671082,1008,137
0.1216126900198281,0.0357379219060225,0.076668869795109,0.6772875189781189,1312,117
0.2516069788797062,0.1508739650413983,0.1689623507805326,0.7224174737930298,883,138
0.2982261640798226,0.1642619311875693,0.2006651884700665,0.6744915843009949,1367,262
0.2387832699619771,0.1188118811881188,0.1475285171102661,0.6913707852363586,1031,161
0.2356589147286821,0.1133540372670807,0.1271317829457364,0.6872248649597168,1010,158
0.2422680412371134,0.1135972461273666,0.1477663230240549,0.6884807348251343,920,154
0.2442067736185383,0.1214285714285714,0.1586452762923351,0.7289855480194092,888,151
0.2212643678160919,0.116546762589928,0.139367816091954,0.7388306856155396,1130,161
0.2197125256673511,0.1131687242798354,0.1170431211498973,0.6966097950935364,780,115
0.1833105335157318,0.0726027397260273,0.1080711354309165,0.6788710355758667,1201,151
0.2441977800201816,0.1395348837209302,0.1695257315842583,0.7233873009681702,775,124
0.1928429423459244,0.0697211155378486,0.1073558648111332,0.6939477324485779,805,116
0.2326693227091633,0.1612130885873902,0.1545816733067729,0.721676766872406,981,141
0.2926093514328808,0.1374622356495468,0.1794871794871795,0.7004084587097168,972,198
0.2458100558659218,0.1007462686567164,0.1378026070763501,0.7153941988945007,829,142
0.1339285714285714,0.0421455938697318,0.0765306122448979,0.6609637141227722,1356,114
0.1542207792207792,0.065040650406504,0.1055194805194805,0.6680790185928345,1027,121
0.30042194092827,0.1606086221470836,0.1839662447257384,0.7084197402000427,928,193
0.2965459140690817,0.1535864978902953,0.1870261162594776,0.698414146900177,928,189
0.1812548412083656,0.08688906128782,0.1177381874515879,0.6704747080802917,1050,135
0.3980169971671388,0.2482269503546099,0.2705382436260623,0.7680532932281494,996,291
0.4974910394265233,0.3359655419956928,0.3942652329749104,0.784322202205658,915,321
0.2025862068965517,0.0863309352517985,0.1077586206896551,0.6891325116157532,1123,164
0.2030598052851182,0.0835654596100278,0.1001390820584144,0.7004822492599487,1167,168
0.2778793418647166,0.1996336996336996,0.206581352833638,0.75995934009552,827,159
0.2261538461538461,0.135593220338983,0.1492307692307692,0.7326211333274841,1024,142
0.243144424131627,0.0879120879120879,0.129798903107861,0.6922080516815186,863,146
0.2401289282836422,0.1178369652945924,0.1385979049153908,0.7028501033782959,979,162
0.2284011916583912,0.117412935323383,0.1429990069513406,0.6869413256645203,814,123
0.2019446522064323,0.1153558052434456,0.1286462228870605,0.6817620992660522,1055,138
0.2805071315372425,0.1507936507936507,0.1854199683042789,0.7225580215454102,966,169
